order_item_id,order_id,product_id,quantity,unit_price,unit_cost,discount_pct,return_reason,stockout_flag
O000001-1,O000001,P002,2,120.53,78.28,0.1,,0
O000002-1,O000002,P014,5,100.54,57.99,0,,0
O000003-1,O000003,P018,2,294.41,187.22,0,Damaged,1
O000004-1,O000004,P032,1,45.76,24.77,0.1,,0
O000005-1,O000005,P034,1,25.32,14.75,0.05,,0
O000006-1,O000006,P011,3,416.54,268.27,0.05,,0
O000007-1,O000007,P032,1,45.76,24.77,0.2,,0
O000008-1,O000008,P030,1,46.94,28.34,0.05,,1
O000008-2,O000008,P008,2,253.51,162.28,0.15,,1
O000009-1,O000009,P034,1,25.32,14.75,0,,1
O000009-2,O000009,P029,1,62.03,33.59,0,,0
O000010-1,O000010,P034,1,25.32,14.75,0,,0
O000010-2,O000010,P011,2,416.54,268.27,0,,0
O000011-1,O000011,P024,1,104.96,63.45,0.05,,0
O000012-1,O000012,P039,1,49.57,31.45,0.1,,0
O000012-2,O000012,P023,1,195.53,117.52,0.05,,0
O000013-1,O000013,P044,1,134.21,77.33,0.1,,0
O000013-2,O000013,P005,2,183.5,123.78,0.05,,0
O000013-3,O000013,P006,2,244.45,154.75,0,,0
O000014-1,O000014,P035,1,41.88,25.54,0.05,,0
O000014-2,O000014,P036,2,35.45,21.49,0,,0
O000015-1,O000015,P010,3,60.45,40.54,0.1,,0
O000016-1,O000016,P035,2,41.88,25.54,0.05,,0
O000016-2,O000016,P048,1,87.18,54.6,0,,0
O000017-1,O000017,P028,2,54.22,32.4,0.1,,0
O000018-1,O000018,P023,1,195.53,117.52,0.15,,0
O000019-1,O000019,P032,1,45.76,24.77,0.1,,0
O000019-2,O000019,P046,2,180.61,102.64,0.15,,0
O000019-3,O000019,P024,2,104.96,63.45,0,,0
O000019-4,O000019,P044,1,134.21,77.33,0.2,,0
O000020-1,O000020,P032,1,45.76,24.77,0.2,,0
O000020-2,O000020,P037,1,81.55,51.15,0.1,,0
O000020-3,O000020,P016,1,630.9,390.58,0.05,,0
O000020-4,O000020,P017,3,198.78,124.13,0.1,,0
O000021-1,O000021,P048,5,87.18,54.6,0.05,,0
O000021-2,O000021,P012,1,414.28,288.7,0.1,,0
O000022-1,O000022,P035,1,41.88,25.54,0.2,,0
O000022-2,O000022,P048,1,87.18,54.6,0.1,,0
O000022-3,O000022,P010,3,60.45,40.54,0.05,,0
O000023-1,O000023,P017,1,198.78,124.13,0,,0
O000023-2,O000023,P007,1,85.33,56.95,0,,0
O000023-3,O000023,P003,2,139.72,94.93,0,,0
O000024-1,O000024,P036,1,35.45,21.49,0.15,,0
O000024-2,O000024,P004,2,400.96,266.15,0,,0
O000025-1,O000025,P036,1,35.45,21.49,0.05,,0
O000026-1,O000026,P034,2,25.32,14.75,0,,0
O000027-1,O000027,P021,1,221.99,142.61,0.1,Damaged,0
O000027-2,O000027,P043,1,205.47,129.67,0,Arrived late,0
O000028-1,O000028,P012,2,414.28,288.7,0.2,,0
O000028-2,O000028,P008,1,253.51,162.28,0.2,,0
O000029-1,O000029,P019,1,539.67,317.29,0,,0
O000029-2,O000029,P035,1,41.88,25.54,0,,0
O000029-3,O000029,P016,1,630.9,390.58,0.15,,0
O000030-1,O000030,P040,1,195.87,114.95,0.15000000000000002,,0
O000031-1,O000031,P022,5,568.95,369.55,0,Not as described,0
O000032-1,O000032,P028,1,54.22,32.4,0.05,,1
O000032-2,O000032,P015,5,168.09,101.78,0.1,,1
O000033-1,O000033,P038,3,152.06,96.3,0,,0
O000034-1,O000034,P030,2,46.94,28.34,0.05,,0
O000035-1,O000035,P006,2,244.45,154.75,0,,0
O000035-2,O000035,P023,3,195.53,117.52,0,,0
O000036-1,O000036,P023,3,195.53,117.52,0.05,Not as described,0
O000037-1,O000037,P027,1,42.25,24.81,0.05,Damaged,0
O000038-1,O000038,P028,1,54.22,32.4,0.05,,0
O000039-1,O000039,P038,1,152.06,96.3,0,,0
O000039-2,O000039,P041,2,78.7,44.75,0.1,,0
O000040-1,O000040,P047,1,142.37,88.8,0.05,,0
O000040-2,O000040,P007,1,85.33,56.95,0,,0
O000041-1,O000041,P034,2,25.32,14.75,0,,0
O000041-2,O000041,P021,1,221.99,142.61,0.05,,0
O000041-3,O000041,P013,1,418.01,238.98,0.05,,0
O000042-1,O000042,P041,2,78.7,44.75,0,,0
O000043-1,O000043,P004,1,400.96,266.15,0,,0
O000043-2,O000043,P009,1,296.73,204.62,0.2,,0
O000044-1,O000044,P018,2,294.41,187.22,0,Not as described,0
O000045-1,O000045,P011,1,416.54,268.27,0.2,,0
O000045-2,O000045,P027,2,42.25,24.81,0.05,,0
O000046-1,O000046,P036,3,35.45,21.49,0.1,,0
O000047-1,O000047,P002,1,120.53,78.28,0,,0
O000048-1,O000048,P015,1,168.09,101.78,0.2,,0
O000048-2,O000048,P026,1,26.84,15.28,0,,0
O000049-1,O000049,P005,4,183.5,123.78,0.15,,0
O000050-1,O000050,P033,2,75.25,44.42,0.05,,0
O000050-2,O000050,P040,2,195.87,114.95,0.1,,0
O000050-3,O000050,P023,3,195.53,117.52,0,,0
O000051-1,O000051,P041,4,78.7,44.75,0.15000000000000002,,0
O000052-1,O000052,P010,1,60.45,40.54,0.05,,0
O000053-1,O000053,P043,3,205.47,129.67,0.05,,0
O000054-1,O000054,P003,1,139.72,94.93,0.1,,0
O000055-1,O000055,P008,2,253.51,162.28,0.1,,1
O000056-1,O000056,P038,3,152.06,96.3,0.1,,0
O000056-2,O000056,P044,4,134.21,77.33,0,,0
O000057-1,O000057,P035,2,41.88,25.54,0.05,,0
O000057-2,O000057,P002,1,120.53,78.28,0.15,,0
O000057-3,O000057,P004,2,400.96,266.15,0,,0
O000058-1,O000058,P027,1,42.25,24.81,0.05,,0
O000058-2,O000058,P016,1,630.9,390.58,0,,0
O000059-1,O000059,P009,1,296.73,204.62,0.15000000000000002,,0
O000059-2,O000059,P039,2,49.57,31.45,0.1,,0
O000060-1,O000060,P014,1,100.54,57.99,0.1,,0
O000061-1,O000061,P002,1,120.53,78.28,0,Arrived late,0
O000061-2,O000061,P024,3,104.96,63.45,0,Not as described,0
O000062-1,O000062,P012,2,414.28,288.7,0.05,,0
O000062-2,O000062,P028,1,54.22,32.4,0.05,,0
O000062-3,O000062,P036,1,35.45,21.49,0.05,,0
O000063-1,O000063,P003,1,139.72,94.93,0.05,Changed mind,0
O000063-2,O000063,P028,1,54.22,32.4,0.2,Not as described,0
O000064-1,O000064,P042,1,180.79,114.47,0.05,,0
O000065-1,O000065,P021,1,221.99,142.61,0.15,,0
O000065-2,O000065,P003,1,139.72,94.93,0.1,,0
O000066-1,O000066,P033,1,75.25,44.42,0.2,,0
O000067-1,O000067,P019,1,539.67,317.29,0.05,,0
O000068-1,O000068,P031,1,8.72,4.67,0.2,,0
O000069-1,O000069,P017,2,198.78,124.13,0.2,Arrived late,0
O000069-2,O000069,P013,1,418.01,238.98,0.05,Changed mind,0
O000070-1,O000070,P008,1,253.51,162.28,0,,0
O000071-1,O000071,P016,1,630.9,390.58,0.05,,0
O000072-1,O000072,P036,1,35.45,21.49,0,,0
O000072-2,O000072,P031,1,8.72,4.67,0.1,,0
O000073-1,O000073,P023,1,195.53,117.52,0.15000000000000002,,0
O000073-2,O000073,P045,2,147.73,93.9,0.15000000000000002,,0
O000074-1,O000074,P015,1,168.09,101.78,0.2,,0
O000075-1,O000075,P022,1,568.95,369.55,0,,0
O000076-1,O000076,P024,3,104.96,63.45,0,,0
O000077-1,O000077,P017,1,198.78,124.13,0,,0
O000078-1,O000078,P004,1,400.96,266.15,0.1,,0
O000078-2,O000078,P018,1,294.41,187.22,0.1,,0
O000079-1,O000079,P026,1,26.84,15.28,0.05,,0
O000080-1,O000080,P034,1,25.32,14.75,0.1,,0
O000080-2,O000080,P033,2,75.25,44.42,0.05,,0
O000081-1,O000081,P008,1,253.51,162.28,0.05,,0
O000082-1,O000082,P037,1,81.55,51.15,0,,0
O000083-1,O000083,P004,1,400.96,266.15,0,,0
O000083-2,O000083,P006,1,244.45,154.75,0.1,,0
O000084-1,O000084,P003,3,139.72,94.93,0,,0
O000085-1,O000085,P012,2,414.28,288.7,0.2,,0
O000086-1,O000086,P027,3,42.25,24.81,0,,0
O000087-1,O000087,P009,1,296.73,204.62,0.2,,0
O000088-1,O000088,P009,1,296.73,204.62,0.1,,0
O000088-2,O000088,P028,1,54.22,32.4,0.05,,0
O000089-1,O000089,P045,1,147.73,93.9,0.05,,0
O000089-2,O000089,P009,1,296.73,204.62,0.05,,0
O000090-1,O000090,P048,5,87.18,54.6,0.1,,0
O000090-2,O000090,P014,2,100.54,57.99,0.1,,0
O000091-1,O000091,P040,2,195.87,114.95,0.2,,0
O000091-2,O000091,P038,1,152.06,96.3,0,,0
O000092-1,O000092,P008,2,253.51,162.28,0.05,,0
O000093-1,O000093,P005,1,183.5,123.78,0.05,,0
O000094-1,O000094,P016,2,630.9,390.58,0.15000000000000002,,0
O000094-2,O000094,P030,1,46.94,28.34,0.05,,0
O000095-1,O000095,P012,1,414.28,288.7,0,,0
O000095-2,O000095,P034,3,25.32,14.75,0.05,,0
O000096-1,O000096,P007,1,85.33,56.95,0.05,,0
O000096-2,O000096,P039,1,49.57,31.45,0.2,,0
O000096-3,O000096,P036,1,35.45,21.49,0.15000000000000002,,0
O000096-4,O000096,P013,1,418.01,238.98,0.05,,0
O000097-1,O000097,P016,1,630.9,390.58,0,,0
O000097-2,O000097,P043,1,205.47,129.67,0.1,,0
O000098-1,O000098,P007,1,85.33,56.95,0,,0
O000099-1,O000099,P012,1,414.28,288.7,0.05,Arrived late,0
O000099-2,O000099,P024,1,104.96,63.45,0.05,Changed mind,0
O000100-1,O000100,P019,1,539.67,317.29,0.05,,0
O000100-2,O000100,P009,1,296.73,204.62,0.05,,0
O000100-3,O000100,P010,2,60.45,40.54,0.1,,0
O000101-1,O000101,P038,1,152.06,96.3,0,,0
O000102-1,O000102,P014,1,100.54,57.99,0.05,,0
O000102-2,O000102,P048,3,87.18,54.6,0.2,,1
O000103-1,O000103,P029,1,62.03,33.59,0.05,,0
O000103-2,O000103,P038,1,152.06,96.3,0.2,,0
O000103-3,O000103,P041,1,78.7,44.75,0.05,,0
O000103-4,O000103,P045,1,147.73,93.9,0.05,,0
O000104-1,O000104,P026,1,26.84,15.28,0,,0
O000104-2,O000104,P039,1,49.57,31.45,0,,0
O000104-3,O000104,P034,2,25.32,14.75,0.05,,0
O000104-4,O000104,P004,1,400.96,266.15,0,,0
O000105-1,O000105,P034,1,25.32,14.75,0.05,,0
O000106-1,O000106,P016,1,630.9,390.58,0.05,Damaged,0
O000107-1,O000107,P003,1,139.72,94.93,0.1,,0
O000108-1,O000108,P010,4,60.45,40.54,0.05,,0
O000109-1,O000109,P023,3,195.53,117.52,0.2,,1
O000109-2,O000109,P038,3,152.06,96.3,0.1,,0
O000109-3,O000109,P019,1,539.67,317.29,0.15000000000000002,,0
O000110-1,O000110,P035,4,41.88,25.54,0.2,,0
O000110-2,O000110,P003,2,139.72,94.93,0.05,,0
O000111-1,O000111,P024,5,104.96,63.45,0.15,,0
O000111-2,O000111,P008,1,253.51,162.28,0.15,,0
O000112-1,O000112,P005,1,183.5,123.78,0.15000000000000002,,0
O000113-1,O000113,P035,3,41.88,25.54,0.2,,0
O000113-2,O000113,P018,1,294.41,187.22,0.1,,0
O000114-1,O000114,P011,1,416.54,268.27,0.2,,0
O000115-1,O000115,P018,1,294.41,187.22,0.15000000000000002,,0
O000116-1,O000116,P027,1,42.25,24.81,0.2,,0
O000116-2,O000116,P037,1,81.55,51.15,0.1,,0
O000116-3,O000116,P046,2,180.61,102.64,0.1,,1
O000117-1,O000117,P041,2,78.7,44.75,0,,0
O000118-1,O000118,P046,4,180.61,102.64,0.05,,0
O000118-2,O000118,P028,1,54.22,32.4,0.05,,0
O000119-1,O000119,P005,2,183.5,123.78,0.05,,0
O000119-2,O000119,P006,2,244.45,154.75,0,,0
O000120-1,O000120,P030,4,46.94,28.34,0.05,,0
O000121-1,O000121,P043,4,205.47,129.67,0,,0
O000122-1,O000122,P035,2,41.88,25.54,0.1,,0
O000122-2,O000122,P003,1,139.72,94.93,0,,0
O000122-3,O000122,P006,1,244.45,154.75,0.1,,0
O000123-1,O000123,P009,2,296.73,204.62,0.15,Not as described,0
O000123-2,O000123,P021,1,221.99,142.61,0,Damaged,0
O000124-1,O000124,P001,1,214.49,142.19,0.05,,0
O000125-1,O000125,P041,1,78.7,44.75,0.05,,0
O000125-2,O000125,P026,1,26.84,15.28,0.1,,0
O000126-1,O000126,P047,2,142.37,88.8,0.2,Not as described,0
O000126-2,O000126,P024,3,104.96,63.45,0,Wrong item,0
O000127-1,O000127,P003,3,139.72,94.93,0.1,,0
O000128-1,O000128,P009,1,296.73,204.62,0,,0
O000128-2,O000128,P036,1,35.45,21.49,0,,0
O000128-3,O000128,P006,1,244.45,154.75,0.1,,0
O000129-1,O000129,P043,1,205.47,129.67,0,,0
O000129-2,O000129,P016,1,630.9,390.58,0,,0
O000129-3,O000129,P038,4,152.06,96.3,0,,0
O000130-1,O000130,P037,2,81.55,51.15,0,,0
O000131-1,O000131,P036,2,35.45,21.49,0,,0
O000132-1,O000132,P018,3,294.41,187.22,0,,0
O000132-2,O000132,P012,1,414.28,288.7,0,,0
O000133-1,O000133,P027,1,42.25,24.81,0.1,,0
O000134-1,O000134,P029,1,62.03,33.59,0.05,,0
O000134-2,O000134,P007,1,85.33,56.95,0.1,,0
O000135-1,O000135,P009,4,296.73,204.62,0.2,,0
O000136-1,O000136,P014,2,100.54,57.99,0.1,,0
O000136-2,O000136,P021,1,221.99,142.61,0.2,,0
O000137-1,O000137,P020,1,151.49,90.09,0.05,,0
O000137-2,O000137,P025,1,71.76,42.18,0.15,,1
O000138-1,O000138,P026,2,26.84,15.28,0,,0
O000139-1,O000139,P048,2,87.18,54.6,0.1,,0
O000139-2,O000139,P003,1,139.72,94.93,0.2,,0
O000139-3,O000139,P010,1,60.45,40.54,0.05,,0
O000140-1,O000140,P014,1,100.54,57.99,0.05,,0
O000140-2,O000140,P028,2,54.22,32.4,0.05,,0
O000141-1,O000141,P003,3,139.72,94.93,0.1,,0
O000142-1,O000142,P009,1,296.73,204.62,0,,0
O000142-2,O000142,P016,4,630.9,390.58,0.2,,0
O000143-1,O000143,P021,2,221.99,142.61,0.1,Arrived late,0
O000144-1,O000144,P037,2,81.55,51.15,0.1,,0
O000144-2,O000144,P039,1,49.57,31.45,0.2,,0
O000144-3,O000144,P040,1,195.87,114.95,0.1,,1
O000145-1,O000145,P007,1,85.33,56.95,0.05,,0
O000146-1,O000146,P032,1,45.76,24.77,0,,0
O000147-1,O000147,P029,1,62.03,33.59,0.1,,0
O000147-2,O000147,P035,2,41.88,25.54,0.15,,0
O000148-1,O000148,P029,2,62.03,33.59,0.05,,0
O000149-1,O000149,P041,2,78.7,44.75,0,,0
O000149-2,O000149,P046,1,180.61,102.64,0,,0
O000149-3,O000149,P004,1,400.96,266.15,0.15,,0
O000150-1,O000150,P025,2,71.76,42.18,0.05,,0
O000150-2,O000150,P011,2,416.54,268.27,0.1,,1
O000151-1,O000151,P029,1,62.03,33.59,0,,0
O000151-2,O000151,P023,1,195.53,117.52,0.1,,0
O000152-1,O000152,P040,1,195.87,114.95,0,,0
O000152-2,O000152,P048,1,87.18,54.6,0.05,,0
O000153-1,O000153,P040,1,195.87,114.95,0.05,,0
O000153-2,O000153,P031,2,8.72,4.67,0.05,,0
O000154-1,O000154,P007,4,85.33,56.95,0.15,,0
O000154-2,O000154,P011,2,416.54,268.27,0,,0
O000155-1,O000155,P017,3,198.78,124.13,0.05,,0
O000155-2,O000155,P004,1,400.96,266.15,0.05,,0
O000156-1,O000156,P003,2,139.72,94.93,0.05,,0
O000156-2,O000156,P015,3,168.09,101.78,0.05,,0
O000157-1,O000157,P042,2,180.79,114.47,0.1,,0
O000158-1,O000158,P039,1,49.57,31.45,0.15000000000000002,,0
O000158-2,O000158,P025,3,71.76,42.18,0.15000000000000002,,0
O000159-1,O000159,P037,2,81.55,51.15,0.1,,0
O000159-2,O000159,P036,1,35.45,21.49,0,,0
O000159-3,O000159,P005,2,183.5,123.78,0,,0
O000160-1,O000160,P013,1,418.01,238.98,0.1,,0
O000161-1,O000161,P027,1,42.25,24.81,0,,0
O000161-2,O000161,P012,2,414.28,288.7,0.2,,0
O000161-3,O000161,P025,3,71.76,42.18,0.05,,0
O000161-4,O000161,P005,2,183.5,123.78,0,,0
O000162-1,O000162,P043,3,205.47,129.67,0.05,,0
O000163-1,O000163,P025,1,71.76,42.18,0.05,,0
O000164-1,O000164,P012,3,414.28,288.7,0,,0
O000165-1,O000165,P031,1,8.72,4.67,0.05,,0
O000166-1,O000166,P047,1,142.37,88.8,0.05,,0
O000167-1,O000167,P037,3,81.55,51.15,0,,0
O000168-1,O000168,P018,1,294.41,187.22,0.2,,0
O000169-1,O000169,P033,2,75.25,44.42,0,Changed mind,0
O000169-2,O000169,P020,1,151.49,90.09,0,Not as described,0
O000169-3,O000169,P026,2,26.84,15.28,0.15,Wrong item,0
O000170-1,O000170,P032,1,45.76,24.77,0.1,,0
O000170-2,O000170,P005,1,183.5,123.78,0.1,,1
O000170-3,O000170,P046,1,180.61,102.64,0.05,,0
O000171-1,O000171,P036,1,35.45,21.49,0,,0
O000171-2,O000171,P031,1,8.72,4.67,0,,0
O000172-1,O000172,P031,1,8.72,4.67,0.1,,0
O000172-2,O000172,P048,1,87.18,54.6,0.05,,0
O000172-3,O000172,P030,1,46.94,28.34,0.2,,0
O000172-4,O000172,P044,1,134.21,77.33,0.1,,0
O000173-1,O000173,P026,1,26.84,15.28,0,,0
O000174-1,O000174,P019,3,539.67,317.29,0,,0
O000174-2,O000174,P025,2,71.76,42.18,0.2,,0
O000175-1,O000175,P036,1,35.45,21.49,0,,0
O000176-1,O000176,P043,3,205.47,129.67,0.05,,0
O000177-1,O000177,P038,1,152.06,96.3,0.2,,0
O000178-1,O000178,P043,1,205.47,129.67,0.05,,0
O000178-2,O000178,P013,3,418.01,238.98,0.15,,1
O000179-1,O000179,P009,1,296.73,204.62,0.1,,0
O000179-2,O000179,P042,5,180.79,114.47,0,,0
O000179-3,O000179,P029,1,62.03,33.59,0,,0
O000180-1,O000180,P044,2,134.21,77.33,0.1,,0
O000181-1,O000181,P004,1,400.96,266.15,0,,0
O000181-2,O000181,P042,3,180.79,114.47,0,,0
O000182-1,O000182,P032,2,45.76,24.77,0.05,,0
O000183-1,O000183,P038,1,152.06,96.3,0.05,,0
O000183-2,O000183,P025,1,71.76,42.18,0.1,,0
O000184-1,O000184,P006,1,244.45,154.75,0,,0
O000185-1,O000185,P016,3,630.9,390.58,0.1,,0
O000185-2,O000185,P014,1,100.54,57.99,0.05,,0
O000186-1,O000186,P033,1,75.25,44.42,0,,0
O000186-2,O000186,P040,2,195.87,114.95,0.1,,0
O000187-1,O000187,P042,4,180.79,114.47,0.15,,0
O000187-2,O000187,P014,1,100.54,57.99,0.1,,0
O000188-1,O000188,P031,1,8.72,4.67,0.1,,0
O000188-2,O000188,P029,1,62.03,33.59,0.15000000000000002,,0
O000189-1,O000189,P028,2,54.22,32.4,0.1,,0
O000190-1,O000190,P039,3,49.57,31.45,0,,0
O000190-2,O000190,P004,1,400.96,266.15,0,,0
O000190-3,O000190,P010,1,60.45,40.54,0.1,,0
O000190-4,O000190,P035,2,41.88,25.54,0.2,,0
O000191-1,O000191,P008,1,253.51,162.28,0,,0
O000192-1,O000192,P011,1,416.54,268.27,0,,0
O000192-2,O000192,P026,1,26.84,15.28,0,,0
O000193-1,O000193,P024,4,104.96,63.45,0.15000000000000002,,0
O000193-2,O000193,P044,3,134.21,77.33,0.05,,0
O000194-1,O000194,P048,3,87.18,54.6,0.05,,0
O000194-2,O000194,P007,2,85.33,56.95,0.1,,0
O000195-1,O000195,P014,3,100.54,57.99,0.05,,0
O000196-1,O000196,P036,1,35.45,21.49,0.05,,0
O000197-1,O000197,P032,1,45.76,24.77,0,,0
O000198-1,O000198,P018,3,294.41,187.22,0.1,,0
O000199-1,O000199,P035,2,41.88,25.54,0,,0
O000200-1,O000200,P015,1,168.09,101.78,0.05,,0
O000200-2,O000200,P006,1,244.45,154.75,0,,0
O000200-3,O000200,P008,1,253.51,162.28,0,,0
O000201-1,O000201,P042,1,180.79,114.47,0.1,,0
O000201-2,O000201,P045,1,147.73,93.9,0.1,,0
O000202-1,O000202,P031,1,8.72,4.67,0,,0
O000203-1,O000203,P012,5,414.28,288.7,0.1,,0
O000204-1,O000204,P007,2,85.33,56.95,0.05,Damaged,0
O000204-2,O000204,P006,1,244.45,154.75,0.1,Wrong item,0
O000205-1,O000205,P035,1,41.88,25.54,0.1,,0
O000206-1,O000206,P022,1,568.95,369.55,0,,0
O000206-2,O000206,P018,1,294.41,187.22,0,,0
O000206-3,O000206,P045,2,147.73,93.9,0,,0
O000206-4,O000206,P019,1,539.67,317.29,0,,0
O000207-1,O000207,P023,2,195.53,117.52,0,,0
O000208-1,O000208,P013,1,418.01,238.98,0,,0
O000208-2,O000208,P011,1,416.54,268.27,0.1,,0
O000209-1,O000209,P005,1,183.5,123.78,0.05,,1
O000209-2,O000209,P010,1,60.45,40.54,0.15,,0
O000209-3,O000209,P039,2,49.57,31.45,0.05,,0
O000210-1,O000210,P035,1,41.88,25.54,0.15000000000000002,,0
O000211-1,O000211,P036,1,35.45,21.49,0.1,,0
O000212-1,O000212,P047,1,142.37,88.8,0,,0
O000213-1,O000213,P046,1,180.61,102.64,0.05,,0
O000214-1,O000214,P026,1,26.84,15.28,0.1,,0
O000214-2,O000214,P024,1,104.96,63.45,0.15000000000000002,,0
O000215-1,O000215,P031,4,8.72,4.67,0,,0
O000215-2,O000215,P002,1,120.53,78.28,0.2,,0
O000216-1,O000216,P044,2,134.21,77.33,0.05,,0
O000217-1,O000217,P022,1,568.95,369.55,0.2,,0
O000218-1,O000218,P048,1,87.18,54.6,0.2,,0
O000218-2,O000218,P030,1,46.94,28.34,0,,0
O000219-1,O000219,P041,2,78.7,44.75,0.1,,0
O000220-1,O000220,P008,3,253.51,162.28,0.1,,0
O000221-1,O000221,P025,1,71.76,42.18,0.05,,0
O000222-1,O000222,P044,3,134.21,77.33,0,,0
O000222-2,O000222,P002,1,120.53,78.28,0.1,,0
O000222-3,O000222,P024,1,104.96,63.45,0,,0
O000223-1,O000223,P010,3,60.45,40.54,0,,0
O000223-2,O000223,P033,1,75.25,44.42,0,,0
O000223-3,O000223,P003,1,139.72,94.93,0,,0
O000224-1,O000224,P046,2,180.61,102.64,0,,0
O000224-2,O000224,P023,1,195.53,117.52,0,,0
O000224-3,O000224,P021,4,221.99,142.61,0.1,,0
O000225-1,O000225,P047,2,142.37,88.8,0.05,,1
O000225-2,O000225,P028,1,54.22,32.4,0.2,,0
O000226-1,O000226,P012,3,414.28,288.7,0.05,,0
O000227-1,O000227,P011,1,416.54,268.27,0.15,,0
O000227-2,O000227,P026,1,26.84,15.28,0,,0
O000228-1,O000228,P009,2,296.73,204.62,0,,0
O000229-1,O000229,P047,1,142.37,88.8,0,,0
O000229-2,O000229,P035,3,41.88,25.54,0,,0
O000230-1,O000230,P047,1,142.37,88.8,0.05,,0
O000231-1,O000231,P028,5,54.22,32.4,0.1,,0
O000232-1,O000232,P016,2,630.9,390.58,0.05,,0
O000232-2,O000232,P007,1,85.33,56.95,0,,0
O000233-1,O000233,P040,1,195.87,114.95,0.1,,0
O000234-1,O000234,P043,2,205.47,129.67,0.15,,0
O000234-2,O000234,P001,1,214.49,142.19,0,,0
O000235-1,O000235,P037,1,81.55,51.15,0.05,,0
O000236-1,O000236,P047,4,142.37,88.8,0.1,,0
O000236-2,O000236,P001,1,214.49,142.19,0,,0
O000236-3,O000236,P023,2,195.53,117.52,0,,0
O000237-1,O000237,P017,5,198.78,124.13,0,,0
O000238-1,O000238,P046,2,180.61,102.64,0.05,Damaged,0
O000239-1,O000239,P015,3,168.09,101.78,0.2,Not as described,0
O000240-1,O000240,P028,1,54.22,32.4,0.05,,0
O000241-1,O000241,P033,1,75.25,44.42,0.1,,0
O000241-2,O000241,P021,2,221.99,142.61,0.05,,0
O000241-3,O000241,P018,1,294.41,187.22,0.1,,0
O000242-1,O000242,P007,1,85.33,56.95,0.05,,0
O000242-2,O000242,P014,2,100.54,57.99,0.15000000000000002,,0
O000243-1,O000243,P022,4,568.95,369.55,0.05,,0
O000243-2,O000243,P016,1,630.9,390.58,0,,1
O000244-1,O000244,P026,3,26.84,15.28,0.05,,0
O000244-2,O000244,P003,1,139.72,94.93,0.05,,0
O000245-1,O000245,P028,3,54.22,32.4,0,,0
O000245-2,O000245,P006,4,244.45,154.75,0,,0
O000246-1,O000246,P036,5,35.45,21.49,0,,0
O000247-1,O000247,P014,2,100.54,57.99,0.05,,0
O000247-2,O000247,P012,3,414.28,288.7,0,,0
O000248-1,O000248,P034,1,25.32,14.75,0.1,Damaged,0
O000248-2,O000248,P006,1,244.45,154.75,0.1,Wrong item,0
O000249-1,O000249,P016,3,630.9,390.58,0.2,,0
O000249-2,O000249,P033,1,75.25,44.42,0.1,,0
O000249-3,O000249,P047,1,142.37,88.8,0.1,,0
O000250-1,O000250,P045,1,147.73,93.9,0.15000000000000002,,0
O000251-1,O000251,P033,1,75.25,44.42,0,,0
O000252-1,O000252,P029,1,62.03,33.59,0.1,,0
O000253-1,O000253,P008,1,253.51,162.28,0.05,,0
O000254-1,O000254,P037,1,81.55,51.15,0.05,,0
O000254-2,O000254,P007,1,85.33,56.95,0.05,,0
O000255-1,O000255,P042,2,180.79,114.47,0.05,,0
O000256-1,O000256,P003,4,139.72,94.93,0.1,,0
O000257-1,O000257,P014,1,100.54,57.99,0.05,Wrong item,0
O000258-1,O000258,P015,1,168.09,101.78,0,,0
O000259-1,O000259,P024,1,104.96,63.45,0,,0
O000260-1,O000260,P035,1,41.88,25.54,0.2,,0
O000260-2,O000260,P026,1,26.84,15.28,0.15000000000000002,,0
O000260-3,O000260,P032,5,45.76,24.77,0.05,,0
O000260-4,O000260,P002,4,120.53,78.28,0.15000000000000002,,0
O000261-1,O000261,P031,1,8.72,4.67,0.1,,0
O000261-2,O000261,P044,1,134.21,77.33,0.15,,0
O000262-1,O000262,P025,1,71.76,42.18,0.1,,0
O000262-2,O000262,P028,3,54.22,32.4,0.15000000000000002,,0
O000263-1,O000263,P005,1,183.5,123.78,0.05,,0
O000264-1,O000264,P026,1,26.84,15.28,0.05,,0
O000265-1,O000265,P032,1,45.76,24.77,0.1,Damaged,0
O000265-2,O000265,P021,1,221.99,142.61,0.05,Not as described,0
O000266-1,O000266,P035,1,41.88,25.54,0.05,,0
O000267-1,O000267,P026,2,26.84,15.28,0,,0
O000268-1,O000268,P034,1,25.32,14.75,0.1,,0
O000269-1,O000269,P034,1,25.32,14.75,0.15,,0
O000270-1,O000270,P001,1,214.49,142.19,0.15,,0
O000270-2,O000270,P004,2,400.96,266.15,0,,0
O000270-3,O000270,P042,1,180.79,114.47,0.1,,0
O000271-1,O000271,P008,2,253.51,162.28,0.05,,0
O000271-2,O000271,P039,1,49.57,31.45,0.1,,0
O000271-3,O000271,P029,3,62.03,33.59,0.05,,0
O000272-1,O000272,P001,4,214.49,142.19,0,,0
O000273-1,O000273,P020,1,151.49,90.09,0,,0
O000274-1,O000274,P007,3,85.33,56.95,0.1,,0
O000274-2,O000274,P041,1,78.7,44.75,0,,0
O000275-1,O000275,P013,1,418.01,238.98,0.05,,0
O000276-1,O000276,P030,1,46.94,28.34,0.15,,0
O000277-1,O000277,P011,2,416.54,268.27,0.15,,0
O000277-2,O000277,P018,5,294.41,187.22,0.1,,0
O000278-1,O000278,P034,2,25.32,14.75,0,,0
O000279-1,O000279,P001,4,214.49,142.19,0.05,Wrong item,0
O000280-1,O000280,P001,1,214.49,142.19,0.1,,1
O000281-1,O000281,P044,3,134.21,77.33,0.1,,0
O000281-2,O000281,P007,2,85.33,56.95,0.1,,0
O000282-1,O000282,P043,1,205.47,129.67,0.1,,0
O000283-1,O000283,P012,4,414.28,288.7,0.15,,0
O000284-1,O000284,P038,1,152.06,96.3,0,,0
O000284-2,O000284,P029,2,62.03,33.59,0.1,,0
O000284-3,O000284,P025,1,71.76,42.18,0,,0
O000285-1,O000285,P004,2,400.96,266.15,0.05,,0
O000286-1,O000286,P008,2,253.51,162.28,0.1,,0
O000286-2,O000286,P005,5,183.5,123.78,0,,0
O000286-3,O000286,P046,1,180.61,102.64,0.05,,0
O000287-1,O000287,P042,1,180.79,114.47,0,,0
O000288-1,O000288,P023,1,195.53,117.52,0.1,Not as described,0
O000288-2,O000288,P027,1,42.25,24.81,0.05,Damaged,0
O000288-3,O000288,P048,3,87.18,54.6,0.1,Changed mind,0
O000288-4,O000288,P036,2,35.45,21.49,0,Not as described,0
O000289-1,O000289,P035,1,41.88,25.54,0.1,,0
O000289-2,O000289,P031,1,8.72,4.67,0,,0
O000290-1,O000290,P035,1,41.88,25.54,0,,0
O000290-2,O000290,P007,1,85.33,56.95,0.05,,0
O000290-3,O000290,P033,1,75.25,44.42,0,,0
O000290-4,O000290,P014,1,100.54,57.99,0.1,,0
O000291-1,O000291,P013,1,418.01,238.98,0,,1
O000292-1,O000292,P041,1,78.7,44.75,0,,0
O000293-1,O000293,P003,2,139.72,94.93,0.2,,0
O000294-1,O000294,P043,3,205.47,129.67,0.1,,0
O000295-1,O000295,P033,1,75.25,44.42,0,,0
O000296-1,O000296,P014,1,100.54,57.99,0.05,Damaged,0
O000297-1,O000297,P015,1,168.09,101.78,0,,0
O000297-2,O000297,P005,1,183.5,123.78,0,,0
O000298-1,O000298,P006,2,244.45,154.75,0,,0
O000299-1,O000299,P037,1,81.55,51.15,0.05,,0
O000299-2,O000299,P015,1,168.09,101.78,0.05,,0
O000299-3,O000299,P044,2,134.21,77.33,0.1,,0
O000300-1,O000300,P040,1,195.87,114.95,0.1,,0
O000301-1,O000301,P020,2,151.49,90.09,0.1,,0
O000302-1,O000302,P035,2,41.88,25.54,0,,0
O000302-2,O000302,P042,1,180.79,114.47,0.2,,0
O000302-3,O000302,P017,1,198.78,124.13,0.1,,0
O000303-1,O000303,P033,1,75.25,44.42,0.05,,0
O000304-1,O000304,P044,1,134.21,77.33,0.1,,0
O000305-1,O000305,P005,1,183.5,123.78,0.15,,0
O000306-1,O000306,P011,1,416.54,268.27,0.2,,0
O000307-1,O000307,P003,1,139.72,94.93,0,,0
O000308-1,O000308,P018,1,294.41,187.22,0.05,Damaged,0
O000309-1,O000309,P008,3,253.51,162.28,0.05,,0
O000310-1,O000310,P027,1,42.25,24.81,0,,0
O000311-1,O000311,P044,1,134.21,77.33,0.05,,0
O000311-2,O000311,P009,1,296.73,204.62,0,,0
O000311-3,O000311,P047,1,142.37,88.8,0.2,,0
O000312-1,O000312,P006,1,244.45,154.75,0,,0
O000312-2,O000312,P035,3,41.88,25.54,0.05,,0
O000312-3,O000312,P008,1,253.51,162.28,0,,0
O000313-1,O000313,P036,1,35.45,21.49,0.05,,0
O000313-2,O000313,P018,4,294.41,187.22,0.05,,0
O000313-3,O000313,P010,3,60.45,40.54,0.15000000000000002,,0
O000313-4,O000313,P007,2,85.33,56.95,0.05,,0
O000314-1,O000314,P037,2,81.55,51.15,0.2,,0
O000314-2,O000314,P042,4,180.79,114.47,0.05,,0
O000315-1,O000315,P003,1,139.72,94.93,0.05,,0
O000315-2,O000315,P035,1,41.88,25.54,0,,0
O000316-1,O000316,P020,1,151.49,90.09,0.2,,0
O000316-2,O000316,P018,2,294.41,187.22,0.2,,0
O000317-1,O000317,P046,2,180.61,102.64,0.15,,0
O000317-2,O000317,P021,3,221.99,142.61,0,,0
O000318-1,O000318,P025,2,71.76,42.18,0.1,,0
O000318-2,O000318,P015,1,168.09,101.78,0.1,,0
O000319-1,O000319,P011,2,416.54,268.27,0.05,,0
O000319-2,O000319,P038,1,152.06,96.3,0.1,,1
O000320-1,O000320,P040,3,195.87,114.95,0,,0
O000321-1,O000321,P040,1,195.87,114.95,0.1,,0
O000321-2,O000321,P009,2,296.73,204.62,0.1,,0
O000321-3,O000321,P026,3,26.84,15.28,0,,0
O000322-1,O000322,P032,3,45.76,24.77,0.15000000000000002,,0
O000322-2,O000322,P023,1,195.53,117.52,0.05,,0
O000322-3,O000322,P008,2,253.51,162.28,0.15000000000000002,,0
O000323-1,O000323,P032,2,45.76,24.77,0.2,,0
O000324-1,O000324,P047,2,142.37,88.8,0.05,,0
O000324-2,O000324,P032,2,45.76,24.77,0.05,,0
O000324-3,O000324,P012,5,414.28,288.7,0.05,,0
O000324-4,O000324,P030,1,46.94,28.34,0.1,,0
O000325-1,O000325,P047,4,142.37,88.8,0.1,,0
O000325-2,O000325,P031,1,8.72,4.67,0.05,,0
O000326-1,O000326,P043,2,205.47,129.67,0,,0
O000326-2,O000326,P018,3,294.41,187.22,0.1,,0
O000326-3,O000326,P011,1,416.54,268.27,0,,0
O000326-4,O000326,P008,1,253.51,162.28,0.15,,0
O000327-1,O000327,P033,1,75.25,44.42,0,,0
O000327-2,O000327,P027,1,42.25,24.81,0,,0
O000327-3,O000327,P021,2,221.99,142.61,0.1,,0
O000328-1,O000328,P035,1,41.88,25.54,0.15,,0
O000329-1,O000329,P015,2,168.09,101.78,0,Damaged,0
O000330-1,O000330,P014,1,100.54,57.99,0.1,Changed mind,0
O000331-1,O000331,P010,1,60.45,40.54,0,Changed mind,0
O000331-2,O000331,P032,4,45.76,24.77,0,Damaged,0
O000331-3,O000331,P013,1,418.01,238.98,0.05,Damaged,0
O000332-1,O000332,P044,1,134.21,77.33,0,,1
O000332-2,O000332,P001,2,214.49,142.19,0,,0
O000332-3,O000332,P042,1,180.79,114.47,0.1,,0
O000333-1,O000333,P002,1,120.53,78.28,0,,0
O000334-1,O000334,P032,3,45.76,24.77,0.05,,0
O000334-2,O000334,P029,2,62.03,33.59,0,,0
O000334-3,O000334,P006,4,244.45,154.75,0.1,,0
O000335-1,O000335,P033,3,75.25,44.42,0.05,,0
O000335-2,O000335,P002,2,120.53,78.28,0,,0
O000336-1,O000336,P029,1,62.03,33.59,0,,0
O000337-1,O000337,P016,3,630.9,390.58,0.15,,0
O000338-1,O000338,P036,1,35.45,21.49,0.05,,0
O000339-1,O000339,P035,1,41.88,25.54,0.05,,0
O000339-2,O000339,P018,2,294.41,187.22,0,,0
O000340-1,O000340,P018,1,294.41,187.22,0.05,,0
O000341-1,O000341,P007,1,85.33,56.95,0,,0
O000342-1,O000342,P042,1,180.79,114.47,0,,0
O000343-1,O000343,P010,1,60.45,40.54,0,,0
O000344-1,O000344,P025,1,71.76,42.18,0.05,,0
O000344-2,O000344,P029,2,62.03,33.59,0,,0
O000345-1,O000345,P009,2,296.73,204.62,0.1,,0
O000345-2,O000345,P044,3,134.21,77.33,0,,0
O000346-1,O000346,P037,1,81.55,51.15,0.1,,0
O000347-1,O000347,P048,1,87.18,54.6,0,,0
O000348-1,O000348,P004,1,400.96,266.15,0.05,,0
O000349-1,O000349,P021,1,221.99,142.61,0.1,,0
O000350-1,O000350,P011,2,416.54,268.27,0.15,,0
O000350-2,O000350,P012,1,414.28,288.7,0.05,,0
O000351-1,O000351,P015,1,168.09,101.78,0.05,,0
O000352-1,O000352,P013,1,418.01,238.98,0.05,,0
O000352-2,O000352,P042,2,180.79,114.47,0.2,,0
O000352-3,O000352,P038,2,152.06,96.3,0.1,,0
O000353-1,O000353,P016,1,630.9,390.58,0,Damaged,0
O000353-2,O000353,P003,1,139.72,94.93,0.1,Not as described,0
O000353-3,O000353,P024,5,104.96,63.45,0,Not as described,0
O000354-1,O000354,P036,4,35.45,21.49,0,,0
O000355-1,O000355,P027,2,42.25,24.81,0,,0
O000355-2,O000355,P019,2,539.67,317.29,0.05,,0
O000355-3,O000355,P029,2,62.03,33.59,0.1,,0
O000356-1,O000356,P001,2,214.49,142.19,0.05,,0
O000357-1,O000357,P014,1,100.54,57.99,0.15,,0
O000357-2,O000357,P030,1,46.94,28.34,0.05,,0
O000358-1,O000358,P005,1,183.5,123.78,0.1,,0
O000358-2,O000358,P040,1,195.87,114.95,0.2,,0
O000358-3,O000358,P045,1,147.73,93.9,0,,0
O000359-1,O000359,P004,2,400.96,266.15,0,,0
O000359-2,O000359,P030,1,46.94,28.34,0.1,,0
O000359-3,O000359,P047,3,142.37,88.8,0.1,,0
O000360-1,O000360,P002,3,120.53,78.28,0.15,,0
O000360-2,O000360,P009,1,296.73,204.62,0,,0
O000361-1,O000361,P014,1,100.54,57.99,0.2,,0
O000361-2,O000361,P001,2,214.49,142.19,0,,0
O000361-3,O000361,P002,1,120.53,78.28,0.05,,0
O000362-1,O000362,P036,1,35.45,21.49,0.15000000000000002,,0
O000362-2,O000362,P041,1,78.7,44.75,0.05,,0
O000362-3,O000362,P039,1,49.57,31.45,0.05,,0
O000362-4,O000362,P044,1,134.21,77.33,0.05,,0
O000363-1,O000363,P032,1,45.76,24.77,0,,0
O000364-1,O000364,P029,4,62.03,33.59,0.05,,0
O000365-1,O000365,P030,1,46.94,28.34,0.05,,0
O000365-2,O000365,P037,2,81.55,51.15,0.15000000000000002,,0
O000366-1,O000366,P021,1,221.99,142.61,0,,0
O000366-2,O000366,P025,1,71.76,42.18,0,,0
O000367-1,O000367,P023,2,195.53,117.52,0.15,,0
O000367-2,O000367,P004,2,400.96,266.15,0,,0
O000367-3,O000367,P017,1,198.78,124.13,0.15,,0
O000368-1,O000368,P012,1,414.28,288.7,0.05,,0
O000368-2,O000368,P020,1,151.49,90.09,0.15000000000000002,,0
O000369-1,O000369,P023,2,195.53,117.52,0.1,,0
O000369-2,O000369,P036,4,35.45,21.49,0.05,,0
O000370-1,O000370,P026,4,26.84,15.28,0.05,,0
O000370-2,O000370,P025,1,71.76,42.18,0,,0
O000371-1,O000371,P016,1,630.9,390.58,0.05,,0
O000372-1,O000372,P041,1,78.7,44.75,0.05,,0
O000373-1,O000373,P014,1,100.54,57.99,0.2,,0
O000374-1,O000374,P038,1,152.06,96.3,0,,0
O000374-2,O000374,P016,3,630.9,390.58,0,,0
O000375-1,O000375,P007,2,85.33,56.95,0.15,,0
O000375-2,O000375,P027,1,42.25,24.81,0,,0
O000376-1,O000376,P023,3,195.53,117.52,0.1,,0
O000376-2,O000376,P010,5,60.45,40.54,0,,0
O000376-3,O000376,P026,1,26.84,15.28,0.05,,0
O000376-4,O000376,P014,1,100.54,57.99,0.05,,0
O000377-1,O000377,P036,1,35.45,21.49,0,,0
O000378-1,O000378,P035,1,41.88,25.54,0.05,,0
O000378-2,O000378,P034,1,25.32,14.75,0.1,,0
O000378-3,O000378,P040,5,195.87,114.95,0.05,,0
O000378-4,O000378,P037,2,81.55,51.15,0,,0
O000379-1,O000379,P020,1,151.49,90.09,0,,0
O000380-1,O000380,P043,4,205.47,129.67,0.05,,0
O000380-2,O000380,P022,2,568.95,369.55,0.05,,1
O000380-3,O000380,P010,1,60.45,40.54,0.05,,0
O000381-1,O000381,P016,1,630.9,390.58,0.2,,0
O000381-2,O000381,P012,1,414.28,288.7,0,,0
O000382-1,O000382,P037,2,81.55,51.15,0,,0
O000383-1,O000383,P032,2,45.76,24.77,0.05,,0
O000383-2,O000383,P016,1,630.9,390.58,0.05,,0
O000384-1,O000384,P010,2,60.45,40.54,0,,0
O000385-1,O000385,P032,1,45.76,24.77,0.1,,0
O000386-1,O000386,P044,1,134.21,77.33,0,,0
O000387-1,O000387,P043,3,205.47,129.67,0.05,,0
O000388-1,O000388,P031,1,8.72,4.67,0.1,,0
O000388-2,O000388,P012,3,414.28,288.7,0.1,,0
O000389-1,O000389,P012,1,414.28,288.7,0.05,,0
O000389-2,O000389,P038,1,152.06,96.3,0.2,,0
O000390-1,O000390,P010,1,60.45,40.54,0.1,,0
O000390-2,O000390,P025,1,71.76,42.18,0,,0
O000390-3,O000390,P030,1,46.94,28.34,0,,0
O000391-1,O000391,P003,1,139.72,94.93,0,Not as described,0
O000391-2,O000391,P046,2,180.61,102.64,0,Arrived late,0
O000392-1,O000392,P034,1,25.32,14.75,0.15,,0
O000392-2,O000392,P035,1,41.88,25.54,0.15,,0
O000393-1,O000393,P035,2,41.88,25.54,0,,0
O000393-2,O000393,P026,2,26.84,15.28,0,,0
O000393-3,O000393,P003,1,139.72,94.93,0.1,,0
O000393-4,O000393,P011,1,416.54,268.27,0.2,,0
O000394-1,O000394,P027,1,42.25,24.81,0,,0
O000394-2,O000394,P019,1,539.67,317.29,0.1,,0
O000394-3,O000394,P041,1,78.7,44.75,0.1,,0
O000395-1,O000395,P029,1,62.03,33.59,0.15000000000000002,,0
O000395-2,O000395,P027,1,42.25,24.81,0.15000000000000002,,0
O000395-3,O000395,P035,1,41.88,25.54,0.15000000000000002,,0
O000396-1,O000396,P040,1,195.87,114.95,0.05,,0
O000397-1,O000397,P018,1,294.41,187.22,0,,0
O000398-1,O000398,P035,1,41.88,25.54,0.2,,0
O000399-1,O000399,P011,4,416.54,268.27,0.05,,0
O000399-2,O000399,P006,1,244.45,154.75,0.1,,0
O000400-1,O000400,P030,1,46.94,28.34,0.05,,0
O000400-2,O000400,P044,1,134.21,77.33,0.05,,0
O000400-3,O000400,P034,2,25.32,14.75,0.1,,1
O000401-1,O000401,P032,1,45.76,24.77,0.05,,0
O000402-1,O000402,P006,4,244.45,154.75,0.05,,0
O000402-2,O000402,P004,2,400.96,266.15,0.15000000000000002,,0
O000403-1,O000403,P045,1,147.73,93.9,0.1,,0
O000404-1,O000404,P029,2,62.03,33.59,0.05,,0
O000404-2,O000404,P007,1,85.33,56.95,0.05,,0
O000405-1,O000405,P017,1,198.78,124.13,0,,0
O000406-1,O000406,P022,1,568.95,369.55,0.05,,0
O000407-1,O000407,P025,1,71.76,42.18,0.2,,0
O000408-1,O000408,P013,2,418.01,238.98,0,,0
O000408-2,O000408,P045,2,147.73,93.9,0.05,,0
O000409-1,O000409,P035,4,41.88,25.54,0.15,,0
O000409-2,O000409,P029,3,62.03,33.59,0,,0
O000409-3,O000409,P007,3,85.33,56.95,0,,0
O000410-1,O000410,P041,1,78.7,44.75,0,,0
O000411-1,O000411,P037,3,81.55,51.15,0.05,,0
O000412-1,O000412,P040,1,195.87,114.95,0.2,,0
O000413-1,O000413,P014,1,100.54,57.99,0.05,,1
O000413-2,O000413,P012,1,414.28,288.7,0.2,,1
O000414-1,O000414,P006,2,244.45,154.75,0.1,,0
O000414-2,O000414,P041,1,78.7,44.75,0.1,,0
O000415-1,O000415,P009,1,296.73,204.62,0,,0
O000415-2,O000415,P043,1,205.47,129.67,0,,0
O000416-1,O000416,P016,1,630.9,390.58,0.05,,0
O000417-1,O000417,P002,1,120.53,78.28,0,,0
O000418-1,O000418,P010,1,60.45,40.54,0.1,,0
O000419-1,O000419,P010,1,60.45,40.54,0.15,,0
O000419-2,O000419,P029,3,62.03,33.59,0.05,,0
O000420-1,O000420,P013,1,418.01,238.98,0.05,,0
O000420-2,O000420,P035,2,41.88,25.54,0,,0
O000421-1,O000421,P012,1,414.28,288.7,0,,0
O000421-2,O000421,P030,5,46.94,28.34,0,,0
O000421-3,O000421,P025,3,71.76,42.18,0.2,,0
O000421-4,O000421,P013,1,418.01,238.98,0,,0
O000422-1,O000422,P045,1,147.73,93.9,0.05,,0
O000422-2,O000422,P036,1,35.45,21.49,0.2,,0
O000422-3,O000422,P044,1,134.21,77.33,0.2,,1
O000423-1,O000423,P041,1,78.7,44.75,0.05,,0
O000423-2,O000423,P034,2,25.32,14.75,0.1,,0
O000424-1,O000424,P038,5,152.06,96.3,0.15,,0
O000424-2,O000424,P008,2,253.51,162.28,0.05,,0
O000425-1,O000425,P041,5,78.7,44.75,0.1,,1
O000425-2,O000425,P038,1,152.06,96.3,0,,0
O000426-1,O000426,P013,1,418.01,238.98,0,,0
O000427-1,O000427,P004,1,400.96,266.15,0.05,,0
O000428-1,O000428,P022,1,568.95,369.55,0.1,,0
O000428-2,O000428,P020,3,151.49,90.09,0.15000000000000002,,0
O000429-1,O000429,P013,2,418.01,238.98,0.15000000000000002,,0
O000429-2,O000429,P009,2,296.73,204.62,0.05,,0
O000429-3,O000429,P030,1,46.94,28.34,0.05,,0
O000430-1,O000430,P025,3,71.76,42.18,0.15000000000000002,,0
O000430-2,O000430,P003,1,139.72,94.93,0.05,,0
O000430-3,O000430,P033,2,75.25,44.42,0.05,,0
O000431-1,O000431,P030,5,46.94,28.34,0.05,,0
O000432-1,O000432,P021,1,221.99,142.61,0.1,,0
O000433-1,O000433,P039,3,49.57,31.45,0.05,,0
O000434-1,O000434,P048,4,87.18,54.6,0,,0
O000434-2,O000434,P003,5,139.72,94.93,0.15,,0
O000435-1,O000435,P031,1,8.72,4.67,0.05,,0
O000436-1,O000436,P039,1,49.57,31.45,0.05,,0
O000437-1,O000437,P030,3,46.94,28.34,0,,0
O000438-1,O000438,P034,2,25.32,14.75,0.05,,0
O000439-1,O000439,P004,3,400.96,266.15,0.05,,0
O000440-1,O000440,P023,1,195.53,117.52,0.1,,0
O000440-2,O000440,P021,2,221.99,142.61,0,,0
O000440-3,O000440,P013,2,418.01,238.98,0,,0
O000441-1,O000441,P014,2,100.54,57.99,0,Arrived late,0
O000442-1,O000442,P014,5,100.54,57.99,0,,0
O000442-2,O000442,P007,1,85.33,56.95,0.2,,0
O000443-1,O000443,P033,2,75.25,44.42,0,,0
O000444-1,O000444,P018,2,294.41,187.22,0.1,,0
O000444-2,O000444,P007,2,85.33,56.95,0.2,,0
O000444-3,O000444,P032,1,45.76,24.77,0.1,,0
O000444-4,O000444,P043,4,205.47,129.67,0.1,,0
O000445-1,O000445,P011,2,416.54,268.27,0.1,,0
O000445-2,O000445,P022,2,568.95,369.55,0.05,,0
O000446-1,O000446,P038,1,152.06,96.3,0.05,,0
O000447-1,O000447,P046,1,180.61,102.64,0.05,,0
O000447-2,O000447,P007,1,85.33,56.95,0,,0
O000447-3,O000447,P044,1,134.21,77.33,0.05,,0
O000447-4,O000447,P024,1,104.96,63.45,0.05,,0
O000448-1,O000448,P036,2,35.45,21.49,0.05,Damaged,0
O000449-1,O000449,P046,2,180.61,102.64,0.15000000000000002,,0
O000449-2,O000449,P016,2,630.9,390.58,0.15000000000000002,,0
O000450-1,O000450,P032,4,45.76,24.77,0.05,,0
O000451-1,O000451,P035,1,41.88,25.54,0.15,Changed mind,0
O000451-2,O000451,P012,1,414.28,288.7,0.2,Not as described,0
O000452-1,O000452,P022,3,568.95,369.55,0.1,,0
O000452-2,O000452,P012,2,414.28,288.7,0.2,,0
O000453-1,O000453,P006,1,244.45,154.75,0,,0
O000454-1,O000454,P018,4,294.41,187.22,0.15000000000000002,,0
O000454-2,O000454,P002,2,120.53,78.28,0.2,,0
O000454-3,O000454,P043,4,205.47,129.67,0.15000000000000002,,0
O000455-1,O000455,P028,1,54.22,32.4,0.1,,0
O000456-1,O000456,P025,3,71.76,42.18,0,,0
O000457-1,O000457,P009,1,296.73,204.62,0,,1
O000458-1,O000458,P014,2,100.54,57.99,0.1,,0
O000458-2,O000458,P022,2,568.95,369.55,0.05,,0
O000459-1,O000459,P035,1,41.88,25.54,0.2,,0
O000460-1,O000460,P046,5,180.61,102.64,0.2,,0
O000461-1,O000461,P020,1,151.49,90.09,0.15,,0
O000461-2,O000461,P035,1,41.88,25.54,0.1,,0
O000462-1,O000462,P015,2,168.09,101.78,0.2,,0
O000462-2,O000462,P037,2,81.55,51.15,0.05,,0
O000463-1,O000463,P034,1,25.32,14.75,0.15,,0
O000463-2,O000463,P004,1,400.96,266.15,0,,0
O000463-3,O000463,P025,1,71.76,42.18,0,,0
O000463-4,O000463,P037,1,81.55,51.15,0.2,,0
O000464-1,O000464,P002,2,120.53,78.28,0.05,Wrong item,0
O000465-1,O000465,P042,2,180.79,114.47,0.15,,0
O000466-1,O000466,P011,1,416.54,268.27,0.1,,0
O000467-1,O000467,P027,1,42.25,24.81,0.05,,0
O000468-1,O000468,P035,3,41.88,25.54,0.1,,0
O000468-2,O000468,P043,2,205.47,129.67,0,,0
O000469-1,O000469,P047,1,142.37,88.8,0.2,,0
O000470-1,O000470,P013,1,418.01,238.98,0.05,,0
O000471-1,O000471,P036,1,35.45,21.49,0.05,,0
O000471-2,O000471,P007,1,85.33,56.95,0.05,,0
O000471-3,O000471,P045,3,147.73,93.9,0.05,,0
O000471-4,O000471,P046,1,180.61,102.64,0.15,,0
O000472-1,O000472,P008,1,253.51,162.28,0.1,,0
O000473-1,O000473,P007,1,85.33,56.95,0,,0
O000473-2,O000473,P008,1,253.51,162.28,0.05,,0
O000473-3,O000473,P048,1,87.18,54.6,0.05,,0
O000473-4,O000473,P029,2,62.03,33.59,0.05,,0
O000474-1,O000474,P048,1,87.18,54.6,0.15,,0
O000474-2,O000474,P004,3,400.96,266.15,0,,0
O000475-1,O000475,P011,1,416.54,268.27,0.05,,1
O000476-1,O000476,P009,1,296.73,204.62,0.05,,0
O000477-1,O000477,P044,2,134.21,77.33,0.15000000000000002,,0
O000477-2,O000477,P048,3,87.18,54.6,0.05,,1
O000478-1,O000478,P045,1,147.73,93.9,0.15,,0
O000478-2,O000478,P038,1,152.06,96.3,0.05,,0
O000478-3,O000478,P004,1,400.96,266.15,0.05,,0
O000479-1,O000479,P034,2,25.32,14.75,0.05,,0
O000479-2,O000479,P039,2,49.57,31.45,0,,0
O000480-1,O000480,P024,1,104.96,63.45,0,,0
O000480-2,O000480,P020,2,151.49,90.09,0.2,,0
O000481-1,O000481,P048,2,87.18,54.6,0,,0
O000482-1,O000482,P022,5,568.95,369.55,0,,0
O000483-1,O000483,P025,2,71.76,42.18,0.05,,0
O000483-2,O000483,P035,3,41.88,25.54,0.05,,0
O000484-1,O000484,P013,1,418.01,238.98,0,,0
O000485-1,O000485,P020,1,151.49,90.09,0.1,,0
O000485-2,O000485,P029,1,62.03,33.59,0,,0
O000485-3,O000485,P027,2,42.25,24.81,0.05,,0
O000486-1,O000486,P034,1,25.32,14.75,0.2,,0
O000487-1,O000487,P030,2,46.94,28.34,0.05,,0
O000487-2,O000487,P007,1,85.33,56.95,0.05,,0
O000488-1,O000488,P014,1,100.54,57.99,0.05,,0
O000489-1,O000489,P026,1,26.84,15.28,0,Damaged,0
O000490-1,O000490,P026,1,26.84,15.28,0.15000000000000002,,0
O000490-2,O000490,P038,2,152.06,96.3,0.05,,0
O000490-3,O000490,P040,1,195.87,114.95,0.05,,0
O000491-1,O000491,P004,2,400.96,266.15,0,,0
O000492-1,O000492,P002,3,120.53,78.28,0.2,,0
O000493-1,O000493,P013,2,418.01,238.98,0.1,,0
O000493-2,O000493,P005,1,183.5,123.78,0,,0
O000494-1,O000494,P035,2,41.88,25.54,0,,0
O000494-2,O000494,P021,5,221.99,142.61,0,,0
O000495-1,O000495,P003,1,139.72,94.93,0,,0
O000495-2,O000495,P006,1,244.45,154.75,0,,0
O000496-1,O000496,P035,1,41.88,25.54,0,,0
O000496-2,O000496,P025,2,71.76,42.18,0,,0
O000497-1,O000497,P020,3,151.49,90.09,0,Changed mind,0
O000497-2,O000497,P024,1,104.96,63.45,0,Arrived late,0
O000497-3,O000497,P011,2,416.54,268.27,0.15,Wrong item,0
O000498-1,O000498,P007,1,85.33,56.95,0.1,,0
O000498-2,O000498,P010,1,60.45,40.54,0.05,,0
O000499-1,O000499,P031,1,8.72,4.67,0.05,,1
O000499-2,O000499,P044,3,134.21,77.33,0.1,,0
O000500-1,O000500,P027,1,42.25,24.81,0.05,,1
O000500-2,O000500,P011,1,416.54,268.27,0.05,,0
O000501-1,O000501,P035,3,41.88,25.54,0,,0
O000502-1,O000502,P025,3,71.76,42.18,0.2,,0
O000503-1,O000503,P048,2,87.18,54.6,0,,0
O000503-2,O000503,P020,1,151.49,90.09,0.05,,0
O000504-1,O000504,P002,2,120.53,78.28,0.1,,0
O000504-2,O000504,P034,3,25.32,14.75,0.15,,0
O000505-1,O000505,P012,4,414.28,288.7,0,,0
O000506-1,O000506,P015,2,168.09,101.78,0.1,,0
O000507-1,O000507,P029,1,62.03,33.59,0,,0
O000507-2,O000507,P037,1,81.55,51.15,0,,0
O000507-3,O000507,P041,1,78.7,44.75,0.1,,0
O000507-4,O000507,P026,2,26.84,15.28,0.05,,0
O000508-1,O000508,P037,1,81.55,51.15,0,,0
O000509-1,O000509,P027,1,42.25,24.81,0,,0
O000510-1,O000510,P048,2,87.18,54.6,0.1,,0
O000511-1,O000511,P011,3,416.54,268.27,0.1,,0
O000512-1,O000512,P036,1,35.45,21.49,0.2,,0
O000512-2,O000512,P004,1,400.96,266.15,0,,0
O000513-1,O000513,P038,1,152.06,96.3,0.1,,0
O000514-1,O000514,P019,2,539.67,317.29,0.15000000000000002,,0
O000514-2,O000514,P002,1,120.53,78.28,0.05,,0
O000515-1,O000515,P019,2,539.67,317.29,0.05,,0
O000516-1,O000516,P048,1,87.18,54.6,0.05,,0
O000517-1,O000517,P008,1,253.51,162.28,0.15,,0
O000518-1,O000518,P012,2,414.28,288.7,0.1,,0
O000518-2,O000518,P022,2,568.95,369.55,0,,0
O000518-3,O000518,P042,2,180.79,114.47,0.05,,0
O000518-4,O000518,P034,1,25.32,14.75,0,,0
O000519-1,O000519,P003,1,139.72,94.93,0.1,,0
O000520-1,O000520,P033,2,75.25,44.42,0.05,,0
O000520-2,O000520,P032,1,45.76,24.77,0.2,,0
O000520-3,O000520,P030,3,46.94,28.34,0.05,,0
O000521-1,O000521,P003,2,139.72,94.93,0,,0
O000521-2,O000521,P044,3,134.21,77.33,0,,0
O000521-3,O000521,P043,2,205.47,129.67,0,,0
O000522-1,O000522,P029,1,62.03,33.59,0.2,,0
O000522-2,O000522,P036,1,35.45,21.49,0.1,,0
O000522-3,O000522,P032,4,45.76,24.77,0,,0
O000523-1,O000523,P046,1,180.61,102.64,0.05,,0
O000524-1,O000524,P034,1,25.32,14.75,0.05,,0
O000524-2,O000524,P011,2,416.54,268.27,0,,0
O000525-1,O000525,P032,2,45.76,24.77,0.1,,1
O000525-2,O000525,P011,3,416.54,268.27,0.1,,0
O000526-1,O000526,P011,2,416.54,268.27,0.15,,0
O000527-1,O000527,P031,4,8.72,4.67,0.1,,0
O000527-2,O000527,P033,1,75.25,44.42,0.1,,0
O000528-1,O000528,P016,4,630.9,390.58,0.1,,0
O000528-2,O000528,P048,1,87.18,54.6,0,,0
O000529-1,O000529,P026,1,26.84,15.28,0.2,,0
O000529-2,O000529,P043,2,205.47,129.67,0.1,,0
O000530-1,O000530,P039,3,49.57,31.45,0,,0
O000530-2,O000530,P041,1,78.7,44.75,0.15,,0
O000530-3,O000530,P020,3,151.49,90.09,0.1,,0
O000530-4,O000530,P014,3,100.54,57.99,0.1,,0
O000531-1,O000531,P035,1,41.88,25.54,0,,0
O000532-1,O000532,P032,1,45.76,24.77,0,,0
O000533-1,O000533,P029,2,62.03,33.59,0.15000000000000002,,0
O000534-1,O000534,P011,1,416.54,268.27,0,,0
O000535-1,O000535,P021,1,221.99,142.61,0.05,,0
O000536-1,O000536,P024,2,104.96,63.45,0,,0
O000537-1,O000537,P036,1,35.45,21.49,0.1,,0
O000538-1,O000538,P004,1,400.96,266.15,0,,0
O000538-2,O000538,P016,4,630.9,390.58,0.1,,1
O000538-3,O000538,P031,2,8.72,4.67,0.05,,0
O000539-1,O000539,P041,3,78.7,44.75,0.15,,0
O000539-2,O000539,P031,1,8.72,4.67,0.15,,0
O000539-3,O000539,P047,3,142.37,88.8,0.1,,0
O000539-4,O000539,P017,4,198.78,124.13,0,,0
O000540-1,O000540,P016,1,630.9,390.58,0.2,,0
O000541-1,O000541,P027,1,42.25,24.81,0.05,,0
O000541-2,O000541,P017,1,198.78,124.13,0.05,,0
O000542-1,O000542,P031,2,8.72,4.67,0.05,,0
O000543-1,O000543,P034,1,25.32,14.75,0.05,,0
O000543-2,O000543,P018,2,294.41,187.22,0.1,,1
O000544-1,O000544,P048,1,87.18,54.6,0.05,,0
O000545-1,O000545,P033,4,75.25,44.42,0.1,,0
O000545-2,O000545,P027,1,42.25,24.81,0,,0
O000545-3,O000545,P024,1,104.96,63.45,0.05,,0
O000545-4,O000545,P014,4,100.54,57.99,0,,0
O000546-1,O000546,P002,2,120.53,78.28,0.05,,0
O000546-2,O000546,P032,2,45.76,24.77,0.05,,0
O000546-3,O000546,P023,3,195.53,117.52,0.1,,0
O000547-1,O000547,P017,1,198.78,124.13,0.2,,0
O000548-1,O000548,P030,1,46.94,28.34,0,,0
O000549-1,O000549,P044,1,134.21,77.33,0,,0
O000550-1,O000550,P003,1,139.72,94.93,0,,0
O000551-1,O000551,P026,2,26.84,15.28,0,,1
O000552-1,O000552,P022,2,568.95,369.55,0.1,,0
O000553-1,O000553,P001,2,214.49,142.19,0.2,,0
O000553-2,O000553,P041,1,78.7,44.75,0,,0
O000554-1,O000554,P034,2,25.32,14.75,0.05,,0
O000555-1,O000555,P032,3,45.76,24.77,0.05,,0
O000555-2,O000555,P009,1,296.73,204.62,0,,0
O000556-1,O000556,P011,4,416.54,268.27,0.05,,0
O000557-1,O000557,P017,4,198.78,124.13,0.05,,0
O000557-2,O000557,P013,2,418.01,238.98,0.2,,0
O000558-1,O000558,P042,1,180.79,114.47,0.15,,0
O000558-2,O000558,P011,1,416.54,268.27,0.1,,0
O000559-1,O000559,P033,1,75.25,44.42,0.2,,0
O000559-2,O000559,P046,2,180.61,102.64,0.1,,0
O000559-3,O000559,P020,1,151.49,90.09,0.1,,0
O000560-1,O000560,P014,1,100.54,57.99,0.15,,0
O000561-1,O000561,P018,3,294.41,187.22,0.05,Damaged,0
O000561-2,O000561,P002,1,120.53,78.28,0.05,Changed mind,0
O000562-1,O000562,P038,1,152.06,96.3,0.05,Damaged,0
O000562-2,O000562,P011,3,416.54,268.27,0.05,Arrived late,0
O000563-1,O000563,P009,2,296.73,204.62,0.1,,0
O000564-1,O000564,P016,1,630.9,390.58,0,,0
O000564-2,O000564,P037,1,81.55,51.15,0.15,,0
O000564-3,O000564,P014,1,100.54,57.99,0.1,,0
O000565-1,O000565,P016,4,630.9,390.58,0.15000000000000002,,0
O000566-1,O000566,P034,5,25.32,14.75,0.05,,0
O000567-1,O000567,P032,2,45.76,24.77,0,,0
O000567-2,O000567,P048,2,87.18,54.6,0.15,,0
O000568-1,O000568,P027,2,42.25,24.81,0.05,,0
O000569-1,O000569,P041,3,78.7,44.75,0,,0
O000570-1,O000570,P001,3,214.49,142.19,0.05,,0
O000570-2,O000570,P012,1,414.28,288.7,0.1,,0
O000571-1,O000571,P034,2,25.32,14.75,0.15,,0
O000572-1,O000572,P016,4,630.9,390.58,0.1,,0
O000572-2,O000572,P012,2,414.28,288.7,0,,0
O000573-1,O000573,P037,1,81.55,51.15,0.05,,0
O000574-1,O000574,P038,1,152.06,96.3,0.15000000000000002,,0
O000574-2,O000574,P021,4,221.99,142.61,0.15000000000000002,,0
O000574-3,O000574,P035,1,41.88,25.54,0.15000000000000002,,0
O000574-4,O000574,P036,1,35.45,21.49,0.1,,0
O000575-1,O000575,P039,1,49.57,31.45,0,,0
O000575-2,O000575,P012,3,414.28,288.7,0,,0
O000575-3,O000575,P002,1,120.53,78.28,0,,0
O000576-1,O000576,P014,1,100.54,57.99,0.1,Wrong item,0
O000577-1,O000577,P025,3,71.76,42.18,0.2,,0
O000578-1,O000578,P032,1,45.76,24.77,0.1,,0
O000578-2,O000578,P027,4,42.25,24.81,0,,0
O000579-1,O000579,P008,2,253.51,162.28,0.2,Arrived late,0
O000579-2,O000579,P020,1,151.49,90.09,0.05,Changed mind,0
O000579-3,O000579,P013,1,418.01,238.98,0.1,Changed mind,0
O000579-4,O000579,P048,1,87.18,54.6,0.15000000000000002,Wrong item,0
O000580-1,O000580,P025,1,71.76,42.18,0.05,,0
O000580-2,O000580,P034,1,25.32,14.75,0.1,,0
O000580-3,O000580,P032,5,45.76,24.77,0,,0
O000581-1,O000581,P006,1,244.45,154.75,0,,0
O000582-1,O000582,P045,1,147.73,93.9,0,,0
O000583-1,O000583,P034,1,25.32,14.75,0.05,,0
O000584-1,O000584,P014,1,100.54,57.99,0.1,,0
O000584-2,O000584,P017,3,198.78,124.13,0.15,,0
O000584-3,O000584,P007,2,85.33,56.95,0.05,,0
O000584-4,O000584,P012,2,414.28,288.7,0,,0
O000585-1,O000585,P035,1,41.88,25.54,0.05,,0
O000586-1,O000586,P032,1,45.76,24.77,0,,0
O000586-2,O000586,P006,3,244.45,154.75,0.05,,0
O000587-1,O000587,P004,1,400.96,266.15,0.15000000000000002,,0
O000588-1,O000588,P017,1,198.78,124.13,0.05,,0
O000588-2,O000588,P012,3,414.28,288.7,0,,0
O000589-1,O000589,P034,1,25.32,14.75,0.05,,0
O000590-1,O000590,P020,1,151.49,90.09,0,Wrong item,0
O000590-2,O000590,P037,1,81.55,51.15,0.15,Changed mind,0
O000590-3,O000590,P026,3,26.84,15.28,0,Changed mind,0
O000591-1,O000591,P032,1,45.76,24.77,0,,0
O000591-2,O000591,P006,1,244.45,154.75,0,,0
O000592-1,O000592,P016,1,630.9,390.58,0.1,,0
O000592-2,O000592,P038,1,152.06,96.3,0.1,,0
O000593-1,O000593,P046,2,180.61,102.64,0,,0
O000594-1,O000594,P027,3,42.25,24.81,0,,0
O000594-2,O000594,P048,3,87.18,54.6,0,,0
O000594-3,O000594,P032,2,45.76,24.77,0.2,,0
O000595-1,O000595,P041,2,78.7,44.75,0,,1
O000596-1,O000596,P020,2,151.49,90.09,0.1,Arrived late,0
O000597-1,O000597,P002,1,120.53,78.28,0,,0
O000597-2,O000597,P009,3,296.73,204.62,0,,0
O000597-3,O000597,P044,2,134.21,77.33,0,,0
O000598-1,O000598,P047,3,142.37,88.8,0,,0
O000599-1,O000599,P029,2,62.03,33.59,0,,0
O000600-1,O000600,P018,1,294.41,187.22,0.1,,0
O000601-1,O000601,P001,1,214.49,142.19,0.05,,0
O000601-2,O000601,P008,1,253.51,162.28,0.05,,0
O000602-1,O000602,P019,2,539.67,317.29,0,,0
O000602-2,O000602,P032,1,45.76,24.77,0,,0
O000602-3,O000602,P048,1,87.18,54.6,0.05,,0
O000603-1,O000603,P005,2,183.5,123.78,0.2,,0
O000604-1,O000604,P030,3,46.94,28.34,0,,0
O000605-1,O000605,P028,1,54.22,32.4,0.15,,0
O000605-2,O000605,P032,1,45.76,24.77,0,,0
O000605-3,O000605,P044,5,134.21,77.33,0.1,,0
O000605-4,O000605,P021,1,221.99,142.61,0,,0
O000606-1,O000606,P035,4,41.88,25.54,0,,0
O000607-1,O000607,P042,3,180.79,114.47,0.2,,0
O000608-1,O000608,P035,1,41.88,25.54,0.1,,0
O000609-1,O000609,P039,1,49.57,31.45,0,,0
O000610-1,O000610,P036,3,35.45,21.49,0,,0
O000610-2,O000610,P007,1,85.33,56.95,0,,0
O000611-1,O000611,P032,1,45.76,24.77,0.15,,0
O000611-2,O000611,P038,1,152.06,96.3,0.1,,0
O000612-1,O000612,P031,1,8.72,4.67,0.05,,0
O000612-2,O000612,P027,2,42.25,24.81,0.05,,0
O000613-1,O000613,P047,1,142.37,88.8,0,,0
O000613-2,O000613,P006,1,244.45,154.75,0.15,,0
O000613-3,O000613,P036,2,35.45,21.49,0,,0
O000614-1,O000614,P016,3,630.9,390.58,0,,1
O000615-1,O000615,P019,1,539.67,317.29,0,,0
O000615-2,O000615,P007,3,85.33,56.95,0.05,,0
O000615-3,O000615,P031,2,8.72,4.67,0,,0
O000616-1,O000616,P012,1,414.28,288.7,0,,0
O000617-1,O000617,P040,2,195.87,114.95,0.1,,0
O000617-2,O000617,P001,2,214.49,142.19,0,,0
O000617-3,O000617,P002,2,120.53,78.28,0,,0
O000617-4,O000617,P039,3,49.57,31.45,0.05,,0
O000618-1,O000618,P043,1,205.47,129.67,0.15,,0
O000618-2,O000618,P019,2,539.67,317.29,0,,0
O000619-1,O000619,P032,2,45.76,24.77,0.2,,0
O000620-1,O000620,P026,2,26.84,15.28,0.15000000000000002,,0
O000621-1,O000621,P009,3,296.73,204.62,0.1,,0
O000621-2,O000621,P013,1,418.01,238.98,0.1,,0
O000621-3,O000621,P044,2,134.21,77.33,0.1,,0
O000622-1,O000622,P042,3,180.79,114.47,0.1,,0
O000622-2,O000622,P024,1,104.96,63.45,0.2,,0
O000623-1,O000623,P013,1,418.01,238.98,0.1,,0
O000623-2,O000623,P020,1,151.49,90.09,0,,0
O000623-3,O000623,P026,1,26.84,15.28,0.1,,0
O000623-4,O000623,P045,1,147.73,93.9,0.05,,0
O000624-1,O000624,P002,1,120.53,78.28,0,,0
O000624-2,O000624,P016,1,630.9,390.58,0.2,,0
O000625-1,O000625,P040,1,195.87,114.95,0.05,,0
O000626-1,O000626,P001,1,214.49,142.19,0,,0
O000626-2,O000626,P044,1,134.21,77.33,0.05,,0
O000627-1,O000627,P028,1,54.22,32.4,0.05,,0
O000627-2,O000627,P007,1,85.33,56.95,0,,0
O000628-1,O000628,P007,1,85.33,56.95,0,,0
O000629-1,O000629,P033,1,75.25,44.42,0.05,,0
O000629-2,O000629,P007,2,85.33,56.95,0.05,,0
O000629-3,O000629,P024,1,104.96,63.45,0,,0
O000630-1,O000630,P035,3,41.88,25.54,0,,0
O000630-2,O000630,P030,1,46.94,28.34,0.05,,0
O000631-1,O000631,P011,2,416.54,268.27,0.15000000000000002,,0
O000631-2,O000631,P042,2,180.79,114.47,0.15000000000000002,,0
O000632-1,O000632,P006,1,244.45,154.75,0.15000000000000002,,0
O000632-2,O000632,P022,3,568.95,369.55,0.2,,0
O000632-3,O000632,P028,2,54.22,32.4,0.15000000000000002,,0
O000633-1,O000633,P033,1,75.25,44.42,0.15000000000000002,,0
O000634-1,O000634,P028,2,54.22,32.4,0.1,,0
O000635-1,O000635,P034,3,25.32,14.75,0.05,,0
O000636-1,O000636,P024,1,104.96,63.45,0.15,,0
O000637-1,O000637,P026,2,26.84,15.28,0.05,,1
O000637-2,O000637,P023,1,195.53,117.52,0.1,,0
O000638-1,O000638,P012,1,414.28,288.7,0.1,,0
O000638-2,O000638,P034,2,25.32,14.75,0,,0
O000639-1,O000639,P034,2,25.32,14.75,0.1,,0
O000639-2,O000639,P026,1,26.84,15.28,0,,0
O000640-1,O000640,P030,1,46.94,28.34,0,,0
O000640-2,O000640,P023,2,195.53,117.52,0.1,,0
O000641-1,O000641,P020,1,151.49,90.09,0,,0
O000642-1,O000642,P033,4,75.25,44.42,0.15,,0
O000642-2,O000642,P032,1,45.76,24.77,0,,0
O000642-3,O000642,P027,1,42.25,24.81,0.05,,0
O000643-1,O000643,P005,2,183.5,123.78,0.15,,0
O000643-2,O000643,P027,1,42.25,24.81,0.1,,0
O000644-1,O000644,P045,1,147.73,93.9,0.2,,0
O000644-2,O000644,P005,1,183.5,123.78,0,,0
O000644-3,O000644,P013,1,418.01,238.98,0,,0
O000645-1,O000645,P016,2,630.9,390.58,0.05,Damaged,1
O000645-2,O000645,P006,1,244.45,154.75,0.15000000000000002,Damaged,0
O000646-1,O000646,P007,4,85.33,56.95,0.05,,0
O000647-1,O000647,P009,1,296.73,204.62,0,,0
O000647-2,O000647,P020,1,151.49,90.09,0.1,,0
O000648-1,O000648,P025,2,71.76,42.18,0,,0
O000649-1,O000649,P031,1,8.72,4.67,0.05,,0
O000650-1,O000650,P003,1,139.72,94.93,0,,0
O000650-2,O000650,P035,2,41.88,25.54,0,,0
O000650-3,O000650,P037,2,81.55,51.15,0,,0
O000651-1,O000651,P023,2,195.53,117.52,0,Not as described,0
O000652-1,O000652,P042,2,180.79,114.47,0.05,,0
O000653-1,O000653,P047,1,142.37,88.8,0.2,,0
O000654-1,O000654,P048,4,87.18,54.6,0,,0
O000655-1,O000655,P026,1,26.84,15.28,0.1,,0
O000656-1,O000656,P011,1,416.54,268.27,0.2,,0
O000657-1,O000657,P007,1,85.33,56.95,0,,0
O000657-2,O000657,P042,1,180.79,114.47,0.15,,0
O000658-1,O000658,P038,1,152.06,96.3,0,,0
O000658-2,O000658,P036,2,35.45,21.49,0.05,,0
O000659-1,O000659,P046,2,180.61,102.64,0,,0
O000659-2,O000659,P026,2,26.84,15.28,0,,0
O000660-1,O000660,P015,1,168.09,101.78,0.1,,0
O000661-1,O000661,P008,2,253.51,162.28,0.1,Changed mind,0
O000661-2,O000661,P001,5,214.49,142.19,0.05,Not as described,0
O000661-3,O000661,P045,4,147.73,93.9,0.05,Wrong item,0
O000662-1,O000662,P026,2,26.84,15.28,0.05,,0
O000663-1,O000663,P016,4,630.9,390.58,0,,0
O000663-2,O000663,P012,3,414.28,288.7,0.05,,0
O000664-1,O000664,P039,1,49.57,31.45,0,,0
O000665-1,O000665,P009,5,296.73,204.62,0.2,,0
O000666-1,O000666,P035,1,41.88,25.54,0.1,,0
O000666-2,O000666,P003,2,139.72,94.93,0,,0
O000667-1,O000667,P048,4,87.18,54.6,0.2,,0
O000668-1,O000668,P004,1,400.96,266.15,0,,0
O000669-1,O000669,P016,3,630.9,390.58,0,,0
O000669-2,O000669,P001,2,214.49,142.19,0.15,,0
O000670-1,O000670,P003,2,139.72,94.93,0.1,,0
O000670-2,O000670,P010,1,60.45,40.54,0.05,,0
O000670-3,O000670,P019,3,539.67,317.29,0.05,,0
O000670-4,O000670,P007,1,85.33,56.95,0.1,,0
O000671-1,O000671,P036,2,35.45,21.49,0.1,Damaged,0
O000671-2,O000671,P006,2,244.45,154.75,0,Damaged,0
O000672-1,O000672,P014,1,100.54,57.99,0.05,,0
O000673-1,O000673,P034,1,25.32,14.75,0,,0
O000673-2,O000673,P011,2,416.54,268.27,0.05,,0
O000674-1,O000674,P025,1,71.76,42.18,0.05,,0
O000675-1,O000675,P013,2,418.01,238.98,0.15,,0
O000676-1,O000676,P048,1,87.18,54.6,0,,0
O000676-2,O000676,P036,1,35.45,21.49,0.1,,0
O000677-1,O000677,P026,1,26.84,15.28,0,,0
O000678-1,O000678,P033,2,75.25,44.42,0.2,,0
O000678-2,O000678,P024,1,104.96,63.45,0.15000000000000002,,0
O000678-3,O000678,P005,2,183.5,123.78,0.15000000000000002,,0
O000679-1,O000679,P006,1,244.45,154.75,0.05,,0
O000680-1,O000680,P028,2,54.22,32.4,0.05,,0
O000680-2,O000680,P032,2,45.76,24.77,0.2,,0
O000681-1,O000681,P011,3,416.54,268.27,0,,0
O000681-2,O000681,P044,1,134.21,77.33,0.1,,0
O000682-1,O000682,P034,5,25.32,14.75,0.05,,0
O000682-2,O000682,P039,2,49.57,31.45,0,,0
O000683-1,O000683,P004,1,400.96,266.15,0.1,,0
O000683-2,O000683,P016,1,630.9,390.58,0,,0
O000683-3,O000683,P008,1,253.51,162.28,0.05,,0
O000684-1,O000684,P022,3,568.95,369.55,0.1,,0
O000684-2,O000684,P045,1,147.73,93.9,0,,0
O000684-3,O000684,P001,1,214.49,142.19,0.05,,0
O000685-1,O000685,P012,2,414.28,288.7,0.2,,0
O000685-2,O000685,P009,1,296.73,204.62,0.05,,0
O000685-3,O000685,P046,2,180.61,102.64,0.2,,0
O000686-1,O000686,P043,1,205.47,129.67,0.05,,0
O000686-2,O000686,P004,1,400.96,266.15,0.05,,0
O000687-1,O000687,P008,3,253.51,162.28,0.05,,0
O000687-2,O000687,P034,1,25.32,14.75,0,,0
O000688-1,O000688,P046,1,180.61,102.64,0.15,,0
O000689-1,O000689,P042,2,180.79,114.47,0.05,,0
O000689-2,O000689,P028,1,54.22,32.4,0,,0
O000689-3,O000689,P045,1,147.73,93.9,0,,0
O000690-1,O000690,P006,1,244.45,154.75,0.1,,0
O000691-1,O000691,P007,4,85.33,56.95,0,,0
O000691-2,O000691,P040,1,195.87,114.95,0.15,,0
O000691-3,O000691,P047,2,142.37,88.8,0,,0
O000692-1,O000692,P028,1,54.22,32.4,0.15,,0
O000693-1,O000693,P017,2,198.78,124.13,0,,0
O000693-2,O000693,P013,1,418.01,238.98,0,,0
O000693-3,O000693,P037,2,81.55,51.15,0,,0
O000694-1,O000694,P048,1,87.18,54.6,0,,0
O000694-2,O000694,P011,2,416.54,268.27,0.15,,0
O000694-3,O000694,P037,4,81.55,51.15,0,,0
O000695-1,O000695,P019,3,539.67,317.29,0.2,,0
O000695-2,O000695,P023,2,195.53,117.52,0.1,,0
O000696-1,O000696,P048,1,87.18,54.6,0.1,,0
O000696-2,O000696,P018,2,294.41,187.22,0,,0
O000697-1,O000697,P032,1,45.76,24.77,0.15,,0
O000697-2,O000697,P005,1,183.5,123.78,0.05,,0
O000698-1,O000698,P012,1,414.28,288.7,0,Not as described,0
O000699-1,O000699,P015,1,168.09,101.78,0.15000000000000002,,0
O000700-1,O000700,P013,3,418.01,238.98,0.05,,1
O000701-1,O000701,P026,5,26.84,15.28,0,,0
O000701-2,O000701,P035,1,41.88,25.54,0,,0
O000702-1,O000702,P036,4,35.45,21.49,0,,0
O000702-2,O000702,P031,2,8.72,4.67,0,,0
O000703-1,O000703,P021,1,221.99,142.61,0.1,,0
O000703-2,O000703,P007,2,85.33,56.95,0.05,,0
O000703-3,O000703,P008,2,253.51,162.28,0.15000000000000002,,0
O000703-4,O000703,P048,3,87.18,54.6,0.05,,0
O000704-1,O000704,P018,3,294.41,187.22,0.1,,0
O000705-1,O000705,P027,3,42.25,24.81,0.1,,0
O000705-2,O000705,P002,2,120.53,78.28,0,,0
O000706-1,O000706,P030,1,46.94,28.34,0.1,,0
O000707-1,O000707,P032,1,45.76,24.77,0,,0
O000708-1,O000708,P021,1,221.99,142.61,0.1,Damaged,0
O000709-1,O000709,P035,1,41.88,25.54,0.05,,0
O000710-1,O000710,P030,1,46.94,28.34,0,,0
O000710-2,O000710,P009,1,296.73,204.62,0.05,,0
O000711-1,O000711,P009,1,296.73,204.62,0.2,,0
O000712-1,O000712,P036,1,35.45,21.49,0.15,,0
O000712-2,O000712,P042,1,180.79,114.47,0,,0
O000712-3,O000712,P043,1,205.47,129.67,0.05,,0
O000713-1,O000713,P025,2,71.76,42.18,0.05,,0
O000714-1,O000714,P009,3,296.73,204.62,0.05,,0
O000715-1,O000715,P040,1,195.87,114.95,0.2,,0
O000715-2,O000715,P046,1,180.61,102.64,0,,0
O000716-1,O000716,P006,1,244.45,154.75,0.1,,0
O000716-2,O000716,P002,3,120.53,78.28,0.05,,0
O000716-3,O000716,P037,2,81.55,51.15,0.1,,0
O000717-1,O000717,P032,1,45.76,24.77,0.05,,0
O000718-1,O000718,P030,1,46.94,28.34,0.05,,0
O000719-1,O000719,P018,1,294.41,187.22,0.1,,0
O000719-2,O000719,P046,4,180.61,102.64,0.15000000000000002,,0
O000720-1,O000720,P033,1,75.25,44.42,0.1,,0
O000720-2,O000720,P004,2,400.96,266.15,0,,0
O000721-1,O000721,P006,4,244.45,154.75,0.1,,0
O000721-2,O000721,P012,1,414.28,288.7,0,,0
O000722-1,O000722,P003,2,139.72,94.93,0.05,,0
O000723-1,O000723,P041,2,78.7,44.75,0,,0
O000723-2,O000723,P046,2,180.61,102.64,0.15,,0
O000723-3,O000723,P020,1,151.49,90.09,0.1,,0
O000724-1,O000724,P001,1,214.49,142.19,0,,0
O000725-1,O000725,P047,1,142.37,88.8,0,,0
O000726-1,O000726,P016,2,630.9,390.58,0.15000000000000002,,0
O000727-1,O000727,P035,1,41.88,25.54,0.15,,0
O000728-1,O000728,P034,3,25.32,14.75,0.05,,0
O000729-1,O000729,P044,3,134.21,77.33,0,Arrived late,0
O000730-1,O000730,P036,2,35.45,21.49,0.15,,0
O000731-1,O000731,P032,5,45.76,24.77,0.05,,0
O000731-2,O000731,P044,1,134.21,77.33,0.05,,0
O000731-3,O000731,P013,2,418.01,238.98,0.05,,0
O000732-1,O000732,P025,2,71.76,42.18,0.05,,0
O000732-2,O000732,P047,1,142.37,88.8,0.05,,0
O000732-3,O000732,P011,2,416.54,268.27,0.15000000000000002,,0
O000733-1,O000733,P040,1,195.87,114.95,0,,0
O000734-1,O000734,P036,1,35.45,21.49,0,,0
O000734-2,O000734,P024,2,104.96,63.45,0.1,,0
O000734-3,O000734,P007,2,85.33,56.95,0,,0
O000735-1,O000735,P030,4,46.94,28.34,0.1,,0
O000736-1,O000736,P012,3,414.28,288.7,0,,0
O000736-2,O000736,P048,4,87.18,54.6,0.1,,0
O000737-1,O000737,P036,2,35.45,21.49,0,,0
O000737-2,O000737,P047,2,142.37,88.8,0.2,,0
O000738-1,O000738,P043,1,205.47,129.67,0,,0
O000739-1,O000739,P032,3,45.76,24.77,0,,0
O000739-2,O000739,P028,2,54.22,32.4,0.1,,0
O000739-3,O000739,P001,2,214.49,142.19,0.1,,0
O000740-1,O000740,P020,1,151.49,90.09,0.05,,0
O000741-1,O000741,P029,1,62.03,33.59,0.15,,0
O000741-2,O000741,P027,2,42.25,24.81,0.1,,0
O000741-3,O000741,P028,1,54.22,32.4,0.2,,1
O000742-1,O000742,P005,3,183.5,123.78,0.2,,0
O000743-1,O000743,P028,1,54.22,32.4,0.05,Not as described,0
O000743-2,O000743,P016,1,630.9,390.58,0.2,Damaged,0
O000744-1,O000744,P012,4,414.28,288.7,0.2,,1
O000744-2,O000744,P030,3,46.94,28.34,0.15,,0
O000745-1,O000745,P014,1,100.54,57.99,0.2,,0
O000746-1,O000746,P026,3,26.84,15.28,0.2,,0
O000747-1,O000747,P033,1,75.25,44.42,0.05,,0
O000748-1,O000748,P008,1,253.51,162.28,0.05,,0
O000748-2,O000748,P039,2,49.57,31.45,0.15000000000000002,,0
O000748-3,O000748,P012,1,414.28,288.7,0.1,,0
O000748-4,O000748,P038,2,152.06,96.3,0.1,,0
O000749-1,O000749,P029,1,62.03,33.59,0.05,,0
O000750-1,O000750,P032,3,45.76,24.77,0.15000000000000002,,0
O000750-2,O000750,P037,1,81.55,51.15,0.15000000000000002,,0
O000751-1,O000751,P037,2,81.55,51.15,0,,0
O000751-2,O000751,P008,1,253.51,162.28,0.2,,0
O000751-3,O000751,P025,2,71.76,42.18,0.2,,0
O000752-1,O000752,P034,1,25.32,14.75,0.15000000000000002,,0
O000753-1,O000753,P031,4,8.72,4.67,0.2,,0
O000753-2,O000753,P021,1,221.99,142.61,0.05,,0
O000753-3,O000753,P043,2,205.47,129.67,0.1,,0
O000753-4,O000753,P035,2,41.88,25.54,0.05,,0
O000754-1,O000754,P017,1,198.78,124.13,0.1,,0
O000754-2,O000754,P046,1,180.61,102.64,0,,0
O000755-1,O000755,P015,2,168.09,101.78,0.05,Damaged,0
O000755-2,O000755,P044,1,134.21,77.33,0.1,Damaged,0
O000755-3,O000755,P040,1,195.87,114.95,0.2,Changed mind,0
O000755-4,O000755,P012,5,414.28,288.7,0.15000000000000002,Changed mind,0
O000756-1,O000756,P005,1,183.5,123.78,0,,0
O000756-2,O000756,P017,2,198.78,124.13,0.15,,0
O000757-1,O000757,P010,1,60.45,40.54,0.05,,0
O000758-1,O000758,P046,1,180.61,102.64,0.05,,0
O000758-2,O000758,P033,1,75.25,44.42,0.2,,0
O000758-3,O000758,P017,5,198.78,124.13,0.05,,0
O000759-1,O000759,P001,2,214.49,142.19,0.15000000000000002,Not as described,0
O000759-2,O000759,P017,4,198.78,124.13,0.05,Not as described,0
O000759-3,O000759,P018,2,294.41,187.22,0.1,Damaged,0
O000760-1,O000760,P020,2,151.49,90.09,0.05,,0
O000760-2,O000760,P014,4,100.54,57.99,0.2,,0
O000761-1,O000761,P023,1,195.53,117.52,0,,0
O000762-1,O000762,P004,1,400.96,266.15,0,,0
O000762-2,O000762,P043,3,205.47,129.67,0.1,,0
O000763-1,O000763,P034,1,25.32,14.75,0.05,,0
O000763-2,O000763,P010,1,60.45,40.54,0.15000000000000002,,0
O000763-3,O000763,P015,1,168.09,101.78,0.2,,0
O000764-1,O000764,P001,1,214.49,142.19,0,,0
O000765-1,O000765,P023,2,195.53,117.52,0,,0
O000765-2,O000765,P002,1,120.53,78.28,0,,0
O000766-1,O000766,P021,1,221.99,142.61,0.05,Damaged,0
O000767-1,O000767,P026,1,26.84,15.28,0.15000000000000002,,0
O000768-1,O000768,P024,1,104.96,63.45,0.1,,0
O000768-2,O000768,P040,2,195.87,114.95,0.05,,0
O000769-1,O000769,P020,1,151.49,90.09,0.15,,0
O000770-1,O000770,P015,1,168.09,101.78,0.1,,0
O000771-1,O000771,P016,1,630.9,390.58,0,,0
O000772-1,O000772,P023,4,195.53,117.52,0.15,,0
O000772-2,O000772,P033,3,75.25,44.42,0.1,,0
O000772-3,O000772,P007,2,85.33,56.95,0,,0
O000773-1,O000773,P019,1,539.67,317.29,0.05,,0
O000773-2,O000773,P010,2,60.45,40.54,0,,0
O000774-1,O000774,P020,1,151.49,90.09,0.1,,0
O000774-2,O000774,P013,1,418.01,238.98,0,,0
O000774-3,O000774,P038,1,152.06,96.3,0.15,,0
O000775-1,O000775,P002,2,120.53,78.28,0.1,,0
O000776-1,O000776,P002,4,120.53,78.28,0.15,,0
O000777-1,O000777,P004,2,400.96,266.15,0.05,,0
O000777-2,O000777,P003,1,139.72,94.93,0,,0
O000777-3,O000777,P015,1,168.09,101.78,0,,0
O000778-1,O000778,P039,3,49.57,31.45,0.05,,0
O000779-1,O000779,P005,1,183.5,123.78,0.1,,0
O000779-2,O000779,P044,1,134.21,77.33,0.2,,0
O000779-3,O000779,P027,2,42.25,24.81,0.2,,0
O000780-1,O000780,P013,2,418.01,238.98,0.1,,0
O000781-1,O000781,P019,1,539.67,317.29,0,,0
O000781-2,O000781,P003,2,139.72,94.93,0.1,,0
O000782-1,O000782,P020,1,151.49,90.09,0.05,,0
O000782-2,O000782,P011,1,416.54,268.27,0.1,,0
O000782-3,O000782,P004,1,400.96,266.15,0.05,,0
O000783-1,O000783,P032,2,45.76,24.77,0.1,,0
O000783-2,O000783,P007,1,85.33,56.95,0,,0
O000784-1,O000784,P040,2,195.87,114.95,0,,0
O000784-2,O000784,P002,2,120.53,78.28,0,,0
O000784-3,O000784,P005,1,183.5,123.78,0.15,,0
O000784-4,O000784,P027,3,42.25,24.81,0.05,,0
O000785-1,O000785,P029,1,62.03,33.59,0.05,,0
O000785-2,O000785,P041,1,78.7,44.75,0.15,,0
O000785-3,O000785,P036,4,35.45,21.49,0,,0
O000786-1,O000786,P047,2,142.37,88.8,0.1,,0
O000786-2,O000786,P011,1,416.54,268.27,0,,0
O000786-3,O000786,P012,1,414.28,288.7,0.1,,0
O000786-4,O000786,P005,1,183.5,123.78,0.05,,0
O000787-1,O000787,P013,1,418.01,238.98,0.05,,0
O000787-2,O000787,P014,3,100.54,57.99,0,,0
O000787-3,O000787,P037,1,81.55,51.15,0,,0
O000787-4,O000787,P038,2,152.06,96.3,0,,0
O000788-1,O000788,P023,3,195.53,117.52,0,,0
O000788-2,O000788,P004,2,400.96,266.15,0,,0
O000789-1,O000789,P034,2,25.32,14.75,0,,0
O000789-2,O000789,P006,4,244.45,154.75,0.05,,0
O000790-1,O000790,P012,2,414.28,288.7,0.05,,0
O000790-2,O000790,P002,1,120.53,78.28,0.1,,0
O000790-3,O000790,P015,1,168.09,101.78,0.15,,0
O000790-4,O000790,P037,2,81.55,51.15,0.15,,0
O000791-1,O000791,P017,1,198.78,124.13,0,,0
O000792-1,O000792,P046,1,180.61,102.64,0.05,,0
O000792-2,O000792,P004,2,400.96,266.15,0.1,,0
O000792-3,O000792,P039,5,49.57,31.45,0.05,,0
O000793-1,O000793,P012,1,414.28,288.7,0.15,,0
O000794-1,O000794,P042,4,180.79,114.47,0,,0
O000794-2,O000794,P026,2,26.84,15.28,0,,0
O000794-3,O000794,P046,2,180.61,102.64,0.2,,0
O000794-4,O000794,P023,1,195.53,117.52,0,,0
O000795-1,O000795,P041,3,78.7,44.75,0,,0
O000796-1,O000796,P029,2,62.03,33.59,0.2,,0
O000796-2,O000796,P026,1,26.84,15.28,0.15,,0
O000796-3,O000796,P013,1,418.01,238.98,0.15,,0
O000797-1,O000797,P029,1,62.03,33.59,0.1,,0
O000797-2,O000797,P001,1,214.49,142.19,0.1,,0
O000797-3,O000797,P012,1,414.28,288.7,0.05,,0
O000798-1,O000798,P034,1,25.32,14.75,0,,0
O000799-1,O000799,P017,1,198.78,124.13,0.05,,0
O000799-2,O000799,P030,1,46.94,28.34,0.05,,0
O000799-3,O000799,P016,1,630.9,390.58,0.15000000000000002,,0
O000800-1,O000800,P001,1,214.49,142.19,0.1,,0
O000800-2,O000800,P021,2,221.99,142.61,0,,0
O000800-3,O000800,P015,3,168.09,101.78,0.15,,0
O000801-1,O000801,P041,1,78.7,44.75,0.05,,0
O000801-2,O000801,P016,2,630.9,390.58,0.05,,0
O000801-3,O000801,P025,1,71.76,42.18,0.15000000000000002,,0
O000801-4,O000801,P027,1,42.25,24.81,0.05,,0
O000802-1,O000802,P028,1,54.22,32.4,0,,0
O000803-1,O000803,P029,2,62.03,33.59,0.1,,0
O000803-2,O000803,P020,1,151.49,90.09,0.15,,0
O000803-3,O000803,P037,1,81.55,51.15,0,,0
O000804-1,O000804,P044,2,134.21,77.33,0.05,,0
O000805-1,O000805,P030,4,46.94,28.34,0,,0
O000806-1,O000806,P008,1,253.51,162.28,0.1,,0
O000806-2,O000806,P020,1,151.49,90.09,0.15,,0
O000806-3,O000806,P034,3,25.32,14.75,0.1,,0
O000807-1,O000807,P024,1,104.96,63.45,0.1,,0
O000808-1,O000808,P012,1,414.28,288.7,0,,0
O000808-2,O000808,P048,1,87.18,54.6,0,,0
O000808-3,O000808,P040,3,195.87,114.95,0.05,,0
O000809-1,O000809,P029,1,62.03,33.59,0,,0
O000810-1,O000810,P032,1,45.76,24.77,0,,0
O000811-1,O000811,P012,1,414.28,288.7,0.05,,0
O000812-1,O000812,P018,5,294.41,187.22,0,,0
O000812-2,O000812,P017,3,198.78,124.13,0.05,,0
O000812-3,O000812,P011,1,416.54,268.27,0.15,,0
O000812-4,O000812,P043,2,205.47,129.67,0.05,,0
O000813-1,O000813,P038,2,152.06,96.3,0.1,,0
O000813-2,O000813,P026,1,26.84,15.28,0.1,,0
O000814-1,O000814,P001,1,214.49,142.19,0.2,,0
O000815-1,O000815,P040,1,195.87,114.95,0.05,,0
O000815-2,O000815,P043,1,205.47,129.67,0.1,,0
O000816-1,O000816,P039,1,49.57,31.45,0,,0
O000816-2,O000816,P047,1,142.37,88.8,0.1,,0
O000816-3,O000816,P008,2,253.51,162.28,0.05,,0
O000817-1,O000817,P025,1,71.76,42.18,0.1,,0
O000817-2,O000817,P012,4,414.28,288.7,0.1,,0
O000817-3,O000817,P009,1,296.73,204.62,0.05,,0
O000817-4,O000817,P016,1,630.9,390.58,0.1,,0
O000818-1,O000818,P024,3,104.96,63.45,0,,0
O000818-2,O000818,P025,5,71.76,42.18,0,,0
O000819-1,O000819,P028,2,54.22,32.4,0.05,,1
O000819-2,O000819,P020,1,151.49,90.09,0.05,,1
O000820-1,O000820,P029,1,62.03,33.59,0.15,,0
O000821-1,O000821,P027,1,42.25,24.81,0.15,,0
O000821-2,O000821,P019,1,539.67,317.29,0.05,,0
O000822-1,O000822,P048,1,87.18,54.6,0.1,,0
O000822-2,O000822,P037,1,81.55,51.15,0.1,,0
O000823-1,O000823,P017,2,198.78,124.13,0.1,,0
O000823-2,O000823,P027,3,42.25,24.81,0.15000000000000002,,0
O000824-1,O000824,P027,1,42.25,24.81,0.05,,0
O000824-2,O000824,P004,2,400.96,266.15,0.05,,0
O000824-3,O000824,P041,1,78.7,44.75,0.1,,0
O000825-1,O000825,P025,1,71.76,42.18,0.1,,0
O000825-2,O000825,P041,1,78.7,44.75,0.1,,0
O000826-1,O000826,P006,1,244.45,154.75,0.05,,0
O000827-1,O000827,P004,2,400.96,266.15,0,,0
O000828-1,O000828,P043,4,205.47,129.67,0.1,,0
O000828-2,O000828,P027,2,42.25,24.81,0.05,,0
O000829-1,O000829,P022,3,568.95,369.55,0.05,,0
O000830-1,O000830,P021,2,221.99,142.61,0,Not as described,0
O000830-2,O000830,P025,5,71.76,42.18,0,Changed mind,0
O000831-1,O000831,P031,2,8.72,4.67,0.15,,0
O000831-2,O000831,P018,3,294.41,187.22,0,,0
O000832-1,O000832,P029,1,62.03,33.59,0.1,,0
O000833-1,O000833,P029,2,62.03,33.59,0.1,,0
O000833-2,O000833,P025,1,71.76,42.18,0.15,,0
O000834-1,O000834,P025,3,71.76,42.18,0,,0
O000835-1,O000835,P045,1,147.73,93.9,0.15,,0
O000835-2,O000835,P028,1,54.22,32.4,0.1,,0
O000836-1,O000836,P023,2,195.53,117.52,0,,0
O000836-2,O000836,P040,1,195.87,114.95,0.05,,0
O000837-1,O000837,P036,2,35.45,21.49,0.05,,0
O000838-1,O000838,P033,2,75.25,44.42,0.05,,0
O000839-1,O000839,P006,2,244.45,154.75,0.05,,0
O000839-2,O000839,P040,1,195.87,114.95,0.05,,0
O000840-1,O000840,P044,3,134.21,77.33,0,,0
O000841-1,O000841,P047,1,142.37,88.8,0,,0
O000841-2,O000841,P036,1,35.45,21.49,0.15,,0
O000842-1,O000842,P031,1,8.72,4.67,0.05,,0
O000843-1,O000843,P023,5,195.53,117.52,0.05,,0
O000843-2,O000843,P025,3,71.76,42.18,0.05,,0
O000843-3,O000843,P034,1,25.32,14.75,0,,0
O000844-1,O000844,P015,1,168.09,101.78,0.2,,0
O000844-2,O000844,P004,2,400.96,266.15,0,,0
O000845-1,O000845,P015,1,168.09,101.78,0,,0
O000845-2,O000845,P024,1,104.96,63.45,0,,0
O000845-3,O000845,P028,4,54.22,32.4,0.05,,0
O000846-1,O000846,P023,3,195.53,117.52,0.15,,0
O000846-2,O000846,P014,1,100.54,57.99,0.05,,0
O000846-3,O000846,P001,2,214.49,142.19,0,,0
O000846-4,O000846,P011,1,416.54,268.27,0.15,,0
O000847-1,O000847,P036,1,35.45,21.49,0.1,,0
O000848-1,O000848,P001,1,214.49,142.19,0.1,,0
O000848-2,O000848,P030,2,46.94,28.34,0.1,,0
O000849-1,O000849,P044,2,134.21,77.33,0.1,,0
O000849-2,O000849,P026,2,26.84,15.28,0.15000000000000002,,0
O000850-1,O000850,P044,4,134.21,77.33,0.05,,0
O000851-1,O000851,P029,1,62.03,33.59,0.2,,0
O000851-2,O000851,P010,1,60.45,40.54,0.05,,0
O000852-1,O000852,P029,1,62.03,33.59,0.1,,0
O000852-2,O000852,P001,5,214.49,142.19,0.2,,0
O000852-3,O000852,P040,1,195.87,114.95,0.2,,0
O000853-1,O000853,P039,1,49.57,31.45,0.05,,0
O000853-2,O000853,P004,1,400.96,266.15,0.2,,0
O000854-1,O000854,P038,2,152.06,96.3,0,Not as described,0
O000854-2,O000854,P011,1,416.54,268.27,0.05,Changed mind,0
O000854-3,O000854,P001,2,214.49,142.19,0.05,Wrong item,0
O000855-1,O000855,P024,2,104.96,63.45,0,,0
O000855-2,O000855,P017,2,198.78,124.13,0.05,,0
O000856-1,O000856,P042,1,180.79,114.47,0,,0
O000856-2,O000856,P045,1,147.73,93.9,0,,0
O000857-1,O000857,P033,2,75.25,44.42,0.1,,0
O000857-2,O000857,P030,1,46.94,28.34,0.1,,0
O000858-1,O000858,P029,4,62.03,33.59,0.15,,0
O000859-1,O000859,P046,3,180.61,102.64,0,,0
O000860-1,O000860,P008,2,253.51,162.28,0,,0
O000860-2,O000860,P038,5,152.06,96.3,0.15,,0
O000860-3,O000860,P033,3,75.25,44.42,0,,0
O000860-4,O000860,P016,1,630.9,390.58,0.1,,0
O000861-1,O000861,P033,2,75.25,44.42,0.1,,0
O000861-2,O000861,P005,2,183.5,123.78,0.2,,0
O000862-1,O000862,P007,2,85.33,56.95,0.1,,0
O000863-1,O000863,P007,1,85.33,56.95,0,,0
O000863-2,O000863,P025,2,71.76,42.18,0.05,,0
O000864-1,O000864,P032,1,45.76,24.77,0,,0
O000865-1,O000865,P043,2,205.47,129.67,0.1,,0
O000865-2,O000865,P023,1,195.53,117.52,0.1,,0
O000866-1,O000866,P025,1,71.76,42.18,0.05,,0
O000867-1,O000867,P036,1,35.45,21.49,0.05,,0
O000867-2,O000867,P001,2,214.49,142.19,0.15000000000000002,,0
O000868-1,O000868,P033,1,75.25,44.42,0.05,,0
O000868-2,O000868,P047,3,142.37,88.8,0.05,,0
O000869-1,O000869,P007,1,85.33,56.95,0.15000000000000002,,0
O000870-1,O000870,P022,1,568.95,369.55,0,,0
O000870-2,O000870,P026,1,26.84,15.28,0,,0
O000871-1,O000871,P009,1,296.73,204.62,0.1,,0
O000872-1,O000872,P008,1,253.51,162.28,0.1,,0
O000872-2,O000872,P029,4,62.03,33.59,0.05,,0
O000873-1,O000873,P031,1,8.72,4.67,0.1,,0
O000874-1,O000874,P015,1,168.09,101.78,0.2,,0
O000875-1,O000875,P012,1,414.28,288.7,0.15000000000000002,,0
O000875-2,O000875,P006,2,244.45,154.75,0.05,,0
O000875-3,O000875,P027,1,42.25,24.81,0.15000000000000002,,0
O000875-4,O000875,P024,1,104.96,63.45,0.2,,1
O000876-1,O000876,P018,2,294.41,187.22,0.05,Damaged,0
O000877-1,O000877,P002,1,120.53,78.28,0.15,,0
O000878-1,O000878,P009,1,296.73,204.62,0.1,,0
O000878-2,O000878,P039,4,49.57,31.45,0,,0
O000878-3,O000878,P034,1,25.32,14.75,0.05,,0
O000879-1,O000879,P009,2,296.73,204.62,0.05,,0
O000880-1,O000880,P037,1,81.55,51.15,0.1,,0
O000880-2,O000880,P007,1,85.33,56.95,0.1,,0
O000880-3,O000880,P030,1,46.94,28.34,0.1,,0
O000881-1,O000881,P037,1,81.55,51.15,0.1,Wrong item,0
O000882-1,O000882,P014,1,100.54,57.99,0.2,Not as described,0
O000882-2,O000882,P039,1,49.57,31.45,0.1,Wrong item,0
O000883-1,O000883,P016,1,630.9,390.58,0,,0
O000884-1,O000884,P031,4,8.72,4.67,0,,0
O000884-2,O000884,P046,3,180.61,102.64,0,,0
O000885-1,O000885,P035,1,41.88,25.54,0.15000000000000002,,0
O000885-2,O000885,P034,1,25.32,14.75,0.05,,0
O000885-3,O000885,P020,3,151.49,90.09,0.1,,0
O000886-1,O000886,P027,4,42.25,24.81,0,,0
O000887-1,O000887,P028,1,54.22,32.4,0.05,,0
O000887-2,O000887,P024,1,104.96,63.45,0.1,,0
O000887-3,O000887,P001,1,214.49,142.19,0.05,,0
O000888-1,O000888,P019,1,539.67,317.29,0.1,Wrong item,0
O000888-2,O000888,P015,2,168.09,101.78,0.05,Not as described,0
O000888-3,O000888,P048,1,87.18,54.6,0.15,Not as described,0
O000888-4,O000888,P012,1,414.28,288.7,0.2,Changed mind,0
O000889-1,O000889,P043,2,205.47,129.67,0,,0
O000889-2,O000889,P026,1,26.84,15.28,0,,0
O000890-1,O000890,P008,4,253.51,162.28,0,,0
O000891-1,O000891,P020,2,151.49,90.09,0.1,,0
O000892-1,O000892,P027,1,42.25,24.81,0,,0
O000893-1,O000893,P035,1,41.88,25.54,0.2,,0
O000894-1,O000894,P023,1,195.53,117.52,0.1,Damaged,0
O000894-2,O000894,P013,2,418.01,238.98,0.05,Not as described,0
O000895-1,O000895,P034,2,25.32,14.75,0.05,,0
O000895-2,O000895,P039,1,49.57,31.45,0.05,,0
O000896-1,O000896,P035,1,41.88,25.54,0,,0
O000896-2,O000896,P007,3,85.33,56.95,0.2,,0
O000897-1,O000897,P026,4,26.84,15.28,0.05,,0
O000897-2,O000897,P007,1,85.33,56.95,0.1,,0
O000898-1,O000898,P014,1,100.54,57.99,0.2,,0
O000899-1,O000899,P003,3,139.72,94.93,0.05,,0
O000899-2,O000899,P024,1,104.96,63.45,0.1,,0
O000900-1,O000900,P005,4,183.5,123.78,0,,0
O000901-1,O000901,P023,3,195.53,117.52,0.05,,0
O000901-2,O000901,P025,1,71.76,42.18,0.05,,0
O000902-1,O000902,P021,1,221.99,142.61,0.1,,0
O000902-2,O000902,P032,1,45.76,24.77,0.15,,0
O000903-1,O000903,P035,1,41.88,25.54,0.15,,0
O000904-1,O000904,P027,1,42.25,24.81,0.05,,0
O000904-2,O000904,P028,4,54.22,32.4,0.05,,0
O000904-3,O000904,P011,2,416.54,268.27,0.05,,0
O000904-4,O000904,P010,1,60.45,40.54,0.05,,0
O000905-1,O000905,P033,4,75.25,44.42,0.05,,0
O000906-1,O000906,P035,1,41.88,25.54,0.2,,0
O000907-1,O000907,P024,1,104.96,63.45,0,,0
O000908-1,O000908,P016,1,630.9,390.58,0.1,,0
O000908-2,O000908,P008,2,253.51,162.28,0,,0
O000909-1,O000909,P032,1,45.76,24.77,0.1,,0
O000909-2,O000909,P025,1,71.76,42.18,0.15,,0
O000910-1,O000910,P015,1,168.09,101.78,0.05,,0
O000911-1,O000911,P013,1,418.01,238.98,0,,0
O000912-1,O000912,P009,1,296.73,204.62,0.15,,0
O000913-1,O000913,P037,3,81.55,51.15,0.05,,0
O000913-2,O000913,P030,1,46.94,28.34,0.05,,0
O000913-3,O000913,P029,1,62.03,33.59,0,,0
O000914-1,O000914,P005,1,183.5,123.78,0.1,,0
O000914-2,O000914,P026,1,26.84,15.28,0.15,,0
O000915-1,O000915,P009,1,296.73,204.62,0,,0
O000915-2,O000915,P027,2,42.25,24.81,0.05,,0
O000916-1,O000916,P032,1,45.76,24.77,0,,0
O000917-1,O000917,P031,1,8.72,4.67,0,,0
O000917-2,O000917,P021,1,221.99,142.61,0,,0
O000918-1,O000918,P029,1,62.03,33.59,0.2,,0
O000919-1,O000919,P029,2,62.03,33.59,0.1,,0
O000919-2,O000919,P023,1,195.53,117.52,0.15,,0
O000919-3,O000919,P041,1,78.7,44.75,0.1,,0
O000920-1,O000920,P043,2,205.47,129.67,0.2,,0
O000920-2,O000920,P015,2,168.09,101.78,0,,0
O000921-1,O000921,P016,1,630.9,390.58,0.15,,0
O000922-1,O000922,P033,1,75.25,44.42,0.15,,0
O000923-1,O000923,P047,3,142.37,88.8,0,,0
O000924-1,O000924,P001,3,214.49,142.19,0.1,,0
O000924-2,O000924,P014,1,100.54,57.99,0,,0
O000925-1,O000925,P028,1,54.22,32.4,0,,0
O000926-1,O000926,P024,1,104.96,63.45,0.2,,0
O000927-1,O000927,P044,1,134.21,77.33,0.05,,0
O000927-2,O000927,P036,2,35.45,21.49,0.1,,0
O000928-1,O000928,P026,1,26.84,15.28,0.15,,0
O000928-2,O000928,P009,2,296.73,204.62,0,,0
O000929-1,O000929,P037,1,81.55,51.15,0.1,,0
O000929-2,O000929,P048,1,87.18,54.6,0.05,,0
O000929-3,O000929,P002,1,120.53,78.28,0.05,,0
O000930-1,O000930,P002,1,120.53,78.28,0.15000000000000002,,0
O000931-1,O000931,P037,1,81.55,51.15,0,,0
O000932-1,O000932,P036,1,35.45,21.49,0,,0
O000932-2,O000932,P030,1,46.94,28.34,0,,0
O000932-3,O000932,P040,3,195.87,114.95,0,,0
O000933-1,O000933,P009,1,296.73,204.62,0.1,,0
O000934-1,O000934,P017,3,198.78,124.13,0.1,,0
O000935-1,O000935,P028,2,54.22,32.4,0.05,,0
O000935-2,O000935,P018,1,294.41,187.22,0,,0
O000936-1,O000936,P038,1,152.06,96.3,0.05,,0
O000936-2,O000936,P005,2,183.5,123.78,0.2,,0
O000937-1,O000937,P020,1,151.49,90.09,0,,0
O000938-1,O000938,P010,1,60.45,40.54,0,,0
O000938-2,O000938,P037,1,81.55,51.15,0.2,,0
O000939-1,O000939,P023,1,195.53,117.52,0,,0
O000940-1,O000940,P021,1,221.99,142.61,0.05,,0
O000941-1,O000941,P033,1,75.25,44.42,0.15,,0
O000942-1,O000942,P032,1,45.76,24.77,0.1,,0
O000943-1,O000943,P025,2,71.76,42.18,0.1,,0
O000943-2,O000943,P007,3,85.33,56.95,0.05,,0
O000944-1,O000944,P016,2,630.9,390.58,0,,0
O000944-2,O000944,P012,1,414.28,288.7,0.05,,0
O000945-1,O000945,P003,2,139.72,94.93,0.1,,0
O000945-2,O000945,P014,4,100.54,57.99,0,,0
O000945-3,O000945,P031,1,8.72,4.67,0,,0
O000945-4,O000945,P028,2,54.22,32.4,0,,0
O000946-1,O000946,P004,1,400.96,266.15,0.1,,0
O000947-1,O000947,P006,1,244.45,154.75,0.15,,0
O000947-2,O000947,P022,5,568.95,369.55,0,,0
O000948-1,O000948,P032,2,45.76,24.77,0,,0
O000949-1,O000949,P002,4,120.53,78.28,0.15000000000000002,,0
O000949-2,O000949,P005,1,183.5,123.78,0.2,,0
O000949-3,O000949,P011,1,416.54,268.27,0.05,,0
O000949-4,O000949,P030,3,46.94,28.34,0.15000000000000002,,0
O000950-1,O000950,P040,2,195.87,114.95,0,,0
O000951-1,O000951,P043,1,205.47,129.67,0.05,,0
O000952-1,O000952,P012,1,414.28,288.7,0,,0
O000952-2,O000952,P033,3,75.25,44.42,0.1,,0
O000953-1,O000953,P018,1,294.41,187.22,0,,0
O000954-1,O000954,P047,1,142.37,88.8,0,,0
O000954-2,O000954,P045,5,147.73,93.9,0.05,,0
O000954-3,O000954,P036,2,35.45,21.49,0.1,,0
O000955-1,O000955,P042,4,180.79,114.47,0.05,,0
O000956-1,O000956,P021,3,221.99,142.61,0,,0
O000956-2,O000956,P011,1,416.54,268.27,0.05,,0
O000957-1,O000957,P028,1,54.22,32.4,0,Damaged,0
O000957-2,O000957,P005,2,183.5,123.78,0.1,Arrived late,0
O000958-1,O000958,P041,2,78.7,44.75,0.05,,0
O000959-1,O000959,P033,1,75.25,44.42,0.05,,0
O000959-2,O000959,P024,2,104.96,63.45,0,,0
O000960-1,O000960,P036,4,35.45,21.49,0.05,,0
O000961-1,O000961,P020,1,151.49,90.09,0.05,,0
O000962-1,O000962,P024,1,104.96,63.45,0.15,,0
O000962-2,O000962,P019,2,539.67,317.29,0.05,,0
O000963-1,O000963,P007,1,85.33,56.95,0.2,,0
O000964-1,O000964,P004,1,400.96,266.15,0.15,,0
O000964-2,O000964,P005,1,183.5,123.78,0,,0
O000964-3,O000964,P008,1,253.51,162.28,0.05,,0
O000965-1,O000965,P013,1,418.01,238.98,0.05,Arrived late,0
O000966-1,O000966,P003,1,139.72,94.93,0.05,,0
O000966-2,O000966,P026,1,26.84,15.28,0.05,,0
O000967-1,O000967,P040,2,195.87,114.95,0.05,,0
O000967-2,O000967,P034,1,25.32,14.75,0.1,,1
O000968-1,O000968,P044,1,134.21,77.33,0,,0
O000968-2,O000968,P022,1,568.95,369.55,0.1,,0
O000969-1,O000969,P033,1,75.25,44.42,0.05,,0
O000969-2,O000969,P039,1,49.57,31.45,0.1,,0
O000970-1,O000970,P006,1,244.45,154.75,0,,0
O000971-1,O000971,P038,3,152.06,96.3,0.1,,0
O000972-1,O000972,P016,1,630.9,390.58,0.1,,0
O000973-1,O000973,P021,4,221.99,142.61,0.1,,0
O000973-2,O000973,P024,1,104.96,63.45,0.05,,0
O000974-1,O000974,P017,1,198.78,124.13,0.2,Wrong item,0
O000975-1,O000975,P010,2,60.45,40.54,0.2,,0
O000976-1,O000976,P036,5,35.45,21.49,0.1,,0
O000976-2,O000976,P005,4,183.5,123.78,0.05,,0
O000977-1,O000977,P048,2,87.18,54.6,0.05,,0
O000977-2,O000977,P037,5,81.55,51.15,0,,0
O000977-3,O000977,P023,2,195.53,117.52,0,,0
O000978-1,O000978,P033,1,75.25,44.42,0,,0
O000978-2,O000978,P016,3,630.9,390.58,0.1,,0
O000978-3,O000978,P029,3,62.03,33.59,0.1,,0
O000979-1,O000979,P026,3,26.84,15.28,0,,0
O000979-2,O000979,P029,2,62.03,33.59,0.05,,0
O000980-1,O000980,P021,1,221.99,142.61,0.05,,0
O000981-1,O000981,P041,2,78.7,44.75,0.05,,0
O000982-1,O000982,P012,1,414.28,288.7,0.15,,0
O000983-1,O000983,P039,1,49.57,31.45,0,,0
O000984-1,O000984,P028,1,54.22,32.4,0.1,,0
O000984-2,O000984,P024,1,104.96,63.45,0.2,,0
O000985-1,O000985,P044,2,134.21,77.33,0.05,,0
O000985-2,O000985,P018,2,294.41,187.22,0.05,,0
O000985-3,O000985,P006,3,244.45,154.75,0.05,,0
O000985-4,O000985,P047,1,142.37,88.8,0.05,,0
O000986-1,O000986,P015,1,168.09,101.78,0,,0
O000986-2,O000986,P014,1,100.54,57.99,0.15,,0
O000987-1,O000987,P031,1,8.72,4.67,0.15,,0
O000988-1,O000988,P009,1,296.73,204.62,0,,0
O000988-2,O000988,P026,2,26.84,15.28,0.05,,0
O000989-1,O000989,P009,1,296.73,204.62,0.05,,0
O000990-1,O000990,P043,1,205.47,129.67,0.05,,0
O000990-2,O000990,P020,2,151.49,90.09,0.1,,0
O000990-3,O000990,P044,1,134.21,77.33,0,,0
O000990-4,O000990,P048,2,87.18,54.6,0,,0
O000991-1,O000991,P011,3,416.54,268.27,0.1,,0
O000992-1,O000992,P016,1,630.9,390.58,0.15,,0
O000992-2,O000992,P013,2,418.01,238.98,0.1,,0
O000992-3,O000992,P002,3,120.53,78.28,0.15,,0
O000993-1,O000993,P027,1,42.25,24.81,0,,0
O000993-2,O000993,P013,3,418.01,238.98,0,,0
O000994-1,O000994,P030,4,46.94,28.34,0.05,,0
O000994-2,O000994,P020,2,151.49,90.09,0.15000000000000002,,0
O000995-1,O000995,P002,3,120.53,78.28,0.2,,0
O000995-2,O000995,P003,1,139.72,94.93,0.05,,0
O000996-1,O000996,P001,2,214.49,142.19,0.05,,0
O000996-2,O000996,P025,2,71.76,42.18,0.05,,0
O000996-3,O000996,P029,2,62.03,33.59,0.05,,0
O000997-1,O000997,P019,1,539.67,317.29,0.1,,0
O000997-2,O000997,P004,2,400.96,266.15,0.15,,0
O000998-1,O000998,P048,1,87.18,54.6,0,,0
O000998-2,O000998,P040,4,195.87,114.95,0,,0
O000999-1,O000999,P003,1,139.72,94.93,0.15000000000000002,,0
O001000-1,O001000,P036,2,35.45,21.49,0.05,,0
O001001-1,O001001,P020,3,151.49,90.09,0.2,,0
O001002-1,O001002,P006,1,244.45,154.75,0.05,,1
O001002-2,O001002,P025,1,71.76,42.18,0,,0
O001002-3,O001002,P038,2,152.06,96.3,0,,0
O001003-1,O001003,P039,1,49.57,31.45,0,,0
O001003-2,O001003,P044,1,134.21,77.33,0,,0
O001004-1,O001004,P045,1,147.73,93.9,0.05,,0
O001005-1,O001005,P009,4,296.73,204.62,0,,0
O001006-1,O001006,P034,1,25.32,14.75,0.2,,0
O001006-2,O001006,P042,1,180.79,114.47,0.05,,0
O001006-3,O001006,P011,1,416.54,268.27,0.15000000000000002,,0
O001007-1,O001007,P014,5,100.54,57.99,0.15000000000000002,,0
O001007-2,O001007,P033,1,75.25,44.42,0.1,,0
O001007-3,O001007,P021,1,221.99,142.61,0.1,,0
O001007-4,O001007,P022,2,568.95,369.55,0.2,,0
O001008-1,O001008,P012,3,414.28,288.7,0,,0
O001009-1,O001009,P020,1,151.49,90.09,0.05,,0
O001009-2,O001009,P010,1,60.45,40.54,0.05,,0
O001010-1,O001010,P035,3,41.88,25.54,0.1,,0
O001010-2,O001010,P044,2,134.21,77.33,0.1,,0
O001011-1,O001011,P044,2,134.21,77.33,0,,0
O001011-2,O001011,P028,1,54.22,32.4,0.05,,0
O001011-3,O001011,P006,1,244.45,154.75,0.05,,0
O001012-1,O001012,P031,1,8.72,4.67,0.15,,0
O001013-1,O001013,P015,1,168.09,101.78,0.15000000000000002,,0
O001013-2,O001013,P008,3,253.51,162.28,0.05,,0
O001013-3,O001013,P025,3,71.76,42.18,0.15000000000000002,,0
O001013-4,O001013,P040,5,195.87,114.95,0.2,,0
O001014-1,O001014,P021,3,221.99,142.61,0.05,,0
O001015-1,O001015,P046,1,180.61,102.64,0,,0
O001015-2,O001015,P001,1,214.49,142.19,0.15,,0
O001016-1,O001016,P005,1,183.5,123.78,0.05,,0
O001016-2,O001016,P031,1,8.72,4.67,0.1,,0
O001017-1,O001017,P038,4,152.06,96.3,0,Arrived late,0
O001018-1,O001018,P030,1,46.94,28.34,0,,0
O001019-1,O001019,P028,5,54.22,32.4,0,,0
O001020-1,O001020,P013,1,418.01,238.98,0,,0
O001021-1,O001021,P023,2,195.53,117.52,0.05,,0
O001021-2,O001021,P028,1,54.22,32.4,0.2,,0
O001021-3,O001021,P005,4,183.5,123.78,0.15,,0
O001021-4,O001021,P032,1,45.76,24.77,0,,0
O001022-1,O001022,P042,4,180.79,114.47,0,,0
O001022-2,O001022,P037,1,81.55,51.15,0.1,,0
O001022-3,O001022,P047,3,142.37,88.8,0.05,,0
O001022-4,O001022,P019,1,539.67,317.29,0.1,,0
O001023-1,O001023,P027,2,42.25,24.81,0.05,,0
O001023-2,O001023,P010,2,60.45,40.54,0.1,,0
O001024-1,O001024,P004,1,400.96,266.15,0.05,,0
O001024-2,O001024,P039,5,49.57,31.45,0.15000000000000002,,0
O001025-1,O001025,P043,1,205.47,129.67,0.05,Not as described,0
O001025-2,O001025,P035,2,41.88,25.54,0.05,Damaged,0
O001026-1,O001026,P018,1,294.41,187.22,0,,0
O001026-2,O001026,P030,1,46.94,28.34,0,,0
O001026-3,O001026,P017,1,198.78,124.13,0.1,,1
O001027-1,O001027,P009,3,296.73,204.62,0.1,Changed mind,0
O001028-1,O001028,P009,1,296.73,204.62,0.05,Changed mind,0
O001028-2,O001028,P023,3,195.53,117.52,0,Damaged,1
O001029-1,O001029,P047,1,142.37,88.8,0.15,,0
O001030-1,O001030,P047,3,142.37,88.8,0.15,,0
O001031-1,O001031,P023,2,195.53,117.52,0,,0
O001032-1,O001032,P028,3,54.22,32.4,0.2,,0
O001032-2,O001032,P013,2,418.01,238.98,0.2,,0
O001033-1,O001033,P045,1,147.73,93.9,0.1,,0
O001033-2,O001033,P036,2,35.45,21.49,0.05,,0
O001034-1,O001034,P006,4,244.45,154.75,0,,0
O001034-2,O001034,P025,1,71.76,42.18,0,,0
O001034-3,O001034,P017,1,198.78,124.13,0.15,,0
O001035-1,O001035,P021,1,221.99,142.61,0.05,,0
O001035-2,O001035,P012,1,414.28,288.7,0.2,,0
O001035-3,O001035,P031,2,8.72,4.67,0.2,,0
O001036-1,O001036,P047,5,142.37,88.8,0.05,,0
O001036-2,O001036,P038,2,152.06,96.3,0.05,,0
O001037-1,O001037,P007,2,85.33,56.95,0,Not as described,0
O001037-2,O001037,P035,3,41.88,25.54,0.1,Wrong item,0
O001038-1,O001038,P009,1,296.73,204.62,0,,0
O001039-1,O001039,P016,3,630.9,390.58,0.15000000000000002,,0
O001040-1,O001040,P027,2,42.25,24.81,0,,0
O001040-2,O001040,P029,1,62.03,33.59,0.2,,0
O001041-1,O001041,P013,1,418.01,238.98,0.05,Changed mind,0
O001042-1,O001042,P014,1,100.54,57.99,0.05,,0
O001043-1,O001043,P014,1,100.54,57.99,0.05,,0
O001043-2,O001043,P008,2,253.51,162.28,0.15,,0
O001044-1,O001044,P013,2,418.01,238.98,0,,0
O001045-1,O001045,P042,1,180.79,114.47,0.05,,0
O001046-1,O001046,P048,5,87.18,54.6,0.05,,0
O001046-2,O001046,P004,1,400.96,266.15,0.05,,0
O001046-3,O001046,P012,3,414.28,288.7,0.1,,0
O001047-1,O001047,P005,1,183.5,123.78,0.15000000000000002,,0
O001047-2,O001047,P025,2,71.76,42.18,0.1,,0
O001048-1,O001048,P039,3,49.57,31.45,0,,0
O001049-1,O001049,P023,1,195.53,117.52,0.1,,0
O001049-2,O001049,P045,1,147.73,93.9,0.15,,0
O001050-1,O001050,P034,1,25.32,14.75,0.1,,0
O001051-1,O001051,P004,1,400.96,266.15,0,,0
O001052-1,O001052,P045,2,147.73,93.9,0.1,,0
O001052-2,O001052,P037,3,81.55,51.15,0.2,,0
O001053-1,O001053,P031,2,8.72,4.67,0,,0
O001054-1,O001054,P015,4,168.09,101.78,0,Changed mind,0
O001054-2,O001054,P040,1,195.87,114.95,0.05,Not as described,0
O001054-3,O001054,P035,2,41.88,25.54,0.05,Wrong item,0
O001055-1,O001055,P043,2,205.47,129.67,0.05,,0
O001055-2,O001055,P002,1,120.53,78.28,0.1,,0
O001056-1,O001056,P038,1,152.06,96.3,0.15,,0
O001057-1,O001057,P031,1,8.72,4.67,0.15,,0
O001058-1,O001058,P029,1,62.03,33.59,0.05,,0
O001058-2,O001058,P004,1,400.96,266.15,0.1,,0
O001058-3,O001058,P036,3,35.45,21.49,0.05,,0
O001058-4,O001058,P026,4,26.84,15.28,0,,0
O001059-1,O001059,P024,1,104.96,63.45,0.1,,0
O001059-2,O001059,P036,2,35.45,21.49,0.15,,0
O001060-1,O001060,P034,3,25.32,14.75,0.05,,0
O001061-1,O001061,P028,1,54.22,32.4,0.05,,0
O001061-2,O001061,P025,1,71.76,42.18,0.1,,0
O001061-3,O001061,P003,1,139.72,94.93,0.1,,0
O001062-1,O001062,P030,1,46.94,28.34,0,,0
O001063-1,O001063,P022,1,568.95,369.55,0.1,,0
O001063-2,O001063,P006,2,244.45,154.75,0.1,,0
O001064-1,O001064,P032,2,45.76,24.77,0.1,,0
O001064-2,O001064,P047,1,142.37,88.8,0,,0
O001064-3,O001064,P026,1,26.84,15.28,0.05,,0
O001065-1,O001065,P039,1,49.57,31.45,0.1,,0
O001066-1,O001066,P004,2,400.96,266.15,0.05,,0
O001067-1,O001067,P025,2,71.76,42.18,0.05,,0
O001067-2,O001067,P019,4,539.67,317.29,0.1,,0
O001068-1,O001068,P003,1,139.72,94.93,0,,0
O001069-1,O001069,P017,2,198.78,124.13,0,,0
O001070-1,O001070,P019,1,539.67,317.29,0.1,,0
O001071-1,O001071,P014,2,100.54,57.99,0.15,,0
O001072-1,O001072,P022,3,568.95,369.55,0.05,,0
O001072-2,O001072,P043,3,205.47,129.67,0.05,,0
O001073-1,O001073,P004,1,400.96,266.15,0,Not as described,0
O001073-2,O001073,P046,1,180.61,102.64,0,Changed mind,0
O001074-1,O001074,P029,1,62.03,33.59,0.05,,0
O001074-2,O001074,P013,4,418.01,238.98,0.15,,0
O001074-3,O001074,P024,1,104.96,63.45,0.15,,0
O001074-4,O001074,P004,3,400.96,266.15,0,,0
O001075-1,O001075,P041,1,78.7,44.75,0.1,,0
O001076-1,O001076,P036,1,35.45,21.49,0.15,,0
O001076-2,O001076,P007,2,85.33,56.95,0.15,,0
O001077-1,O001077,P021,1,221.99,142.61,0.05,,0
O001077-2,O001077,P006,2,244.45,154.75,0,,0
O001078-1,O001078,P022,1,568.95,369.55,0.15000000000000002,,0
O001078-2,O001078,P006,3,244.45,154.75,0.15000000000000002,,0
O001078-3,O001078,P027,2,42.25,24.81,0.15000000000000002,,0
O001079-1,O001079,P048,1,87.18,54.6,0.05,,0
O001079-2,O001079,P012,1,414.28,288.7,0.1,,0
O001080-1,O001080,P032,1,45.76,24.77,0.05,,0
O001080-2,O001080,P036,3,35.45,21.49,0.05,,0
O001080-3,O001080,P004,4,400.96,266.15,0,,0
O001081-1,O001081,P028,1,54.22,32.4,0.05,,0
O001081-2,O001081,P005,2,183.5,123.78,0.05,,0
O001082-1,O001082,P047,1,142.37,88.8,0,,0
O001083-1,O001083,P046,2,180.61,102.64,0.05,,0
O001083-2,O001083,P030,2,46.94,28.34,0.15000000000000002,,0
O001084-1,O001084,P030,1,46.94,28.34,0,,0
O001084-2,O001084,P002,2,120.53,78.28,0,,0
O001084-3,O001084,P016,1,630.9,390.58,0,,0
O001084-4,O001084,P032,3,45.76,24.77,0.1,,0
O001085-1,O001085,P019,3,539.67,317.29,0,,0
O001086-1,O001086,P027,3,42.25,24.81,0.05,,0
O001087-1,O001087,P027,2,42.25,24.81,0,,0
O001088-1,O001088,P005,1,183.5,123.78,0.1,,0
O001089-1,O001089,P047,2,142.37,88.8,0.05,,0
O001090-1,O001090,P008,1,253.51,162.28,0.05,,0
O001090-2,O001090,P004,1,400.96,266.15,0,,0
O001091-1,O001091,P021,1,221.99,142.61,0,,0
O001091-2,O001091,P014,1,100.54,57.99,0,,0
O001091-3,O001091,P040,3,195.87,114.95,0,,0
O001092-1,O001092,P032,3,45.76,24.77,0,,0
O001093-1,O001093,P046,4,180.61,102.64,0,,0
O001093-2,O001093,P004,2,400.96,266.15,0,,0
O001094-1,O001094,P001,1,214.49,142.19,0,Changed mind,0
O001095-1,O001095,P026,1,26.84,15.28,0,,0
O001096-1,O001096,P014,3,100.54,57.99,0,,0
O001097-1,O001097,P008,2,253.51,162.28,0.15000000000000002,,0
O001098-1,O001098,P033,4,75.25,44.42,0.2,,0
O001099-1,O001099,P013,1,418.01,238.98,0.1,,0
O001099-2,O001099,P017,2,198.78,124.13,0.15000000000000002,,0
O001099-3,O001099,P010,1,60.45,40.54,0.2,,0
O001100-1,O001100,P033,1,75.25,44.42,0.1,,0
O001101-1,O001101,P031,2,8.72,4.67,0.15,,0
O001102-1,O001102,P026,2,26.84,15.28,0,,0
O001102-2,O001102,P018,3,294.41,187.22,0.05,,0
O001103-1,O001103,P021,1,221.99,142.61,0.15000000000000002,,0
O001103-2,O001103,P040,1,195.87,114.95,0.1,,0
O001103-3,O001103,P031,1,8.72,4.67,0.05,,0
O001103-4,O001103,P029,1,62.03,33.59,0.05,,0
O001104-1,O001104,P007,2,85.33,56.95,0,Damaged,0
O001104-2,O001104,P015,2,168.09,101.78,0.2,Damaged,0
O001104-3,O001104,P017,2,198.78,124.13,0.15,Not as described,0
O001105-1,O001105,P040,1,195.87,114.95,0.2,,0
O001105-2,O001105,P038,1,152.06,96.3,0.15000000000000002,,0
O001105-3,O001105,P002,2,120.53,78.28,0.15000000000000002,,0
O001106-1,O001106,P028,1,54.22,32.4,0,,0
O001107-1,O001107,P011,1,416.54,268.27,0.15,,0
O001108-1,O001108,P006,1,244.45,154.75,0.1,,0
O001109-1,O001109,P027,2,42.25,24.81,0.05,,0
O001109-2,O001109,P033,1,75.25,44.42,0,,0
O001109-3,O001109,P026,1,26.84,15.28,0,,0
O001110-1,O001110,P048,1,87.18,54.6,0,,0
O001110-2,O001110,P036,1,35.45,21.49,0.2,,0
O001110-3,O001110,P038,1,152.06,96.3,0.05,,0
O001111-1,O001111,P037,1,81.55,51.15,0,,0
O001112-1,O001112,P034,3,25.32,14.75,0.1,,0
O001113-1,O001113,P033,1,75.25,44.42,0.15,,0
O001113-2,O001113,P039,2,49.57,31.45,0.05,,0
O001113-3,O001113,P013,2,418.01,238.98,0.15,,0
O001114-1,O001114,P014,2,100.54,57.99,0,,0
O001114-2,O001114,P022,2,568.95,369.55,0,,0
O001115-1,O001115,P008,2,253.51,162.28,0,,0
O001115-2,O001115,P036,2,35.45,21.49,0.15,,0
O001115-3,O001115,P004,1,400.96,266.15,0.15,,0
O001116-1,O001116,P033,1,75.25,44.42,0.05,,0
O001117-1,O001117,P004,1,400.96,266.15,0,,0
O001117-2,O001117,P045,2,147.73,93.9,0.1,,0
O001118-1,O001118,P023,2,195.53,117.52,0,,0
O001118-2,O001118,P032,2,45.76,24.77,0.2,,0
O001119-1,O001119,P011,3,416.54,268.27,0.2,,0
O001119-2,O001119,P040,1,195.87,114.95,0.2,,0
O001119-3,O001119,P014,1,100.54,57.99,0.1,,0
O001119-4,O001119,P044,3,134.21,77.33,0.1,,0
O001120-1,O001120,P030,1,46.94,28.34,0,,0
O001120-2,O001120,P040,1,195.87,114.95,0.05,,0
O001121-1,O001121,P044,1,134.21,77.33,0.2,,0
O001122-1,O001122,P021,1,221.99,142.61,0,Arrived late,0
O001122-2,O001122,P037,1,81.55,51.15,0.15,Wrong item,0
O001122-3,O001122,P013,2,418.01,238.98,0.1,Not as described,0
O001122-4,O001122,P032,2,45.76,24.77,0.05,Not as described,0
O001123-1,O001123,P017,1,198.78,124.13,0,Not as described,0
O001123-2,O001123,P027,2,42.25,24.81,0.1,Changed mind,0
O001123-3,O001123,P037,1,81.55,51.15,0.05,Not as described,0
O001124-1,O001124,P013,3,418.01,238.98,0.05,,0
O001124-2,O001124,P020,2,151.49,90.09,0.05,,0
O001124-3,O001124,P018,2,294.41,187.22,0.05,,0
O001125-1,O001125,P019,1,539.67,317.29,0,,0
O001126-1,O001126,P002,1,120.53,78.28,0,,0
O001127-1,O001127,P038,1,152.06,96.3,0.1,,0
O001127-2,O001127,P044,1,134.21,77.33,0.1,,0
O001128-1,O001128,P037,1,81.55,51.15,0,,1
O001128-2,O001128,P028,1,54.22,32.4,0,,0
O001129-1,O001129,P040,2,195.87,114.95,0.05,,0
O001130-1,O001130,P032,2,45.76,24.77,0,,0
O001131-1,O001131,P027,4,42.25,24.81,0,,0
O001131-2,O001131,P042,1,180.79,114.47,0.05,,0
O001131-3,O001131,P043,5,205.47,129.67,0.05,,0
O001131-4,O001131,P003,2,139.72,94.93,0.05,,0
O001132-1,O001132,P003,3,139.72,94.93,0.1,,0
O001133-1,O001133,P020,1,151.49,90.09,0,,0
O001134-1,O001134,P040,1,195.87,114.95,0.2,,1
O001134-2,O001134,P024,1,104.96,63.45,0,,1
O001135-1,O001135,P048,1,87.18,54.6,0.1,,0
O001135-2,O001135,P016,2,630.9,390.58,0,,0
O001136-1,O001136,P044,1,134.21,77.33,0.05,,0
O001136-2,O001136,P028,1,54.22,32.4,0,,0
O001137-1,O001137,P010,2,60.45,40.54,0.05,,0
O001138-1,O001138,P008,1,253.51,162.28,0.05,,0
O001139-1,O001139,P013,1,418.01,238.98,0.05,,0
O001139-2,O001139,P010,2,60.45,40.54,0.1,,0
O001140-1,O001140,P014,1,100.54,57.99,0.1,,0
O001140-2,O001140,P003,1,139.72,94.93,0.05,,0
O001141-1,O001141,P046,1,180.61,102.64,0,,0
O001142-1,O001142,P034,1,25.32,14.75,0.05,,0
O001143-1,O001143,P002,1,120.53,78.28,0,,0
O001144-1,O001144,P042,2,180.79,114.47,0.2,,0
O001145-1,O001145,P006,2,244.45,154.75,0,Arrived late,0
O001146-1,O001146,P024,2,104.96,63.45,0,,0
O001147-1,O001147,P032,2,45.76,24.77,0,,0
O001147-2,O001147,P035,2,41.88,25.54,0.1,,0
O001148-1,O001148,P029,1,62.03,33.59,0,Changed mind,0
O001149-1,O001149,P010,1,60.45,40.54,0.1,,0
O001149-2,O001149,P048,4,87.18,54.6,0.1,,0
O001149-3,O001149,P033,3,75.25,44.42,0,,0
O001150-1,O001150,P015,1,168.09,101.78,0.1,Not as described,0
O001150-2,O001150,P036,1,35.45,21.49,0,Not as described,0
O001151-1,O001151,P034,3,25.32,14.75,0,,0
O001151-2,O001151,P047,1,142.37,88.8,0.2,,0
O001152-1,O001152,P012,1,414.28,288.7,0.15,,0
O001153-1,O001153,P026,2,26.84,15.28,0.1,,0
O001154-1,O001154,P033,1,75.25,44.42,0,,0
O001155-1,O001155,P027,2,42.25,24.81,0.1,,0
O001156-1,O001156,P035,4,41.88,25.54,0,,0
O001157-1,O001157,P013,1,418.01,238.98,0.1,,0
O001157-2,O001157,P012,2,414.28,288.7,0.15000000000000002,,0
O001158-1,O001158,P026,1,26.84,15.28,0.05,,0
O001158-2,O001158,P011,1,416.54,268.27,0.15000000000000002,,0
O001159-1,O001159,P043,1,205.47,129.67,0.1,,0
O001160-1,O001160,P034,4,25.32,14.75,0.1,,0
O001161-1,O001161,P031,1,8.72,4.67,0.05,,0
O001161-2,O001161,P017,3,198.78,124.13,0.05,,0
O001161-3,O001161,P034,1,25.32,14.75,0.2,,0
O001162-1,O001162,P034,2,25.32,14.75,0.15,,0
O001163-1,O001163,P006,3,244.45,154.75,0.1,,0
O001164-1,O001164,P011,1,416.54,268.27,0.05,,0
O001164-2,O001164,P022,5,568.95,369.55,0,,0
O001164-3,O001164,P015,2,168.09,101.78,0.05,,0
O001165-1,O001165,P027,2,42.25,24.81,0.05,,0
O001165-2,O001165,P001,1,214.49,142.19,0.1,,0
O001166-1,O001166,P029,4,62.03,33.59,0,,0
O001166-2,O001166,P006,1,244.45,154.75,0,,0
O001166-3,O001166,P014,1,100.54,57.99,0,,0
O001167-1,O001167,P014,1,100.54,57.99,0.1,,0
O001168-1,O001168,P006,2,244.45,154.75,0,,1
O001168-2,O001168,P021,3,221.99,142.61,0,,0
O001169-1,O001169,P026,2,26.84,15.28,0.05,,0
O001170-1,O001170,P019,1,539.67,317.29,0.05,,0
O001171-1,O001171,P022,1,568.95,369.55,0.05,,0
O001171-2,O001171,P046,1,180.61,102.64,0.1,,0
O001172-1,O001172,P048,1,87.18,54.6,0.2,,0
O001172-2,O001172,P013,5,418.01,238.98,0.2,,0
O001173-1,O001173,P038,2,152.06,96.3,0,,0
O001173-2,O001173,P028,1,54.22,32.4,0.1,,0
O001174-1,O001174,P047,1,142.37,88.8,0,,0
O001175-1,O001175,P028,1,54.22,32.4,0.1,Changed mind,0
O001176-1,O001176,P005,1,183.5,123.78,0,Wrong item,0
O001177-1,O001177,P024,1,104.96,63.45,0,,0
O001178-1,O001178,P008,2,253.51,162.28,0.05,Not as described,0
O001178-2,O001178,P025,1,71.76,42.18,0,Changed mind,0
O001179-1,O001179,P018,1,294.41,187.22,0.05,,0
O001180-1,O001180,P033,1,75.25,44.42,0,,0
O001181-1,O001181,P005,1,183.5,123.78,0,,0
O001181-2,O001181,P018,2,294.41,187.22,0.05,,0
O001181-3,O001181,P040,1,195.87,114.95,0.05,,0
O001182-1,O001182,P014,2,100.54,57.99,0,Damaged,0
O001182-2,O001182,P034,2,25.32,14.75,0.05,Arrived late,0
O001182-3,O001182,P035,1,41.88,25.54,0.2,Damaged,0
O001183-1,O001183,P004,3,400.96,266.15,0.15,,0
O001183-2,O001183,P034,3,25.32,14.75,0,,0
O001183-3,O001183,P008,2,253.51,162.28,0.05,,0
O001183-4,O001183,P046,1,180.61,102.64,0,,0
O001184-1,O001184,P024,1,104.96,63.45,0,,0
O001184-2,O001184,P017,4,198.78,124.13,0.15,,0
O001185-1,O001185,P001,3,214.49,142.19,0,,0
O001186-1,O001186,P045,3,147.73,93.9,0.05,,0
O001186-2,O001186,P042,1,180.79,114.47,0.15,,0
O001186-3,O001186,P046,4,180.61,102.64,0,,0
O001187-1,O001187,P037,1,81.55,51.15,0.1,,0
O001188-1,O001188,P003,1,139.72,94.93,0.05,,0
O001188-2,O001188,P028,1,54.22,32.4,0.15,,0
O001189-1,O001189,P042,1,180.79,114.47,0.1,,0
O001190-1,O001190,P032,2,45.76,24.77,0,,0
O001191-1,O001191,P001,1,214.49,142.19,0.05,,0
O001192-1,O001192,P035,1,41.88,25.54,0,Changed mind,0
O001192-2,O001192,P041,3,78.7,44.75,0,Arrived late,0
O001192-3,O001192,P027,2,42.25,24.81,0,Changed mind,0
O001193-1,O001193,P002,1,120.53,78.28,0.1,,0
O001193-2,O001193,P041,3,78.7,44.75,0.1,,0
O001193-3,O001193,P047,1,142.37,88.8,0.1,,0
O001194-1,O001194,P019,1,539.67,317.29,0.05,,0
O001195-1,O001195,P041,3,78.7,44.75,0,,0
O001196-1,O001196,P025,1,71.76,42.18,0.15,,0
O001197-1,O001197,P031,3,8.72,4.67,0.1,,0
O001198-1,O001198,P026,2,26.84,15.28,0.1,,0
O001199-1,O001199,P045,1,147.73,93.9,0.1,,0
O001199-2,O001199,P029,2,62.03,33.59,0.05,,0
O001200-1,O001200,P036,2,35.45,21.49,0,,0
O001200-2,O001200,P029,1,62.03,33.59,0,,0
O001201-1,O001201,P007,1,85.33,56.95,0.15,,0
O001202-1,O001202,P006,1,244.45,154.75,0.1,,0
O001203-1,O001203,P026,3,26.84,15.28,0.1,,0
O001204-1,O001204,P038,1,152.06,96.3,0.1,,0
O001205-1,O001205,P040,1,195.87,114.95,0.1,,0
O001205-2,O001205,P027,1,42.25,24.81,0.05,,0
O001206-1,O001206,P043,2,205.47,129.67,0.05,,0
O001207-1,O001207,P039,1,49.57,31.45,0.2,,0
O001207-2,O001207,P030,1,46.94,28.34,0,,0
O001208-1,O001208,P009,1,296.73,204.62,0,,0
O001209-1,O001209,P035,3,41.88,25.54,0,,0
O001210-1,O001210,P005,2,183.5,123.78,0,,1
O001211-1,O001211,P028,4,54.22,32.4,0,Arrived late,0
O001211-2,O001211,P030,1,46.94,28.34,0,Arrived late,0
O001211-3,O001211,P024,2,104.96,63.45,0.05,Damaged,0
O001212-1,O001212,P032,2,45.76,24.77,0.1,,0
O001212-2,O001212,P038,1,152.06,96.3,0.05,,0
O001212-3,O001212,P015,2,168.09,101.78,0.2,,0
O001213-1,O001213,P008,1,253.51,162.28,0.1,,0
O001213-2,O001213,P030,3,46.94,28.34,0,,0
O001214-1,O001214,P046,3,180.61,102.64,0.1,,0
O001215-1,O001215,P014,3,100.54,57.99,0.1,,0
O001216-1,O001216,P031,3,8.72,4.67,0.15000000000000002,,0
O001217-1,O001217,P036,1,35.45,21.49,0.1,,0
O001218-1,O001218,P030,1,46.94,28.34,0.05,,0
O001219-1,O001219,P045,1,147.73,93.9,0,,0
O001219-2,O001219,P016,1,630.9,390.58,0.05,,0
O001219-3,O001219,P047,1,142.37,88.8,0.05,,0
O001220-1,O001220,P041,3,78.7,44.75,0.05,,0
O001221-1,O001221,P030,1,46.94,28.34,0,,0
O001222-1,O001222,P019,1,539.67,317.29,0,,0
O001222-2,O001222,P015,1,168.09,101.78,0.1,,0
O001222-3,O001222,P036,4,35.45,21.49,0.1,,0
O001223-1,O001223,P022,3,568.95,369.55,0.05,,0
O001224-1,O001224,P015,1,168.09,101.78,0,,0
O001224-2,O001224,P008,3,253.51,162.28,0.1,,0
O001224-3,O001224,P013,1,418.01,238.98,0.05,,0
O001224-4,O001224,P033,1,75.25,44.42,0,,0
O001225-1,O001225,P014,2,100.54,57.99,0.1,,0
O001225-2,O001225,P028,2,54.22,32.4,0.1,,0
O001225-3,O001225,P036,1,35.45,21.49,0,,0
O001226-1,O001226,P013,3,418.01,238.98,0.1,,0
O001227-1,O001227,P029,1,62.03,33.59,0,,0
O001228-1,O001228,P027,1,42.25,24.81,0,,0
O001229-1,O001229,P007,3,85.33,56.95,0.1,,0
O001229-2,O001229,P005,1,183.5,123.78,0.05,,0
O001230-1,O001230,P029,2,62.03,33.59,0.05,,0
O001230-2,O001230,P045,1,147.73,93.9,0.15000000000000002,,0
O001230-3,O001230,P036,1,35.45,21.49,0.05,,0
O001231-1,O001231,P031,4,8.72,4.67,0.1,,0
O001232-1,O001232,P017,1,198.78,124.13,0.15,,0
O001232-2,O001232,P018,1,294.41,187.22,0,,0
O001233-1,O001233,P038,2,152.06,96.3,0.1,,0
O001234-1,O001234,P036,1,35.45,21.49,0,Damaged,0
O001234-2,O001234,P017,4,198.78,124.13,0,Damaged,0
O001234-3,O001234,P028,1,54.22,32.4,0,Wrong item,0
O001235-1,O001235,P004,1,400.96,266.15,0.1,,0
O001235-2,O001235,P021,2,221.99,142.61,0.1,,0
O001236-1,O001236,P038,2,152.06,96.3,0.2,Damaged,0
O001236-2,O001236,P009,1,296.73,204.62,0.05,Not as described,0
O001237-1,O001237,P018,1,294.41,187.22,0.05,,0
O001238-1,O001238,P047,1,142.37,88.8,0.05,Damaged,0
O001239-1,O001239,P029,1,62.03,33.59,0.1,,0
O001239-2,O001239,P028,3,54.22,32.4,0,,0
O001240-1,O001240,P035,1,41.88,25.54,0.05,,0
O001241-1,O001241,P039,2,49.57,31.45,0.05,,0
O001241-2,O001241,P012,1,414.28,288.7,0.05,,0
O001242-1,O001242,P028,1,54.22,32.4,0.2,,0
O001242-2,O001242,P038,1,152.06,96.3,0.2,,0
O001243-1,O001243,P035,1,41.88,25.54,0.15,,0
O001243-2,O001243,P025,1,71.76,42.18,0,,0
O001243-3,O001243,P037,1,81.55,51.15,0,,0
O001244-1,O001244,P028,1,54.22,32.4,0.1,,1
O001245-1,O001245,P011,1,416.54,268.27,0.1,,0
O001245-2,O001245,P038,1,152.06,96.3,0.1,,0
O001246-1,O001246,P043,2,205.47,129.67,0,,0
O001246-2,O001246,P022,3,568.95,369.55,0.15,,0
O001246-3,O001246,P003,1,139.72,94.93,0.2,,0
O001246-4,O001246,P031,4,8.72,4.67,0.1,,0
O001247-1,O001247,P013,2,418.01,238.98,0.05,,0
O001248-1,O001248,P033,1,75.25,44.42,0.05,,0
O001249-1,O001249,P041,3,78.7,44.75,0,,0
O001249-2,O001249,P034,2,25.32,14.75,0.15,,0
O001249-3,O001249,P004,2,400.96,266.15,0.05,,0
O001250-1,O001250,P041,3,78.7,44.75,0.15,,0
O001251-1,O001251,P021,2,221.99,142.61,0.2,Not as described,0
O001251-2,O001251,P027,1,42.25,24.81,0.05,Arrived late,0
O001251-3,O001251,P023,4,195.53,117.52,0.2,Wrong item,0
O001252-1,O001252,P037,1,81.55,51.15,0,,0
O001253-1,O001253,P004,1,400.96,266.15,0,,0
O001253-2,O001253,P009,4,296.73,204.62,0,,0
O001254-1,O001254,P033,1,75.25,44.42,0.05,,0
O001254-2,O001254,P048,1,87.18,54.6,0.1,,0
O001255-1,O001255,P016,1,630.9,390.58,0.1,,0
O001256-1,O001256,P042,5,180.79,114.47,0,,0
O001257-1,O001257,P039,1,49.57,31.45,0.05,,0
O001257-2,O001257,P024,1,104.96,63.45,0.15,,0
O001258-1,O001258,P027,1,42.25,24.81,0.1,,0
O001259-1,O001259,P035,2,41.88,25.54,0,,0
O001260-1,O001260,P012,1,414.28,288.7,0,,0
O001261-1,O001261,P007,3,85.33,56.95,0.15,,0
O001261-2,O001261,P036,1,35.45,21.49,0.15,,0
O001261-3,O001261,P016,2,630.9,390.58,0.05,,0
O001262-1,O001262,P011,1,416.54,268.27,0.15,,0
O001263-1,O001263,P008,3,253.51,162.28,0,,0
O001264-1,O001264,P018,5,294.41,187.22,0.1,,0
O001265-1,O001265,P008,2,253.51,162.28,0,,0
O001266-1,O001266,P047,1,142.37,88.8,0.05,,1
O001266-2,O001266,P032,1,45.76,24.77,0,,0
O001266-3,O001266,P021,1,221.99,142.61,0,,1
O001266-4,O001266,P036,1,35.45,21.49,0.1,,0
O001267-1,O001267,P003,1,139.72,94.93,0.2,,0
O001268-1,O001268,P024,2,104.96,63.45,0.2,,0
O001269-1,O001269,P003,2,139.72,94.93,0.15000000000000002,,0
O001269-2,O001269,P032,2,45.76,24.77,0.2,,0
O001270-1,O001270,P013,1,418.01,238.98,0.1,,0
O001270-2,O001270,P016,1,630.9,390.58,0.15,,0
O001270-3,O001270,P042,2,180.79,114.47,0,,0
O001271-1,O001271,P042,1,180.79,114.47,0.15,,0
O001272-1,O001272,P025,1,71.76,42.18,0,,0
O001273-1,O001273,P043,1,205.47,129.67,0.15000000000000002,,0
O001273-2,O001273,P018,1,294.41,187.22,0.05,,0
O001273-3,O001273,P008,2,253.51,162.28,0.05,,0
O001273-4,O001273,P012,1,414.28,288.7,0.15000000000000002,,0
O001274-1,O001274,P015,1,168.09,101.78,0,,0
O001274-2,O001274,P012,2,414.28,288.7,0,,0
O001275-1,O001275,P042,3,180.79,114.47,0.2,,0
O001275-2,O001275,P039,1,49.57,31.45,0.15,,1
O001276-1,O001276,P010,1,60.45,40.54,0.05,Changed mind,0
O001277-1,O001277,P011,2,416.54,268.27,0.05,,0
O001278-1,O001278,P031,1,8.72,4.67,0.15000000000000002,,0
O001278-2,O001278,P036,1,35.45,21.49,0.05,,0
O001278-3,O001278,P022,2,568.95,369.55,0.05,,0
O001279-1,O001279,P040,3,195.87,114.95,0.15,,0
O001279-2,O001279,P039,2,49.57,31.45,0.05,,0
O001280-1,O001280,P010,1,60.45,40.54,0,,0
O001280-2,O001280,P003,1,139.72,94.93,0,,0
O001281-1,O001281,P021,1,221.99,142.61,0.1,,0
O001282-1,O001282,P039,3,49.57,31.45,0,,0
O001282-2,O001282,P046,1,180.61,102.64,0.1,,0
O001283-1,O001283,P031,1,8.72,4.67,0.15000000000000002,,0
O001284-1,O001284,P003,1,139.72,94.93,0,Changed mind,0
O001284-2,O001284,P028,2,54.22,32.4,0.05,Damaged,0
O001284-3,O001284,P025,1,71.76,42.18,0,Not as described,0
O001285-1,O001285,P014,2,100.54,57.99,0.1,,0
O001286-1,O001286,P043,3,205.47,129.67,0.1,,0
O001286-2,O001286,P004,1,400.96,266.15,0.1,,0
O001287-1,O001287,P031,1,8.72,4.67,0.2,,0
O001287-2,O001287,P021,2,221.99,142.61,0.15000000000000002,,0
O001288-1,O001288,P016,1,630.9,390.58,0,,0
O001288-2,O001288,P002,2,120.53,78.28,0.1,,1
O001288-3,O001288,P028,1,54.22,32.4,0.1,,0
O001289-1,O001289,P016,2,630.9,390.58,0,,0
O001290-1,O001290,P035,1,41.88,25.54,0.2,,0
O001290-2,O001290,P022,2,568.95,369.55,0.05,,0
O001291-1,O001291,P016,2,630.9,390.58,0.15000000000000002,Arrived late,0
O001291-2,O001291,P028,1,54.22,32.4,0.2,Changed mind,0
O001291-3,O001291,P038,1,152.06,96.3,0.2,Arrived late,0
O001292-1,O001292,P008,1,253.51,162.28,0.05,,0
O001292-2,O001292,P048,3,87.18,54.6,0,,0
O001292-3,O001292,P034,1,25.32,14.75,0.1,,0
O001292-4,O001292,P015,1,168.09,101.78,0.1,,0
O001293-1,O001293,P009,2,296.73,204.62,0.15,,0
O001294-1,O001294,P045,1,147.73,93.9,0.1,,0
O001294-2,O001294,P044,3,134.21,77.33,0.1,,0
O001295-1,O001295,P028,1,54.22,32.4,0,,0
O001296-1,O001296,P027,4,42.25,24.81,0.05,,0
O001296-2,O001296,P020,2,151.49,90.09,0,,0
O001296-3,O001296,P003,1,139.72,94.93,0.1,,0
O001296-4,O001296,P026,1,26.84,15.28,0,,0
O001297-1,O001297,P035,2,41.88,25.54,0.15,,0
O001298-1,O001298,P003,1,139.72,94.93,0.05,,0
O001299-1,O001299,P021,1,221.99,142.61,0.1,,0
O001300-1,O001300,P037,2,81.55,51.15,0.2,,0
O001300-2,O001300,P007,2,85.33,56.95,0.15000000000000002,,0
O001301-1,O001301,P002,1,120.53,78.28,0,Changed mind,0
O001302-1,O001302,P032,1,45.76,24.77,0.05,,0
O001303-1,O001303,P007,2,85.33,56.95,0.05,,0
O001303-2,O001303,P028,2,54.22,32.4,0.05,,0
O001304-1,O001304,P028,2,54.22,32.4,0.05,,0
O001305-1,O001305,P026,1,26.84,15.28,0.05,,0
O001306-1,O001306,P043,1,205.47,129.67,0.05,,0
O001307-1,O001307,P030,4,46.94,28.34,0.15,,0
O001308-1,O001308,P031,1,8.72,4.67,0.05,,0
O001308-2,O001308,P018,1,294.41,187.22,0.05,,0
O001308-3,O001308,P029,3,62.03,33.59,0.05,,0
O001309-1,O001309,P004,1,400.96,266.15,0,,0
O001310-1,O001310,P036,2,35.45,21.49,0,,0
O001310-2,O001310,P016,2,630.9,390.58,0.05,,0
O001311-1,O001311,P046,3,180.61,102.64,0,,0
O001311-2,O001311,P009,1,296.73,204.62,0,,0
O001312-1,O001312,P013,4,418.01,238.98,0.1,,0
O001312-2,O001312,P001,1,214.49,142.19,0.1,,0
O001313-1,O001313,P016,3,630.9,390.58,0.1,,0
O001314-1,O001314,P002,1,120.53,78.28,0.2,,0
O001314-2,O001314,P041,1,78.7,44.75,0.1,,0
O001315-1,O001315,P032,3,45.76,24.77,0,,0
O001315-2,O001315,P001,1,214.49,142.19,0.2,,0
O001316-1,O001316,P017,3,198.78,124.13,0,,0
O001317-1,O001317,P008,3,253.51,162.28,0.1,,0
O001317-2,O001317,P048,2,87.18,54.6,0,,0
O001317-3,O001317,P014,2,100.54,57.99,0,,0
O001317-4,O001317,P024,1,104.96,63.45,0.1,,0
O001318-1,O001318,P001,1,214.49,142.19,0.15,Not as described,0
O001318-2,O001318,P018,1,294.41,187.22,0.15,Damaged,0
O001318-3,O001318,P040,1,195.87,114.95,0.2,Wrong item,0
O001318-4,O001318,P002,2,120.53,78.28,0,Not as described,0
O001319-1,O001319,P040,1,195.87,114.95,0.05,,1
O001320-1,O001320,P010,1,60.45,40.54,0.1,,0
O001320-2,O001320,P033,2,75.25,44.42,0.05,,0
O001320-3,O001320,P018,1,294.41,187.22,0.15000000000000002,,0
O001321-1,O001321,P009,2,296.73,204.62,0.15,,0
O001321-2,O001321,P005,2,183.5,123.78,0.15,,0
O001322-1,O001322,P034,2,25.32,14.75,0,,0
O001322-2,O001322,P003,1,139.72,94.93,0.2,,0
O001322-3,O001322,P035,1,41.88,25.54,0.15,,0
O001323-1,O001323,P027,1,42.25,24.81,0.2,,0
O001324-1,O001324,P047,3,142.37,88.8,0,,0
O001325-1,O001325,P028,3,54.22,32.4,0.15,,0
O001326-1,O001326,P033,5,75.25,44.42,0,Damaged,0
O001326-2,O001326,P022,2,568.95,369.55,0.05,Damaged,0
O001326-3,O001326,P041,2,78.7,44.75,0.1,Changed mind,0
O001327-1,O001327,P016,1,630.9,390.58,0.1,,0
O001327-2,O001327,P014,4,100.54,57.99,0.15000000000000002,,0
O001327-3,O001327,P001,1,214.49,142.19,0.05,,0
O001327-4,O001327,P036,1,35.45,21.49,0.05,,0
O001328-1,O001328,P038,1,152.06,96.3,0.05,,0
O001328-2,O001328,P039,3,49.57,31.45,0,,0
O001329-1,O001329,P030,1,46.94,28.34,0,,0
O001329-2,O001329,P006,3,244.45,154.75,0.1,,0
O001330-1,O001330,P004,2,400.96,266.15,0,,0
O001330-2,O001330,P012,2,414.28,288.7,0,,0
O001330-3,O001330,P034,1,25.32,14.75,0.1,,0
O001331-1,O001331,P039,1,49.57,31.45,0.2,,0
O001331-2,O001331,P022,1,568.95,369.55,0.1,,0
O001332-1,O001332,P035,1,41.88,25.54,0.1,,0
O001333-1,O001333,P029,1,62.03,33.59,0,,0
O001334-1,O001334,P011,2,416.54,268.27,0.05,,0
O001334-2,O001334,P041,1,78.7,44.75,0.1,,0
O001334-3,O001334,P004,4,400.96,266.15,0.1,,0
O001334-4,O001334,P017,3,198.78,124.13,0.05,,0
O001335-1,O001335,P005,1,183.5,123.78,0.05,,0
O001336-1,O001336,P027,1,42.25,24.81,0.05,,0
O001336-2,O001336,P039,1,49.57,31.45,0.1,,0
O001336-3,O001336,P029,1,62.03,33.59,0,,0
O001337-1,O001337,P041,2,78.7,44.75,0.15,,1
O001338-1,O001338,P002,1,120.53,78.28,0,,0
O001338-2,O001338,P007,1,85.33,56.95,0.1,,0
O001338-3,O001338,P011,1,416.54,268.27,0.05,,0
O001338-4,O001338,P036,1,35.45,21.49,0,,0
O001339-1,O001339,P013,1,418.01,238.98,0,,0
O001340-1,O001340,P025,3,71.76,42.18,0,,0
O001341-1,O001341,P047,1,142.37,88.8,0.05,,0
O001342-1,O001342,P027,2,42.25,24.81,0.1,,0
O001343-1,O001343,P021,2,221.99,142.61,0.05,,0
O001344-1,O001344,P001,2,214.49,142.19,0,,0
O001345-1,O001345,P002,2,120.53,78.28,0.15000000000000002,,0
O001346-1,O001346,P045,4,147.73,93.9,0,,0
O001346-2,O001346,P033,1,75.25,44.42,0.05,,0
O001347-1,O001347,P009,1,296.73,204.62,0,,0
O001347-2,O001347,P027,1,42.25,24.81,0.05,,0
O001348-1,O001348,P014,2,100.54,57.99,0.1,,0
O001348-2,O001348,P013,2,418.01,238.98,0.15,,0
O001348-3,O001348,P012,1,414.28,288.7,0.05,,0
O001349-1,O001349,P009,4,296.73,204.62,0.05,,0
O001349-2,O001349,P021,3,221.99,142.61,0,,0
O001350-1,O001350,P016,1,630.9,390.58,0,,0
O001351-1,O001351,P009,3,296.73,204.62,0.2,Not as described,0
O001352-1,O001352,P029,1,62.03,33.59,0,,0
O001353-1,O001353,P029,2,62.03,33.59,0.05,,0
O001353-2,O001353,P045,3,147.73,93.9,0.2,,0
O001354-1,O001354,P034,2,25.32,14.75,0.05,,0
O001354-2,O001354,P042,2,180.79,114.47,0,,0
O001354-3,O001354,P025,1,71.76,42.18,0.2,,0
O001355-1,O001355,P029,4,62.03,33.59,0.1,,0
O001355-2,O001355,P023,1,195.53,117.52,0.05,,0
O001356-1,O001356,P004,1,400.96,266.15,0.05,,0
O001356-2,O001356,P010,1,60.45,40.54,0.15000000000000002,,0
O001357-1,O001357,P035,1,41.88,25.54,0.1,,0
O001358-1,O001358,P010,2,60.45,40.54,0,,0
O001358-2,O001358,P035,1,41.88,25.54,0.2,,0
O001359-1,O001359,P003,1,139.72,94.93,0,,0
O001360-1,O001360,P006,1,244.45,154.75,0,,0
O001361-1,O001361,P032,2,45.76,24.77,0,,0
O001362-1,O001362,P017,4,198.78,124.13,0.05,,0
O001362-2,O001362,P033,1,75.25,44.42,0.2,,0
O001363-1,O001363,P046,2,180.61,102.64,0,,0
O001363-2,O001363,P018,1,294.41,187.22,0,,0
O001363-3,O001363,P036,1,35.45,21.49,0.15,,0
O001364-1,O001364,P048,4,87.18,54.6,0,,0
O001364-2,O001364,P013,3,418.01,238.98,0,,0
O001365-1,O001365,P042,1,180.79,114.47,0.1,,0
O001365-2,O001365,P028,2,54.22,32.4,0,,0
O001365-3,O001365,P035,1,41.88,25.54,0.15,,0
O001366-1,O001366,P018,1,294.41,187.22,0.05,,0
O001366-2,O001366,P040,1,195.87,114.95,0.1,,0
O001366-3,O001366,P001,1,214.49,142.19,0.1,,0
O001366-4,O001366,P007,2,85.33,56.95,0,,0
O001367-1,O001367,P015,1,168.09,101.78,0.15,,0
O001368-1,O001368,P039,3,49.57,31.45,0.05,,0
O001368-2,O001368,P029,2,62.03,33.59,0.15000000000000002,,0
O001369-1,O001369,P007,1,85.33,56.95,0.2,,0
O001369-2,O001369,P019,1,539.67,317.29,0,,0
O001370-1,O001370,P045,1,147.73,93.9,0,,0
O001370-2,O001370,P046,4,180.61,102.64,0,,0
O001370-3,O001370,P001,1,214.49,142.19,0,,0
O001371-1,O001371,P027,1,42.25,24.81,0.15,,0
O001371-2,O001371,P020,1,151.49,90.09,0,,0
O001372-1,O001372,P048,2,87.18,54.6,0.1,,0
O001372-2,O001372,P014,2,100.54,57.99,0,,0
O001372-3,O001372,P029,1,62.03,33.59,0.05,,0
O001373-1,O001373,P030,1,46.94,28.34,0,,0
O001374-1,O001374,P025,2,71.76,42.18,0.05,,0
O001374-2,O001374,P013,3,418.01,238.98,0.15,,0
O001374-3,O001374,P024,1,104.96,63.45,0.1,,0
O001375-1,O001375,P021,4,221.99,142.61,0.05,,0
O001376-1,O001376,P021,3,221.99,142.61,0.1,,0
O001376-2,O001376,P015,1,168.09,101.78,0.15000000000000002,,0
O001376-3,O001376,P018,1,294.41,187.22,0.2,,0
O001377-1,O001377,P029,1,62.03,33.59,0,,0
O001378-1,O001378,P003,2,139.72,94.93,0.15000000000000002,,0
O001378-2,O001378,P037,3,81.55,51.15,0.05,,0
O001379-1,O001379,P007,1,85.33,56.95,0.15000000000000002,Changed mind,0
O001380-1,O001380,P038,1,152.06,96.3,0.15,,0
O001381-1,O001381,P020,2,151.49,90.09,0.15000000000000002,,0
O001381-2,O001381,P043,3,205.47,129.67,0.15000000000000002,,0
O001381-3,O001381,P003,2,139.72,94.93,0.05,,0
O001382-1,O001382,P048,4,87.18,54.6,0.1,,0
O001383-1,O001383,P009,2,296.73,204.62,0.2,,0
O001384-1,O001384,P006,1,244.45,154.75,0,,0
O001385-1,O001385,P032,1,45.76,24.77,0.1,,0
O001386-1,O001386,P017,2,198.78,124.13,0.15,,0
O001387-1,O001387,P033,2,75.25,44.42,0.1,,0
O001387-2,O001387,P027,5,42.25,24.81,0.1,,0
O001387-3,O001387,P039,1,49.57,31.45,0,,0
O001388-1,O001388,P031,3,8.72,4.67,0.1,,0
O001388-2,O001388,P040,2,195.87,114.95,0,,0
O001388-3,O001388,P012,1,414.28,288.7,0.2,,0
O001389-1,O001389,P017,2,198.78,124.13,0.05,,0
O001390-1,O001390,P008,2,253.51,162.28,0.1,,0
O001391-1,O001391,P028,1,54.22,32.4,0.15000000000000002,,0
O001391-2,O001391,P003,1,139.72,94.93,0.1,,0
O001392-1,O001392,P028,2,54.22,32.4,0.05,,0
O001393-1,O001393,P047,1,142.37,88.8,0.1,,0
O001393-2,O001393,P005,4,183.5,123.78,0,,0
O001394-1,O001394,P034,1,25.32,14.75,0.05,,0
O001394-2,O001394,P039,1,49.57,31.45,0.15,,0
O001394-3,O001394,P022,4,568.95,369.55,0.2,,0
O001395-1,O001395,P032,1,45.76,24.77,0,,1
O001396-1,O001396,P041,1,78.7,44.75,0.2,,0
O001396-2,O001396,P020,2,151.49,90.09,0.2,,1
O001397-1,O001397,P042,1,180.79,114.47,0.2,,0
O001397-2,O001397,P018,1,294.41,187.22,0.05,,0
O001397-3,O001397,P006,2,244.45,154.75,0.2,,0
O001398-1,O001398,P003,1,139.72,94.93,0.2,,0
O001399-1,O001399,P047,3,142.37,88.8,0.1,,0
O001400-1,O001400,P007,3,85.33,56.95,0,,0
O001401-1,O001401,P024,1,104.96,63.45,0.05,,0
O001402-1,O001402,P042,2,180.79,114.47,0.1,Damaged,0
O001402-2,O001402,P018,1,294.41,187.22,0,Changed mind,0
O001403-1,O001403,P025,1,71.76,42.18,0.05,,0
O001403-2,O001403,P045,1,147.73,93.9,0.2,,0
O001404-1,O001404,P011,2,416.54,268.27,0,,0
O001404-2,O001404,P037,1,81.55,51.15,0.05,,0
O001404-3,O001404,P014,1,100.54,57.99,0.05,,0
O001404-4,O001404,P008,2,253.51,162.28,0.15,,0
O001405-1,O001405,P044,1,134.21,77.33,0,,0
O001406-1,O001406,P033,4,75.25,44.42,0,,0
O001406-2,O001406,P034,1,25.32,14.75,0.15,,0
O001407-1,O001407,P048,1,87.18,54.6,0,,0
O001408-1,O001408,P029,1,62.03,33.59,0.05,,0
O001409-1,O001409,P030,1,46.94,28.34,0.15,,0
O001410-1,O001410,P008,2,253.51,162.28,0.2,,0
O001410-2,O001410,P009,1,296.73,204.62,0.05,,0
O001411-1,O001411,P040,3,195.87,114.95,0.2,,0
O001411-2,O001411,P007,3,85.33,56.95,0,,0
O001412-1,O001412,P019,4,539.67,317.29,0,,0
O001412-2,O001412,P025,4,71.76,42.18,0.15,,0
O001412-3,O001412,P002,1,120.53,78.28,0,,0
O001413-1,O001413,P027,1,42.25,24.81,0.1,,0
O001414-1,O001414,P029,2,62.03,33.59,0,,0
O001415-1,O001415,P043,1,205.47,129.67,0.05,,0
O001416-1,O001416,P033,2,75.25,44.42,0.05,,0
O001416-2,O001416,P043,3,205.47,129.67,0.05,,0
O001417-1,O001417,P021,3,221.99,142.61,0,,0
O001418-1,O001418,P014,1,100.54,57.99,0,,0
O001419-1,O001419,P040,3,195.87,114.95,0.05,,0
O001420-1,O001420,P013,2,418.01,238.98,0,Arrived late,0
O001421-1,O001421,P036,2,35.45,21.49,0.15000000000000002,,0
O001421-2,O001421,P033,1,75.25,44.42,0.1,,0
O001421-3,O001421,P025,2,71.76,42.18,0.05,,0
O001422-1,O001422,P017,2,198.78,124.13,0.1,,0
O001423-1,O001423,P030,1,46.94,28.34,0,,0
O001423-2,O001423,P039,3,49.57,31.45,0.05,,0
O001424-1,O001424,P019,1,539.67,317.29,0.1,Not as described,0
O001425-1,O001425,P041,1,78.7,44.75,0,,0
O001425-2,O001425,P035,2,41.88,25.54,0,,0
O001426-1,O001426,P025,1,71.76,42.18,0,,0
O001426-2,O001426,P040,2,195.87,114.95,0,,0
O001426-3,O001426,P016,1,630.9,390.58,0,,0
O001427-1,O001427,P024,1,104.96,63.45,0,,0
O001428-1,O001428,P003,2,139.72,94.93,0,,0
O001428-2,O001428,P042,1,180.79,114.47,0.15,,0
O001429-1,O001429,P006,1,244.45,154.75,0.15000000000000002,,0
O001430-1,O001430,P001,1,214.49,142.19,0.1,,0
O001430-2,O001430,P040,1,195.87,114.95,0.05,,0
O001431-1,O001431,P040,4,195.87,114.95,0.15000000000000002,,0
O001432-1,O001432,P032,1,45.76,24.77,0,Damaged,0
O001432-2,O001432,P018,1,294.41,187.22,0.05,Arrived late,0
O001433-1,O001433,P030,4,46.94,28.34,0.15,,0
O001433-2,O001433,P009,2,296.73,204.62,0.2,,0
O001433-3,O001433,P032,1,45.76,24.77,0.05,,0
O001434-1,O001434,P029,1,62.03,33.59,0.1,,0
O001435-1,O001435,P027,2,42.25,24.81,0,,0
O001435-2,O001435,P047,1,142.37,88.8,0,,0
O001435-3,O001435,P028,4,54.22,32.4,0,,0
O001436-1,O001436,P028,3,54.22,32.4,0.15,,0
O001436-2,O001436,P030,2,46.94,28.34,0,,0
O001437-1,O001437,P035,1,41.88,25.54,0.1,,0
O001437-2,O001437,P042,1,180.79,114.47,0.1,,0
O001438-1,O001438,P008,2,253.51,162.28,0,,0
O001439-1,O001439,P026,1,26.84,15.28,0.1,,0
O001440-1,O001440,P010,2,60.45,40.54,0.2,,0
O001440-2,O001440,P044,1,134.21,77.33,0.05,,0
O001440-3,O001440,P014,2,100.54,57.99,0.1,,0
O001440-4,O001440,P016,1,630.9,390.58,0,,0
O001441-1,O001441,P017,2,198.78,124.13,0.2,,0
O001442-1,O001442,P037,1,81.55,51.15,0,,0
O001443-1,O001443,P028,4,54.22,32.4,0.05,,0
O001444-1,O001444,P020,2,151.49,90.09,0,,0
O001445-1,O001445,P009,2,296.73,204.62,0.1,,0
O001446-1,O001446,P042,1,180.79,114.47,0.15,,0
O001446-2,O001446,P022,3,568.95,369.55,0,,0
O001447-1,O001447,P041,2,78.7,44.75,0.05,,0
O001448-1,O001448,P044,2,134.21,77.33,0.05,,0
O001449-1,O001449,P035,1,41.88,25.54,0.05,,0
O001449-2,O001449,P029,2,62.03,33.59,0.05,,0
O001449-3,O001449,P040,1,195.87,114.95,0,,0
O001450-1,O001450,P029,1,62.03,33.59,0,,0
O001451-1,O001451,P033,2,75.25,44.42,0.1,,0
O001451-2,O001451,P045,1,147.73,93.9,0.05,,0
O001451-3,O001451,P001,1,214.49,142.19,0,,0
O001452-1,O001452,P040,1,195.87,114.95,0.1,,0
O001452-2,O001452,P027,4,42.25,24.81,0.05,,0
O001453-1,O001453,P007,1,85.33,56.95,0.15000000000000002,,0
O001454-1,O001454,P002,3,120.53,78.28,0.05,,0
O001454-2,O001454,P012,1,414.28,288.7,0.05,,0
O001454-3,O001454,P024,1,104.96,63.45,0.05,,0
O001455-1,O001455,P012,3,414.28,288.7,0.1,,0
O001455-2,O001455,P014,2,100.54,57.99,0,,0
O001455-3,O001455,P036,1,35.45,21.49,0,,0
O001456-1,O001456,P014,1,100.54,57.99,0.05,,0
O001457-1,O001457,P001,1,214.49,142.19,0,,0
O001458-1,O001458,P024,1,104.96,63.45,0.1,,0
O001458-2,O001458,P025,3,71.76,42.18,0,,0
O001459-1,O001459,P033,1,75.25,44.42,0.05,,0
O001460-1,O001460,P030,1,46.94,28.34,0.05,,0
O001460-2,O001460,P033,3,75.25,44.42,0.05,,0
O001461-1,O001461,P040,1,195.87,114.95,0,,0
O001462-1,O001462,P017,1,198.78,124.13,0.15000000000000002,,0
O001463-1,O001463,P009,2,296.73,204.62,0.15,,0
O001464-1,O001464,P028,3,54.22,32.4,0.05,,0
O001464-2,O001464,P030,1,46.94,28.34,0.1,,0
O001465-1,O001465,P003,5,139.72,94.93,0.05,,0
O001465-2,O001465,P043,1,205.47,129.67,0,,0
O001466-1,O001466,P031,1,8.72,4.67,0,,0
O001466-2,O001466,P007,2,85.33,56.95,0.2,,0
O001466-3,O001466,P019,2,539.67,317.29,0.1,,0
O001467-1,O001467,P034,1,25.32,14.75,0.1,,0
O001468-1,O001468,P004,1,400.96,266.15,0.1,,0
O001468-2,O001468,P018,1,294.41,187.22,0.1,,0
O001469-1,O001469,P015,1,168.09,101.78,0.2,,0
O001469-2,O001469,P021,2,221.99,142.61,0.05,,0
O001469-3,O001469,P020,1,151.49,90.09,0.05,,0
O001470-1,O001470,P040,1,195.87,114.95,0,,0
O001471-1,O001471,P004,4,400.96,266.15,0.2,,0
O001472-1,O001472,P037,1,81.55,51.15,0,,0
O001473-1,O001473,P025,1,71.76,42.18,0,,0
O001473-2,O001473,P003,1,139.72,94.93,0,,0
O001474-1,O001474,P021,2,221.99,142.61,0,,0
O001474-2,O001474,P041,2,78.7,44.75,0.05,,0
O001475-1,O001475,P044,3,134.21,77.33,0,,0
O001476-1,O001476,P030,1,46.94,28.34,0.05,Not as described,0
O001476-2,O001476,P038,4,152.06,96.3,0,Damaged,0
O001476-3,O001476,P047,2,142.37,88.8,0.05,Arrived late,0
O001476-4,O001476,P020,1,151.49,90.09,0,Not as described,0
O001477-1,O001477,P004,3,400.96,266.15,0.1,,0
O001478-1,O001478,P034,3,25.32,14.75,0,,0
O001478-2,O001478,P007,1,85.33,56.95,0.05,,0
O001478-3,O001478,P030,1,46.94,28.34,0.2,,0
O001479-1,O001479,P038,4,152.06,96.3,0.2,,0
O001480-1,O001480,P006,2,244.45,154.75,0.15000000000000002,,0
O001481-1,O001481,P014,1,100.54,57.99,0.05,,0
O001482-1,O001482,P031,1,8.72,4.67,0.15000000000000002,,0
O001483-1,O001483,P045,1,147.73,93.9,0,,0
O001483-2,O001483,P042,1,180.79,114.47,0.15,,0
O001484-1,O001484,P002,4,120.53,78.28,0.05,,0
O001484-2,O001484,P040,1,195.87,114.95,0.05,,0
O001485-1,O001485,P026,1,26.84,15.28,0.1,,0
O001486-1,O001486,P024,3,104.96,63.45,0,,0
O001487-1,O001487,P004,1,400.96,266.15,0,,0
O001488-1,O001488,P036,1,35.45,21.49,0,,0
O001489-1,O001489,P010,1,60.45,40.54,0.2,Wrong item,0
O001490-1,O001490,P038,1,152.06,96.3,0.2,,0
O001490-2,O001490,P048,3,87.18,54.6,0,,0
O001491-1,O001491,P030,1,46.94,28.34,0.05,,0
O001492-1,O001492,P001,1,214.49,142.19,0.05,,0
O001493-1,O001493,P036,1,35.45,21.49,0.1,,0
O001493-2,O001493,P015,3,168.09,101.78,0,,0
O001493-3,O001493,P031,1,8.72,4.67,0.2,,0
O001494-1,O001494,P032,4,45.76,24.77,0,,0
O001494-2,O001494,P033,1,75.25,44.42,0.05,,0
O001494-3,O001494,P043,3,205.47,129.67,0.15,,0
O001495-1,O001495,P010,3,60.45,40.54,0,,0
O001495-2,O001495,P004,2,400.96,266.15,0,,0
O001496-1,O001496,P045,3,147.73,93.9,0.15000000000000002,,0
O001496-2,O001496,P042,1,180.79,114.47,0.1,,0
O001496-3,O001496,P005,1,183.5,123.78,0.05,,0
O001496-4,O001496,P008,2,253.51,162.28,0.05,,0
O001497-1,O001497,P016,2,630.9,390.58,0.05,,0
O001497-2,O001497,P001,2,214.49,142.19,0.1,,0
O001498-1,O001498,P016,1,630.9,390.58,0.05,,0
O001499-1,O001499,P038,2,152.06,96.3,0,Damaged,0
O001500-1,O001500,P047,1,142.37,88.8,0.1,,0
O001500-2,O001500,P005,1,183.5,123.78,0,,0
O001501-1,O001501,P035,1,41.88,25.54,0.05,Not as described,0
O001501-2,O001501,P008,1,253.51,162.28,0.1,Wrong item,0
O001502-1,O001502,P029,2,62.03,33.59,0.05,,0
O001503-1,O001503,P010,1,60.45,40.54,0.2,,0
O001503-2,O001503,P044,1,134.21,77.33,0.2,,0
O001504-1,O001504,P035,1,41.88,25.54,0.2,,0
O001504-2,O001504,P048,1,87.18,54.6,0.1,,0
O001504-3,O001504,P022,1,568.95,369.55,0.1,,0
O001505-1,O001505,P006,2,244.45,154.75,0.05,,0
O001505-2,O001505,P044,1,134.21,77.33,0.2,,0
O001505-3,O001505,P045,1,147.73,93.9,0.2,,0
O001506-1,O001506,P002,3,120.53,78.28,0.15,,0
O001507-1,O001507,P025,1,71.76,42.18,0.2,,0
O001508-1,O001508,P045,3,147.73,93.9,0,,0
O001509-1,O001509,P032,1,45.76,24.77,0.2,,0
O001509-2,O001509,P017,2,198.78,124.13,0.1,,0
O001509-3,O001509,P003,4,139.72,94.93,0.1,,0
O001510-1,O001510,P026,2,26.84,15.28,0,,0
O001511-1,O001511,P046,1,180.61,102.64,0.05,,0
O001512-1,O001512,P006,4,244.45,154.75,0.05,,0
O001513-1,O001513,P017,2,198.78,124.13,0.05,,0
O001513-2,O001513,P034,1,25.32,14.75,0,,0
O001514-1,O001514,P025,1,71.76,42.18,0.15000000000000002,,0
O001515-1,O001515,P013,2,418.01,238.98,0.05,,0
O001516-1,O001516,P028,1,54.22,32.4,0.1,,0
O001517-1,O001517,P030,1,46.94,28.34,0.1,,0
O001517-2,O001517,P026,1,26.84,15.28,0.1,,0
O001518-1,O001518,P006,1,244.45,154.75,0.2,,0
O001518-2,O001518,P018,2,294.41,187.22,0.2,,0
O001519-1,O001519,P033,1,75.25,44.42,0.05,,0
O001519-2,O001519,P048,1,87.18,54.6,0.05,,0
O001520-1,O001520,P028,1,54.22,32.4,0.05,,0
O001521-1,O001521,P005,2,183.5,123.78,0.15,,0
O001521-2,O001521,P022,1,568.95,369.55,0.15,,0
O001521-3,O001521,P020,1,151.49,90.09,0.15,,0
O001522-1,O001522,P021,1,221.99,142.61,0.1,,0
O001523-1,O001523,P039,1,49.57,31.45,0.05,,0
O001523-2,O001523,P045,4,147.73,93.9,0.05,,0
O001523-3,O001523,P021,2,221.99,142.61,0.1,,0
O001523-4,O001523,P031,1,8.72,4.67,0,,0
O001524-1,O001524,P013,1,418.01,238.98,0,,0
O001525-1,O001525,P024,3,104.96,63.45,0.1,Not as described,0
O001526-1,O001526,P044,1,134.21,77.33,0.15,,0
O001526-2,O001526,P026,2,26.84,15.28,0.15,,0
O001526-3,O001526,P023,3,195.53,117.52,0.05,,0
O001526-4,O001526,P013,3,418.01,238.98,0.15,,0
O001527-1,O001527,P013,1,418.01,238.98,0,,0
O001528-1,O001528,P014,1,100.54,57.99,0.05,,0
O001528-2,O001528,P025,2,71.76,42.18,0,,0
O001528-3,O001528,P031,1,8.72,4.67,0.05,,0
O001529-1,O001529,P035,3,41.88,25.54,0,,0
O001530-1,O001530,P037,3,81.55,51.15,0,,0
O001531-1,O001531,P042,2,180.79,114.47,0.05,,0
O001532-1,O001532,P030,2,46.94,28.34,0.1,,0
O001533-1,O001533,P016,2,630.9,390.58,0,,0
O001533-2,O001533,P026,1,26.84,15.28,0.05,,0
O001534-1,O001534,P045,1,147.73,93.9,0.2,,0
O001535-1,O001535,P042,3,180.79,114.47,0.05,,0
O001536-1,O001536,P002,1,120.53,78.28,0,,0
O001536-2,O001536,P038,2,152.06,96.3,0.1,,0
O001537-1,O001537,P009,1,296.73,204.62,0.1,,1
O001537-2,O001537,P039,1,49.57,31.45,0.1,,0
O001538-1,O001538,P046,1,180.61,102.64,0,,0
O001539-1,O001539,P018,1,294.41,187.22,0.05,,0
O001540-1,O001540,P041,5,78.7,44.75,0,,0
O001541-1,O001541,P007,1,85.33,56.95,0,,0
O001542-1,O001542,P027,2,42.25,24.81,0.2,,0
O001543-1,O001543,P011,3,416.54,268.27,0,,0
O001544-1,O001544,P017,1,198.78,124.13,0.1,,0
O001545-1,O001545,P027,4,42.25,24.81,0.1,,0
O001546-1,O001546,P018,1,294.41,187.22,0,,0
O001547-1,O001547,P015,1,168.09,101.78,0.2,,0
O001548-1,O001548,P001,1,214.49,142.19,0.1,,1
O001548-2,O001548,P023,3,195.53,117.52,0.05,,0
O001548-3,O001548,P017,1,198.78,124.13,0.05,,0
O001549-1,O001549,P032,1,45.76,24.77,0.05,,0
O001549-2,O001549,P027,1,42.25,24.81,0.05,,0
O001550-1,O001550,P029,2,62.03,33.59,0.1,,0
O001550-2,O001550,P031,3,8.72,4.67,0.2,,0
O001551-1,O001551,P013,2,418.01,238.98,0.2,,0
O001552-1,O001552,P002,1,120.53,78.28,0.1,,1
O001552-2,O001552,P032,1,45.76,24.77,0.05,,1
O001553-1,O001553,P006,2,244.45,154.75,0.2,,0
O001554-1,O001554,P001,2,214.49,142.19,0.1,,0
O001554-2,O001554,P002,4,120.53,78.28,0,,0
O001555-1,O001555,P034,4,25.32,14.75,0.2,,0
O001556-1,O001556,P002,1,120.53,78.28,0.2,,0
O001557-1,O001557,P029,2,62.03,33.59,0,,0
O001557-2,O001557,P020,3,151.49,90.09,0.05,,0
O001558-1,O001558,P010,1,60.45,40.54,0,,0
O001558-2,O001558,P009,1,296.73,204.62,0.1,,0
O001559-1,O001559,P047,1,142.37,88.8,0.05,,0
O001560-1,O001560,P042,1,180.79,114.47,0,,0
O001560-2,O001560,P039,1,49.57,31.45,0.1,,0
O001561-1,O001561,P035,1,41.88,25.54,0.05,,0
O001561-2,O001561,P006,3,244.45,154.75,0.05,,0
O001562-1,O001562,P025,1,71.76,42.18,0,,0
O001562-2,O001562,P031,3,8.72,4.67,0.05,,0
O001563-1,O001563,P033,1,75.25,44.42,0.05,,0
O001563-2,O001563,P009,1,296.73,204.62,0.05,,0
O001564-1,O001564,P046,2,180.61,102.64,0,,0
O001564-2,O001564,P004,2,400.96,266.15,0,,0
O001565-1,O001565,P031,5,8.72,4.67,0,,0
O001566-1,O001566,P045,3,147.73,93.9,0.1,,0
O001567-1,O001567,P027,1,42.25,24.81,0.1,,0
O001567-2,O001567,P031,1,8.72,4.67,0.05,,0
O001568-1,O001568,P009,1,296.73,204.62,0.05,,0
O001568-2,O001568,P045,1,147.73,93.9,0.05,,0
O001568-3,O001568,P021,1,221.99,142.61,0.1,,0
O001569-1,O001569,P044,2,134.21,77.33,0.05,,0
O001569-2,O001569,P029,2,62.03,33.59,0.05,,0
O001569-3,O001569,P021,1,221.99,142.61,0.15000000000000002,,0
O001570-1,O001570,P001,1,214.49,142.19,0.1,,0
O001571-1,O001571,P042,1,180.79,114.47,0.2,,0
O001572-1,O001572,P025,2,71.76,42.18,0.1,Changed mind,0
O001572-2,O001572,P015,1,168.09,101.78,0.05,Changed mind,0
O001573-1,O001573,P023,1,195.53,117.52,0,,0
O001574-1,O001574,P034,3,25.32,14.75,0.1,,0
O001575-1,O001575,P014,3,100.54,57.99,0.05,Wrong item,0
O001576-1,O001576,P015,2,168.09,101.78,0.15,,0
O001577-1,O001577,P032,1,45.76,24.77,0.05,,0
O001578-1,O001578,P026,4,26.84,15.28,0,,0
O001579-1,O001579,P005,2,183.5,123.78,0.2,,0
O001580-1,O001580,P032,2,45.76,24.77,0.1,,0
O001580-2,O001580,P025,1,71.76,42.18,0.1,,0
O001580-3,O001580,P006,1,244.45,154.75,0,,0
O001581-1,O001581,P002,1,120.53,78.28,0.2,,0
O001582-1,O001582,P008,1,253.51,162.28,0.05,,0
O001582-2,O001582,P014,1,100.54,57.99,0.2,,0
O001582-3,O001582,P027,1,42.25,24.81,0,,0
O001583-1,O001583,P038,1,152.06,96.3,0,,0
O001583-2,O001583,P017,1,198.78,124.13,0,,0
O001583-3,O001583,P010,1,60.45,40.54,0.05,,1
O001584-1,O001584,P015,4,168.09,101.78,0.2,,0
O001585-1,O001585,P017,1,198.78,124.13,0.2,,0
O001586-1,O001586,P046,1,180.61,102.64,0.15000000000000002,,0
O001586-2,O001586,P012,1,414.28,288.7,0.15000000000000002,,0
O001586-3,O001586,P026,1,26.84,15.28,0.05,,0
O001586-4,O001586,P038,1,152.06,96.3,0.05,,0
O001587-1,O001587,P002,1,120.53,78.28,0.1,,0
O001587-2,O001587,P015,1,168.09,101.78,0.1,,0
O001588-1,O001588,P035,1,41.88,25.54,0.1,,0
O001589-1,O001589,P026,1,26.84,15.28,0.1,Not as described,0
O001590-1,O001590,P043,1,205.47,129.67,0.05,,0
O001591-1,O001591,P042,1,180.79,114.47,0.05,,0
O001591-2,O001591,P036,3,35.45,21.49,0.1,,0
O001592-1,O001592,P001,1,214.49,142.19,0.1,,0
O001592-2,O001592,P007,1,85.33,56.95,0.1,,0
O001593-1,O001593,P036,2,35.45,21.49,0.05,,0
O001593-2,O001593,P041,1,78.7,44.75,0.05,,0
O001593-3,O001593,P015,2,168.09,101.78,0.1,,0
O001593-4,O001593,P048,1,87.18,54.6,0.1,,0
O001594-1,O001594,P030,2,46.94,28.34,0.05,,0
O001595-1,O001595,P042,1,180.79,114.47,0.2,,0
O001596-1,O001596,P012,4,414.28,288.7,0,,0
O001596-2,O001596,P027,2,42.25,24.81,0,,0
O001597-1,O001597,P031,1,8.72,4.67,0,,0
O001598-1,O001598,P005,2,183.5,123.78,0.05,,1
O001598-2,O001598,P039,2,49.57,31.45,0.2,,0
O001599-1,O001599,P025,1,71.76,42.18,0,,0
O001599-2,O001599,P044,3,134.21,77.33,0.05,,0
O001600-1,O001600,P018,1,294.41,187.22,0,,0
O001601-1,O001601,P014,2,100.54,57.99,0.1,,0
O001601-2,O001601,P033,1,75.25,44.42,0,,0
O001602-1,O001602,P024,2,104.96,63.45,0.1,,0
O001603-1,O001603,P003,5,139.72,94.93,0.05,,0
O001604-1,O001604,P039,4,49.57,31.45,0.2,,0
O001604-2,O001604,P022,1,568.95,369.55,0.05,,0
O001605-1,O001605,P035,2,41.88,25.54,0,,0
O001606-1,O001606,P031,3,8.72,4.67,0.05,,0
O001606-2,O001606,P003,2,139.72,94.93,0.1,,0
O001606-3,O001606,P018,4,294.41,187.22,0,,0
O001607-1,O001607,P044,3,134.21,77.33,0,Changed mind,0
O001607-2,O001607,P005,1,183.5,123.78,0,Not as described,0
O001608-1,O001608,P013,1,418.01,238.98,0.05,,0
O001609-1,O001609,P017,1,198.78,124.13,0,,0
O001609-2,O001609,P012,1,414.28,288.7,0,,0
O001609-3,O001609,P035,4,41.88,25.54,0,,0
O001610-1,O001610,P041,4,78.7,44.75,0.05,,0
O001610-2,O001610,P026,3,26.84,15.28,0.05,,0
O001610-3,O001610,P030,1,46.94,28.34,0.05,,0
O001610-4,O001610,P043,1,205.47,129.67,0.05,,0
O001611-1,O001611,P008,1,253.51,162.28,0.1,,0
O001612-1,O001612,P010,2,60.45,40.54,0.15000000000000002,,0
O001612-2,O001612,P012,1,414.28,288.7,0.05,,0
O001613-1,O001613,P021,1,221.99,142.61,0.05,,0
O001614-1,O001614,P006,3,244.45,154.75,0.2,,1
O001614-2,O001614,P012,1,414.28,288.7,0.05,,0
O001614-3,O001614,P046,1,180.61,102.64,0.1,,0
O001615-1,O001615,P020,1,151.49,90.09,0.2,,0
O001616-1,O001616,P002,1,120.53,78.28,0.1,,0
O001617-1,O001617,P035,1,41.88,25.54,0.05,,0
O001617-2,O001617,P037,2,81.55,51.15,0.2,,0
O001618-1,O001618,P047,3,142.37,88.8,0,,0
O001619-1,O001619,P008,1,253.51,162.28,0,,0
O001619-2,O001619,P043,3,205.47,129.67,0.05,,0
O001619-3,O001619,P031,5,8.72,4.67,0,,0
O001620-1,O001620,P024,2,104.96,63.45,0,,0
O001621-1,O001621,P015,1,168.09,101.78,0.05,Arrived late,0
O001621-2,O001621,P010,3,60.45,40.54,0.15000000000000002,Not as described,0
O001621-3,O001621,P001,1,214.49,142.19,0.2,Damaged,0
O001621-4,O001621,P037,3,81.55,51.15,0.1,Changed mind,0
O001622-1,O001622,P034,1,25.32,14.75,0.05,Changed mind,0
O001623-1,O001623,P007,2,85.33,56.95,0.1,,0
O001623-2,O001623,P027,1,42.25,24.81,0,,0
O001624-1,O001624,P016,2,630.9,390.58,0.05,,0
O001624-2,O001624,P013,1,418.01,238.98,0.1,,0
O001625-1,O001625,P028,1,54.22,32.4,0,,0
O001626-1,O001626,P017,3,198.78,124.13,0.05,,0
O001627-1,O001627,P044,1,134.21,77.33,0.05,,0
O001628-1,O001628,P046,3,180.61,102.64,0,,0
O001628-2,O001628,P002,4,120.53,78.28,0.1,,0
O001629-1,O001629,P025,2,71.76,42.18,0.15,,0
O001630-1,O001630,P040,1,195.87,114.95,0.15000000000000002,,0
O001631-1,O001631,P015,2,168.09,101.78,0,,0
O001632-1,O001632,P022,2,568.95,369.55,0.1,,0
O001632-2,O001632,P034,2,25.32,14.75,0.1,,0
O001633-1,O001633,P017,1,198.78,124.13,0.05,,0
O001634-1,O001634,P040,1,195.87,114.95,0.05,,0
O001635-1,O001635,P018,1,294.41,187.22,0,,0
O001635-2,O001635,P021,1,221.99,142.61,0.1,,0
O001636-1,O001636,P047,2,142.37,88.8,0.15000000000000002,,0
O001636-2,O001636,P046,1,180.61,102.64,0.1,,0
O001637-1,O001637,P004,4,400.96,266.15,0.15,,0
O001638-1,O001638,P029,1,62.03,33.59,0,,0
O001639-1,O001639,P024,1,104.96,63.45,0.05,Arrived late,0
O001639-2,O001639,P033,1,75.25,44.42,0,Changed mind,0
O001639-3,O001639,P043,4,205.47,129.67,0.1,Changed mind,0
O001640-1,O001640,P041,2,78.7,44.75,0.15,,0
O001640-2,O001640,P025,1,71.76,42.18,0,,0
O001641-1,O001641,P011,1,416.54,268.27,0.05,,0
O001641-2,O001641,P012,1,414.28,288.7,0,,0
O001642-1,O001642,P011,1,416.54,268.27,0.2,,1
O001643-1,O001643,P017,2,198.78,124.13,0.1,,0
O001644-1,O001644,P035,1,41.88,25.54,0.05,,0
O001645-1,O001645,P038,1,152.06,96.3,0.1,,0
O001645-2,O001645,P036,2,35.45,21.49,0,,0
O001646-1,O001646,P018,3,294.41,187.22,0.05,,0
O001646-2,O001646,P003,1,139.72,94.93,0.15,,0
O001647-1,O001647,P040,1,195.87,114.95,0,,0
O001648-1,O001648,P025,1,71.76,42.18,0,,0
O001649-1,O001649,P043,1,205.47,129.67,0,,0
O001650-1,O001650,P043,3,205.47,129.67,0.05,Not as described,0
O001651-1,O001651,P003,1,139.72,94.93,0.15,,0
O001651-2,O001651,P029,1,62.03,33.59,0,,0
O001652-1,O001652,P029,2,62.03,33.59,0.05,,0
O001652-2,O001652,P009,2,296.73,204.62,0.05,,0
O001652-3,O001652,P044,3,134.21,77.33,0.2,,0
O001653-1,O001653,P021,4,221.99,142.61,0.05,Wrong item,0
O001654-1,O001654,P034,3,25.32,14.75,0,,0
O001654-2,O001654,P011,1,416.54,268.27,0.05,,0
O001654-3,O001654,P019,2,539.67,317.29,0.1,,0
O001655-1,O001655,P026,2,26.84,15.28,0.2,,0
O001656-1,O001656,P006,2,244.45,154.75,0.2,,0
O001656-2,O001656,P029,1,62.03,33.59,0.05,,0
O001657-1,O001657,P007,3,85.33,56.95,0,,0
O001657-2,O001657,P031,1,8.72,4.67,0,,0
O001657-3,O001657,P041,1,78.7,44.75,0.05,,0
O001658-1,O001658,P019,1,539.67,317.29,0.15000000000000002,,0
O001659-1,O001659,P014,1,100.54,57.99,0.15,,0
O001660-1,O001660,P001,1,214.49,142.19,0.05,,0
O001661-1,O001661,P014,3,100.54,57.99,0.05,,0
O001661-2,O001661,P043,1,205.47,129.67,0.1,,0
O001661-3,O001661,P044,1,134.21,77.33,0.1,,0
O001662-1,O001662,P021,1,221.99,142.61,0.2,,0
O001663-1,O001663,P009,1,296.73,204.62,0.05,,0
O001664-1,O001664,P012,4,414.28,288.7,0.2,,0
O001664-2,O001664,P005,2,183.5,123.78,0.1,,0
O001664-3,O001664,P023,2,195.53,117.52,0.1,,0
O001665-1,O001665,P003,1,139.72,94.93,0.1,,0
O001666-1,O001666,P015,4,168.09,101.78,0,,0
O001667-1,O001667,P016,3,630.9,390.58,0,,0
O001668-1,O001668,P005,1,183.5,123.78,0.15,,0
O001669-1,O001669,P031,3,8.72,4.67,0.05,,0
O001669-2,O001669,P034,1,25.32,14.75,0.15,,0
O001670-1,O001670,P001,2,214.49,142.19,0.05,,0
O001670-2,O001670,P047,5,142.37,88.8,0,,0
O001671-1,O001671,P010,2,60.45,40.54,0,,0
O001671-2,O001671,P006,1,244.45,154.75,0,,0
O001671-3,O001671,P037,1,81.55,51.15,0,,0
O001672-1,O001672,P035,2,41.88,25.54,0.05,,0
O001673-1,O001673,P007,1,85.33,56.95,0.15,,0
O001674-1,O001674,P033,2,75.25,44.42,0.15,,0
O001675-1,O001675,P020,5,151.49,90.09,0,,0
O001675-2,O001675,P042,5,180.79,114.47,0,,0
O001676-1,O001676,P048,1,87.18,54.6,0.05,Changed mind,0
O001677-1,O001677,P030,1,46.94,28.34,0.05,,0
O001677-2,O001677,P031,2,8.72,4.67,0,,0
O001678-1,O001678,P041,1,78.7,44.75,0.1,,0
O001679-1,O001679,P045,2,147.73,93.9,0,,0
O001679-2,O001679,P007,1,85.33,56.95,0.2,,0
O001680-1,O001680,P032,1,45.76,24.77,0,,0
O001681-1,O001681,P042,1,180.79,114.47,0.05,,0
O001681-2,O001681,P032,3,45.76,24.77,0,,0
O001682-1,O001682,P013,3,418.01,238.98,0.2,,0
O001683-1,O001683,P003,2,139.72,94.93,0.15000000000000002,,0
O001683-2,O001683,P032,1,45.76,24.77,0.05,,0
O001684-1,O001684,P019,3,539.67,317.29,0.1,,0
O001685-1,O001685,P039,4,49.57,31.45,0,,0
O001685-2,O001685,P001,2,214.49,142.19,0,,0
O001686-1,O001686,P026,1,26.84,15.28,0.15,,0
O001686-2,O001686,P006,1,244.45,154.75,0.05,,0
O001686-3,O001686,P042,1,180.79,114.47,0.1,,0
O001687-1,O001687,P043,3,205.47,129.67,0,,0
O001687-2,O001687,P042,1,180.79,114.47,0,,0
O001688-1,O001688,P034,1,25.32,14.75,0,,0
O001689-1,O001689,P024,2,104.96,63.45,0,,0
O001689-2,O001689,P036,4,35.45,21.49,0.15,,0
O001690-1,O001690,P037,1,81.55,51.15,0.1,,0
O001690-2,O001690,P030,2,46.94,28.34,0,,0
O001690-3,O001690,P034,3,25.32,14.75,0,,0
O001691-1,O001691,P039,1,49.57,31.45,0.15000000000000002,,0
O001691-2,O001691,P034,2,25.32,14.75,0.05,,0
O001692-1,O001692,P042,1,180.79,114.47,0,Arrived late,0
O001693-1,O001693,P005,3,183.5,123.78,0.05,,0
O001694-1,O001694,P033,3,75.25,44.42,0.1,,0
O001694-2,O001694,P005,1,183.5,123.78,0.15000000000000002,,0
O001695-1,O001695,P004,2,400.96,266.15,0.05,,0
O001696-1,O001696,P001,1,214.49,142.19,0.2,,0
O001696-2,O001696,P042,3,180.79,114.47,0.05,,0
O001697-1,O001697,P044,3,134.21,77.33,0,,0
O001697-2,O001697,P047,1,142.37,88.8,0.1,,0
O001697-3,O001697,P004,3,400.96,266.15,0.2,,0
O001697-4,O001697,P013,5,418.01,238.98,0,,0
O001698-1,O001698,P034,2,25.32,14.75,0.05,,0
O001699-1,O001699,P020,5,151.49,90.09,0.05,,0
O001699-2,O001699,P012,1,414.28,288.7,0.05,,0
O001699-3,O001699,P013,1,418.01,238.98,0,,0
O001700-1,O001700,P019,1,539.67,317.29,0.2,,0
O001701-1,O001701,P037,1,81.55,51.15,0,,0
O001701-2,O001701,P041,1,78.7,44.75,0,,0
O001701-3,O001701,P024,1,104.96,63.45,0,,0
O001701-4,O001701,P047,1,142.37,88.8,0.05,,0
O001702-1,O001702,P029,1,62.03,33.59,0.05,,0
O001702-2,O001702,P042,1,180.79,114.47,0.1,,0
O001703-1,O001703,P042,3,180.79,114.47,0,,0
O001703-2,O001703,P044,1,134.21,77.33,0.05,,0
O001704-1,O001704,P045,1,147.73,93.9,0.1,,0
O001705-1,O001705,P027,2,42.25,24.81,0.1,,0
O001705-2,O001705,P011,1,416.54,268.27,0,,0
O001706-1,O001706,P032,1,45.76,24.77,0.15,,0
O001706-2,O001706,P030,1,46.94,28.34,0.15,,0
O001707-1,O001707,P010,1,60.45,40.54,0.2,,0
O001708-1,O001708,P035,4,41.88,25.54,0,,0
O001708-2,O001708,P021,2,221.99,142.61,0,,0
O001709-1,O001709,P045,1,147.73,93.9,0.05,,0
O001709-2,O001709,P035,1,41.88,25.54,0,,0
O001710-1,O001710,P021,2,221.99,142.61,0.15,,0
O001710-2,O001710,P043,2,205.47,129.67,0.05,,0
O001711-1,O001711,P035,2,41.88,25.54,0,,0
O001712-1,O001712,P011,2,416.54,268.27,0.05,,0
O001712-2,O001712,P018,3,294.41,187.22,0.05,,0
O001713-1,O001713,P030,3,46.94,28.34,0,,0
O001713-2,O001713,P008,2,253.51,162.28,0,,0
O001714-1,O001714,P047,2,142.37,88.8,0.15000000000000002,,0
O001715-1,O001715,P047,1,142.37,88.8,0.15,,0
O001715-2,O001715,P014,1,100.54,57.99,0.05,,0
O001715-3,O001715,P006,1,244.45,154.75,0.1,,0
O001716-1,O001716,P001,2,214.49,142.19,0.1,,0
O001716-2,O001716,P028,1,54.22,32.4,0.1,,0
O001717-1,O001717,P008,2,253.51,162.28,0.1,,0
O001717-2,O001717,P025,4,71.76,42.18,0.05,,0
O001717-3,O001717,P020,4,151.49,90.09,0.05,,0
O001717-4,O001717,P036,3,35.45,21.49,0.1,,0
O001718-1,O001718,P025,2,71.76,42.18,0,Damaged,0
O001718-2,O001718,P019,2,539.67,317.29,0.1,Wrong item,0
O001719-1,O001719,P032,1,45.76,24.77,0.05,,0
O001720-1,O001720,P029,2,62.03,33.59,0,,0
O001720-2,O001720,P044,2,134.21,77.33,0.15,,0
O001721-1,O001721,P007,2,85.33,56.95,0,,0
O001721-2,O001721,P022,4,568.95,369.55,0,,0
O001722-1,O001722,P045,1,147.73,93.9,0.15,,0
O001723-1,O001723,P031,2,8.72,4.67,0,,0
O001723-2,O001723,P009,1,296.73,204.62,0.1,,0
O001724-1,O001724,P044,1,134.21,77.33,0.1,,0
O001725-1,O001725,P031,1,8.72,4.67,0.05,Changed mind,0
O001725-2,O001725,P006,1,244.45,154.75,0.1,Not as described,0
O001726-1,O001726,P033,5,75.25,44.42,0.1,,0
O001727-1,O001727,P023,5,195.53,117.52,0.2,Not as described,0
O001728-1,O001728,P038,2,152.06,96.3,0.2,,0
O001728-2,O001728,P041,2,78.7,44.75,0.15000000000000002,,0
O001729-1,O001729,P002,3,120.53,78.28,0.05,,0
O001730-1,O001730,P009,2,296.73,204.62,0,Damaged,0
O001730-2,O001730,P031,3,8.72,4.67,0.15,Wrong item,0
O001730-3,O001730,P045,1,147.73,93.9,0.05,Arrived late,0
O001730-4,O001730,P021,2,221.99,142.61,0.15,Changed mind,0
O001731-1,O001731,P029,2,62.03,33.59,0,,0
O001732-1,O001732,P035,1,41.88,25.54,0.05,,0
O001732-2,O001732,P027,2,42.25,24.81,0.05,,0
O001732-3,O001732,P005,1,183.5,123.78,0.05,,0
O001733-1,O001733,P028,1,54.22,32.4,0.05,,0
O001733-2,O001733,P010,1,60.45,40.54,0.15000000000000002,,0
O001734-1,O001734,P009,1,296.73,204.62,0.15,,0
O001735-1,O001735,P048,1,87.18,54.6,0.1,,0
O001735-2,O001735,P005,2,183.5,123.78,0,,0
O001735-3,O001735,P024,2,104.96,63.45,0,,0
O001736-1,O001736,P019,1,539.67,317.29,0,,0
O001737-1,O001737,P001,2,214.49,142.19,0,,0
O001737-2,O001737,P007,1,85.33,56.95,0,,0
O001738-1,O001738,P029,1,62.03,33.59,0.2,,0
O001738-2,O001738,P048,3,87.18,54.6,0.05,,0
O001739-1,O001739,P032,1,45.76,24.77,0.05,,0
O001740-1,O001740,P010,1,60.45,40.54,0.1,,0
O001741-1,O001741,P045,1,147.73,93.9,0.15,,0
O001741-2,O001741,P010,1,60.45,40.54,0.05,,0
O001742-1,O001742,P020,1,151.49,90.09,0.05,,0
O001743-1,O001743,P042,1,180.79,114.47,0.2,,0
O001744-1,O001744,P021,1,221.99,142.61,0.15,,0
O001744-2,O001744,P017,3,198.78,124.13,0.1,,0
O001745-1,O001745,P017,1,198.78,124.13,0.05,,0
O001746-1,O001746,P035,1,41.88,25.54,0.15,,0
O001746-2,O001746,P043,3,205.47,129.67,0.1,,0
O001746-3,O001746,P008,2,253.51,162.28,0.15,,0
O001747-1,O001747,P011,1,416.54,268.27,0.1,,0
O001747-2,O001747,P042,4,180.79,114.47,0.1,,0
O001748-1,O001748,P034,1,25.32,14.75,0,,0
O001749-1,O001749,P016,4,630.9,390.58,0,,0
O001750-1,O001750,P002,2,120.53,78.28,0,,0
O001750-2,O001750,P027,2,42.25,24.81,0.1,,0
O001751-1,O001751,P016,1,630.9,390.58,0.15000000000000002,,0
O001751-2,O001751,P005,4,183.5,123.78,0.15000000000000002,,0
O001751-3,O001751,P013,3,418.01,238.98,0.05,,0
O001752-1,O001752,P029,1,62.03,33.59,0,,0
O001752-2,O001752,P004,2,400.96,266.15,0,,0
O001752-3,O001752,P019,3,539.67,317.29,0.05,,0
O001753-1,O001753,P024,1,104.96,63.45,0.05,,0
O001754-1,O001754,P012,1,414.28,288.7,0.05,,0
O001754-2,O001754,P048,1,87.18,54.6,0,,0
O001755-1,O001755,P023,1,195.53,117.52,0.1,,0
O001756-1,O001756,P008,2,253.51,162.28,0,,0
O001756-2,O001756,P025,1,71.76,42.18,0.05,,0
O001757-1,O001757,P004,1,400.96,266.15,0.2,,0
O001757-2,O001757,P029,1,62.03,33.59,0,,0
O001757-3,O001757,P045,4,147.73,93.9,0,,0
O001758-1,O001758,P047,2,142.37,88.8,0.05,Changed mind,0
O001758-2,O001758,P040,1,195.87,114.95,0.05,Not as described,1
O001759-1,O001759,P027,1,42.25,24.81,0.1,,0
O001760-1,O001760,P042,3,180.79,114.47,0.05,,1
O001761-1,O001761,P031,3,8.72,4.67,0.05,,0
O001762-1,O001762,P030,1,46.94,28.34,0.2,,0
O001762-2,O001762,P046,1,180.61,102.64,0.1,,1
O001762-3,O001762,P005,1,183.5,123.78,0.2,,0
O001763-1,O001763,P047,1,142.37,88.8,0.05,,0
O001763-2,O001763,P034,1,25.32,14.75,0.1,,0
O001764-1,O001764,P030,2,46.94,28.34,0.05,,0
O001764-2,O001764,P036,2,35.45,21.49,0.05,,0
O001765-1,O001765,P006,1,244.45,154.75,0.2,,0
O001766-1,O001766,P017,5,198.78,124.13,0.15,,0
O001766-2,O001766,P015,1,168.09,101.78,0,,0
O001766-3,O001766,P010,2,60.45,40.54,0.05,,0
O001767-1,O001767,P018,1,294.41,187.22,0.15,,0
O001767-2,O001767,P044,1,134.21,77.33,0.2,,0
O001768-1,O001768,P030,1,46.94,28.34,0,,0
O001769-1,O001769,P047,2,142.37,88.8,0.05,,0
O001769-2,O001769,P006,1,244.45,154.75,0.05,,0
O001770-1,O001770,P025,1,71.76,42.18,0.05,,0
O001771-1,O001771,P030,1,46.94,28.34,0,Arrived late,0
O001771-2,O001771,P014,2,100.54,57.99,0.1,Damaged,0
O001772-1,O001772,P032,1,45.76,24.77,0.1,,0
O001772-2,O001772,P015,1,168.09,101.78,0.15,,0
O001773-1,O001773,P030,2,46.94,28.34,0,,0
O001773-2,O001773,P044,1,134.21,77.33,0.05,,0
O001774-1,O001774,P048,1,87.18,54.6,0.15000000000000002,,0
O001774-2,O001774,P014,1,100.54,57.99,0.15000000000000002,,0
O001774-3,O001774,P033,1,75.25,44.42,0.1,,0
O001775-1,O001775,P024,2,104.96,63.45,0.05,,0
O001775-2,O001775,P029,1,62.03,33.59,0,,0
O001775-3,O001775,P003,1,139.72,94.93,0.05,,0
O001775-4,O001775,P042,3,180.79,114.47,0.15,,0
O001776-1,O001776,P017,2,198.78,124.13,0.05,,0
O001776-2,O001776,P035,2,41.88,25.54,0.1,,0
O001777-1,O001777,P039,1,49.57,31.45,0.1,,0
O001778-1,O001778,P048,2,87.18,54.6,0,,0
O001778-2,O001778,P035,3,41.88,25.54,0,,0
O001779-1,O001779,P036,1,35.45,21.49,0.05,,0
O001779-2,O001779,P035,1,41.88,25.54,0,,0
O001779-3,O001779,P038,1,152.06,96.3,0.05,,0
O001780-1,O001780,P001,1,214.49,142.19,0,,0
O001781-1,O001781,P039,1,49.57,31.45,0.15000000000000002,,0
O001781-2,O001781,P019,1,539.67,317.29,0.05,,0
O001781-3,O001781,P016,2,630.9,390.58,0.05,,0
O001781-4,O001781,P031,2,8.72,4.67,0.1,,0
O001782-1,O001782,P031,4,8.72,4.67,0.1,,0
O001783-1,O001783,P016,1,630.9,390.58,0.2,Damaged,0
O001784-1,O001784,P016,2,630.9,390.58,0.05,,0
O001784-2,O001784,P033,1,75.25,44.42,0.15,,0
O001784-3,O001784,P034,1,25.32,14.75,0.2,,0
O001785-1,O001785,P044,1,134.21,77.33,0.1,,0
O001786-1,O001786,P037,1,81.55,51.15,0.2,,0
O001786-2,O001786,P008,1,253.51,162.28,0,,0
O001787-1,O001787,P048,1,87.18,54.6,0.05,,0
O001788-1,O001788,P022,1,568.95,369.55,0.05,,0
O001788-2,O001788,P015,3,168.09,101.78,0.2,,0
O001788-3,O001788,P032,3,45.76,24.77,0.2,,0
O001788-4,O001788,P001,2,214.49,142.19,0.05,,0
O001789-1,O001789,P022,1,568.95,369.55,0.1,,0
O001790-1,O001790,P040,2,195.87,114.95,0.1,,0
O001791-1,O001791,P004,2,400.96,266.15,0.15,,0
O001791-2,O001791,P024,1,104.96,63.45,0.1,,0
O001791-3,O001791,P007,3,85.33,56.95,0.1,,0
O001792-1,O001792,P007,1,85.33,56.95,0.05,,0
O001792-2,O001792,P026,1,26.84,15.28,0,,0
O001792-3,O001792,P012,1,414.28,288.7,0,,0
O001793-1,O001793,P028,1,54.22,32.4,0,,0
O001793-2,O001793,P024,1,104.96,63.45,0.15,,0
O001794-1,O001794,P005,1,183.5,123.78,0,,0
O001795-1,O001795,P037,4,81.55,51.15,0.05,,0
O001796-1,O001796,P035,2,41.88,25.54,0.15,,0
O001796-2,O001796,P037,1,81.55,51.15,0.15,,0
O001796-3,O001796,P021,3,221.99,142.61,0.05,,0
O001796-4,O001796,P005,2,183.5,123.78,0.15,,0
O001797-1,O001797,P007,2,85.33,56.95,0,Changed mind,0
O001798-1,O001798,P001,1,214.49,142.19,0.1,Changed mind,0
O001798-2,O001798,P022,1,568.95,369.55,0,Not as described,0
O001798-3,O001798,P044,2,134.21,77.33,0.05,Damaged,0
O001799-1,O001799,P003,1,139.72,94.93,0.05,,0
O001800-1,O001800,P009,4,296.73,204.62,0,,0
O001801-1,O001801,P027,1,42.25,24.81,0.2,,0
O001802-1,O001802,P028,1,54.22,32.4,0.05,,0
O001803-1,O001803,P008,1,253.51,162.28,0,,0
O001804-1,O001804,P033,1,75.25,44.42,0.2,,0
O001804-2,O001804,P030,1,46.94,28.34,0.15000000000000002,,0
O001804-3,O001804,P035,3,41.88,25.54,0.1,,0
O001805-1,O001805,P013,1,418.01,238.98,0,,0
O001806-1,O001806,P040,2,195.87,114.95,0.1,,0
O001806-2,O001806,P039,1,49.57,31.45,0.15000000000000002,,0
O001807-1,O001807,P043,1,205.47,129.67,0.15,,0
O001808-1,O001808,P018,1,294.41,187.22,0.05,,0
O001809-1,O001809,P026,1,26.84,15.28,0.05,Not as described,0
O001809-2,O001809,P020,4,151.49,90.09,0.05,Arrived late,0
O001810-1,O001810,P008,1,253.51,162.28,0.2,Wrong item,0
O001810-2,O001810,P012,1,414.28,288.7,0.15000000000000002,Not as described,0
O001811-1,O001811,P036,2,35.45,21.49,0,,0
O001812-1,O001812,P037,1,81.55,51.15,0.1,Arrived late,0
O001812-2,O001812,P023,1,195.53,117.52,0.05,Wrong item,0
O001812-3,O001812,P007,3,85.33,56.95,0.1,Changed mind,0
O001812-4,O001812,P030,2,46.94,28.34,0,Damaged,0
O001813-1,O001813,P011,1,416.54,268.27,0.15000000000000002,,0
O001814-1,O001814,P011,2,416.54,268.27,0,,0
O001815-1,O001815,P028,2,54.22,32.4,0,,0
O001815-2,O001815,P006,1,244.45,154.75,0,,0
O001816-1,O001816,P020,2,151.49,90.09,0.1,Changed mind,0
O001816-2,O001816,P043,1,205.47,129.67,0.2,Not as described,0
O001816-3,O001816,P031,2,8.72,4.67,0.05,Changed mind,0
O001817-1,O001817,P006,5,244.45,154.75,0.05,,0
O001818-1,O001818,P029,3,62.03,33.59,0.2,,0
O001819-1,O001819,P039,2,49.57,31.45,0,,0
O001820-1,O001820,P040,2,195.87,114.95,0,,0
O001820-2,O001820,P022,1,568.95,369.55,0,,0
O001821-1,O001821,P013,1,418.01,238.98,0.15,,0
O001822-1,O001822,P016,1,630.9,390.58,0,,0
O001823-1,O001823,P022,1,568.95,369.55,0.05,,0
O001823-2,O001823,P024,1,104.96,63.45,0.05,,0
O001823-3,O001823,P003,1,139.72,94.93,0,,0
O001824-1,O001824,P031,1,8.72,4.67,0,,0
O001825-1,O001825,P036,1,35.45,21.49,0.05,,0
O001826-1,O001826,P013,1,418.01,238.98,0,,0
O001826-2,O001826,P005,2,183.5,123.78,0,,0
O001827-1,O001827,P017,1,198.78,124.13,0,Damaged,0
O001828-1,O001828,P009,4,296.73,204.62,0.1,,0
O001829-1,O001829,P002,2,120.53,78.28,0.05,,0
O001830-1,O001830,P038,1,152.06,96.3,0.05,,0
O001830-2,O001830,P026,1,26.84,15.28,0.05,,0
O001830-3,O001830,P027,1,42.25,24.81,0.1,,0
O001830-4,O001830,P037,1,81.55,51.15,0.05,,0
O001831-1,O001831,P006,2,244.45,154.75,0.05,,0
O001831-2,O001831,P017,2,198.78,124.13,0.05,,0
O001832-1,O001832,P011,2,416.54,268.27,0.1,,0
O001832-2,O001832,P039,1,49.57,31.45,0.2,,0
O001833-1,O001833,P007,3,85.33,56.95,0.05,,0
O001834-1,O001834,P025,1,71.76,42.18,0.2,,0
O001835-1,O001835,P001,1,214.49,142.19,0,,0
O001835-2,O001835,P012,1,414.28,288.7,0,,0
O001836-1,O001836,P009,2,296.73,204.62,0,,1
O001836-2,O001836,P018,4,294.41,187.22,0.2,,0
O001837-1,O001837,P012,1,414.28,288.7,0,,0
O001838-1,O001838,P037,1,81.55,51.15,0.05,,0
O001839-1,O001839,P002,1,120.53,78.28,0.05,,0
O001840-1,O001840,P017,1,198.78,124.13,0.1,,0
O001840-2,O001840,P042,2,180.79,114.47,0.15,,0
O001840-3,O001840,P044,2,134.21,77.33,0.1,,0
O001840-4,O001840,P032,3,45.76,24.77,0.1,,0
O001841-1,O001841,P017,1,198.78,124.13,0,,0
O001842-1,O001842,P017,1,198.78,124.13,0.05,Not as described,0
O001842-2,O001842,P007,2,85.33,56.95,0,Damaged,0
O001842-3,O001842,P014,1,100.54,57.99,0.1,Damaged,0
O001842-4,O001842,P034,1,25.32,14.75,0.05,Damaged,0
O001843-1,O001843,P037,2,81.55,51.15,0,,0
O001843-2,O001843,P024,4,104.96,63.45,0,,0
O001843-3,O001843,P022,2,568.95,369.55,0.1,,0
O001844-1,O001844,P037,3,81.55,51.15,0,,0
O001844-2,O001844,P045,2,147.73,93.9,0.2,,0
O001845-1,O001845,P043,3,205.47,129.67,0.05,,0
O001846-1,O001846,P003,2,139.72,94.93,0.1,,0
O001846-2,O001846,P036,3,35.45,21.49,0,,0
O001847-1,O001847,P011,2,416.54,268.27,0,,0
O001848-1,O001848,P017,1,198.78,124.13,0,,0
O001848-2,O001848,P033,2,75.25,44.42,0,,0
O001849-1,O001849,P033,3,75.25,44.42,0.1,,0
O001850-1,O001850,P035,1,41.88,25.54,0.05,,0
O001851-1,O001851,P007,4,85.33,56.95,0.2,,0
O001852-1,O001852,P035,4,41.88,25.54,0.15000000000000002,,1
O001852-2,O001852,P013,3,418.01,238.98,0.05,,0
O001853-1,O001853,P046,1,180.61,102.64,0.05,,0
O001853-2,O001853,P023,1,195.53,117.52,0.1,,0
O001854-1,O001854,P019,2,539.67,317.29,0.2,,0
O001855-1,O001855,P027,2,42.25,24.81,0.1,,0
O001855-2,O001855,P037,2,81.55,51.15,0.1,,0
O001856-1,O001856,P006,3,244.45,154.75,0,,0
O001856-2,O001856,P029,2,62.03,33.59,0,,0
O001857-1,O001857,P026,1,26.84,15.28,0.15,,0
O001858-1,O001858,P021,3,221.99,142.61,0,,0
O001858-2,O001858,P027,2,42.25,24.81,0.1,,0
O001859-1,O001859,P020,3,151.49,90.09,0.05,,0
O001860-1,O001860,P018,2,294.41,187.22,0.1,,0
O001861-1,O001861,P044,4,134.21,77.33,0.1,,0
O001861-2,O001861,P034,2,25.32,14.75,0.15000000000000002,,0
O001861-3,O001861,P008,4,253.51,162.28,0.1,,0
O001861-4,O001861,P022,2,568.95,369.55,0.05,,0
O001862-1,O001862,P034,1,25.32,14.75,0,,0
O001863-1,O001863,P022,1,568.95,369.55,0,,0
O001863-2,O001863,P028,1,54.22,32.4,0,,0
O001864-1,O001864,P048,2,87.18,54.6,0.05,,0
O001865-1,O001865,P005,1,183.5,123.78,0,,0
O001866-1,O001866,P021,1,221.99,142.61,0,,0
O001866-2,O001866,P034,1,25.32,14.75,0,,0
O001866-3,O001866,P046,1,180.61,102.64,0.1,,0
O001866-4,O001866,P031,2,8.72,4.67,0,,1
O001867-1,O001867,P014,1,100.54,57.99,0.05,,0
O001867-2,O001867,P029,1,62.03,33.59,0,,0
O001868-1,O001868,P027,1,42.25,24.81,0.05,,0
O001868-2,O001868,P014,5,100.54,57.99,0.1,,0
O001869-1,O001869,P035,1,41.88,25.54,0.15000000000000002,,0
O001870-1,O001870,P038,1,152.06,96.3,0.1,Not as described,0
O001871-1,O001871,P025,2,71.76,42.18,0.1,,0
O001871-2,O001871,P028,1,54.22,32.4,0.2,,0
O001871-3,O001871,P001,3,214.49,142.19,0.2,,0
O001872-1,O001872,P042,1,180.79,114.47,0,,0
O001872-2,O001872,P008,2,253.51,162.28,0,,0
O001873-1,O001873,P013,1,418.01,238.98,0,,0
O001873-2,O001873,P001,1,214.49,142.19,0.05,,0
O001874-1,O001874,P030,2,46.94,28.34,0.05,,0
O001875-1,O001875,P022,1,568.95,369.55,0.05,,1
O001876-1,O001876,P034,4,25.32,14.75,0.2,,0
O001876-2,O001876,P028,1,54.22,32.4,0.15000000000000002,,0
O001877-1,O001877,P028,1,54.22,32.4,0,,0
O001877-2,O001877,P001,2,214.49,142.19,0,,0
O001877-3,O001877,P023,2,195.53,117.52,0,,0
O001878-1,O001878,P027,1,42.25,24.81,0.15000000000000002,,0
O001878-2,O001878,P005,2,183.5,123.78,0.1,,0
O001878-3,O001878,P044,2,134.21,77.33,0.15000000000000002,,0
O001878-4,O001878,P020,2,151.49,90.09,0.2,,0
O001879-1,O001879,P037,1,81.55,51.15,0,,0
O001879-2,O001879,P048,2,87.18,54.6,0,,0
O001880-1,O001880,P032,1,45.76,24.77,0.05,Not as described,0
O001880-2,O001880,P042,2,180.79,114.47,0.2,Not as described,0
O001881-1,O001881,P037,1,81.55,51.15,0,,0
O001882-1,O001882,P030,1,46.94,28.34,0,,0
O001883-1,O001883,P038,3,152.06,96.3,0.15,,0
O001883-2,O001883,P011,1,416.54,268.27,0,,0
O001883-3,O001883,P028,1,54.22,32.4,0.15,,0
O001884-1,O001884,P035,1,41.88,25.54,0.05,,0
O001885-1,O001885,P010,2,60.45,40.54,0,,0
O001885-2,O001885,P035,2,41.88,25.54,0.05,,0
O001886-1,O001886,P036,3,35.45,21.49,0.1,,0
O001887-1,O001887,P014,2,100.54,57.99,0,,0
O001887-2,O001887,P021,2,221.99,142.61,0.05,,0
O001887-3,O001887,P029,1,62.03,33.59,0,,0
O001888-1,O001888,P040,4,195.87,114.95,0.2,,0
O001888-2,O001888,P026,1,26.84,15.28,0.05,,0
O001889-1,O001889,P008,2,253.51,162.28,0.05,,0
O001890-1,O001890,P027,3,42.25,24.81,0.05,Damaged,0
O001891-1,O001891,P023,3,195.53,117.52,0.15000000000000002,Changed mind,0
O001891-2,O001891,P043,1,205.47,129.67,0.05,Arrived late,0
O001892-1,O001892,P031,2,8.72,4.67,0.2,,0
O001893-1,O001893,P015,2,168.09,101.78,0.05,,0
O001893-2,O001893,P001,2,214.49,142.19,0.15,,0
O001894-1,O001894,P031,5,8.72,4.67,0.15,,0
O001895-1,O001895,P010,3,60.45,40.54,0.05,,1
O001896-1,O001896,P029,2,62.03,33.59,0,,0
O001897-1,O001897,P035,1,41.88,25.54,0.1,,1
O001897-2,O001897,P034,1,25.32,14.75,0.1,,0
O001898-1,O001898,P022,5,568.95,369.55,0.05,,0
O001899-1,O001899,P014,2,100.54,57.99,0.15,,0
O001900-1,O001900,P023,1,195.53,117.52,0.1,,0
O001900-2,O001900,P028,2,54.22,32.4,0,,0
O001901-1,O001901,P003,1,139.72,94.93,0.15,,0
O001901-2,O001901,P035,2,41.88,25.54,0,,0
O001901-3,O001901,P018,1,294.41,187.22,0.05,,0
O001902-1,O001902,P009,3,296.73,204.62,0.15,,0
O001903-1,O001903,P024,2,104.96,63.45,0.05,Damaged,0
O001903-2,O001903,P048,3,87.18,54.6,0,Changed mind,0
O001904-1,O001904,P034,2,25.32,14.75,0,,0
O001904-2,O001904,P002,1,120.53,78.28,0.05,,0
O001904-3,O001904,P042,2,180.79,114.47,0,,0
O001905-1,O001905,P037,1,81.55,51.15,0.1,,0
O001906-1,O001906,P046,2,180.61,102.64,0.05,,0
O001906-2,O001906,P008,2,253.51,162.28,0,,0
O001906-3,O001906,P016,1,630.9,390.58,0,,0
O001907-1,O001907,P030,1,46.94,28.34,0.05,,0
O001908-1,O001908,P017,1,198.78,124.13,0.1,,0
O001909-1,O001909,P017,2,198.78,124.13,0.1,,0
O001909-2,O001909,P047,1,142.37,88.8,0,,0
O001910-1,O001910,P008,1,253.51,162.28,0.05,,0
O001911-1,O001911,P002,1,120.53,78.28,0,,0
O001911-2,O001911,P017,2,198.78,124.13,0.1,,0
O001911-3,O001911,P033,1,75.25,44.42,0,,0
O001912-1,O001912,P018,3,294.41,187.22,0,,0
O001913-1,O001913,P027,4,42.25,24.81,0.05,,0
O001913-2,O001913,P030,2,46.94,28.34,0.15000000000000002,,0
O001914-1,O001914,P018,1,294.41,187.22,0,,0
O001915-1,O001915,P035,3,41.88,25.54,0.1,,0
O001915-2,O001915,P048,4,87.18,54.6,0.15000000000000002,,0
O001916-1,O001916,P030,1,46.94,28.34,0,,0
O001916-2,O001916,P003,3,139.72,94.93,0.1,,0
O001916-3,O001916,P001,2,214.49,142.19,0,,0
O001917-1,O001917,P041,2,78.7,44.75,0.1,,0
O001918-1,O001918,P042,2,180.79,114.47,0.05,,0
O001919-1,O001919,P046,3,180.61,102.64,0.1,,0
O001919-2,O001919,P002,4,120.53,78.28,0.15,,0
O001920-1,O001920,P028,3,54.22,32.4,0,,0
O001920-2,O001920,P008,3,253.51,162.28,0.05,,0
O001921-1,O001921,P012,4,414.28,288.7,0.2,,0
O001921-2,O001921,P030,1,46.94,28.34,0.2,,0
O001922-1,O001922,P026,1,26.84,15.28,0.2,Not as described,0
O001922-2,O001922,P048,1,87.18,54.6,0.05,Changed mind,0
O001923-1,O001923,P046,1,180.61,102.64,0.05,,0
O001924-1,O001924,P028,2,54.22,32.4,0.05,,0
O001925-1,O001925,P027,2,42.25,24.81,0.2,,0
O001925-2,O001925,P039,1,49.57,31.45,0.05,,0
O001925-3,O001925,P020,1,151.49,90.09,0.1,,0
O001925-4,O001925,P035,1,41.88,25.54,0.05,,0
O001926-1,O001926,P033,2,75.25,44.42,0.05,Changed mind,0
O001926-2,O001926,P021,1,221.99,142.61,0.15,Changed mind,0
O001927-1,O001927,P047,1,142.37,88.8,0,,0
O001928-1,O001928,P029,2,62.03,33.59,0.1,,0
O001929-1,O001929,P039,4,49.57,31.45,0.1,,0
O001929-2,O001929,P041,1,78.7,44.75,0,,0
O001930-1,O001930,P029,1,62.03,33.59,0.15,,0
O001930-2,O001930,P040,3,195.87,114.95,0,,0
O001930-3,O001930,P014,2,100.54,57.99,0.05,,0
O001931-1,O001931,P044,1,134.21,77.33,0.05,,0
O001932-1,O001932,P018,2,294.41,187.22,0,,0
O001933-1,O001933,P002,1,120.53,78.28,0.15,Wrong item,0
O001933-2,O001933,P001,1,214.49,142.19,0.05,Not as described,0
O001933-3,O001933,P003,1,139.72,94.93,0.2,Not as described,0
O001933-4,O001933,P021,1,221.99,142.61,0.05,Damaged,0
O001934-1,O001934,P013,2,418.01,238.98,0.1,,0
O001935-1,O001935,P017,5,198.78,124.13,0.05,,0
O001936-1,O001936,P030,1,46.94,28.34,0.1,,0
O001936-2,O001936,P040,2,195.87,114.95,0.05,,0
O001937-1,O001937,P034,1,25.32,14.75,0,,0
O001938-1,O001938,P028,1,54.22,32.4,0.05,Changed mind,0
O001938-2,O001938,P025,2,71.76,42.18,0,Changed mind,0
O001938-3,O001938,P002,1,120.53,78.28,0,Changed mind,0
O001939-1,O001939,P029,1,62.03,33.59,0.05,,0
O001940-1,O001940,P014,1,100.54,57.99,0,Arrived late,0
O001940-2,O001940,P046,1,180.61,102.64,0.05,Damaged,0
O001940-3,O001940,P033,2,75.25,44.42,0.2,Changed mind,0
O001941-1,O001941,P030,2,46.94,28.34,0.15000000000000002,,0
O001941-2,O001941,P046,3,180.61,102.64,0.1,,0
O001941-3,O001941,P031,3,8.72,4.67,0.05,,0
O001942-1,O001942,P038,1,152.06,96.3,0.15,,0
O001943-1,O001943,P003,3,139.72,94.93,0.05,,0
O001943-2,O001943,P008,1,253.51,162.28,0.05,,0
O001944-1,O001944,P004,2,400.96,266.15,0.1,,0
O001944-2,O001944,P035,1,41.88,25.54,0.05,,0
O001945-1,O001945,P006,1,244.45,154.75,0.1,,0
O001945-2,O001945,P048,2,87.18,54.6,0.2,,0
O001946-1,O001946,P019,3,539.67,317.29,0.05,,0
O001947-1,O001947,P014,1,100.54,57.99,0.05,,0
O001948-1,O001948,P032,1,45.76,24.77,0,,0
O001948-2,O001948,P019,1,539.67,317.29,0.2,,0
O001949-1,O001949,P029,1,62.03,33.59,0,,0
O001950-1,O001950,P027,1,42.25,24.81,0,,0
O001951-1,O001951,P033,2,75.25,44.42,0.05,,0
O001951-2,O001951,P036,1,35.45,21.49,0.15000000000000002,,0
O001952-1,O001952,P015,1,168.09,101.78,0.05,Changed mind,0
O001952-2,O001952,P041,2,78.7,44.75,0.1,Changed mind,0
O001953-1,O001953,P026,2,26.84,15.28,0,,0
O001953-2,O001953,P036,1,35.45,21.49,0,,0
O001954-1,O001954,P048,3,87.18,54.6,0.05,Not as described,0
O001955-1,O001955,P016,1,630.9,390.58,0.2,,0
O001956-1,O001956,P017,3,198.78,124.13,0.2,Changed mind,0
O001957-1,O001957,P032,2,45.76,24.77,0.15,,0
O001957-2,O001957,P044,1,134.21,77.33,0.1,,0
O001958-1,O001958,P026,1,26.84,15.28,0.05,,0
O001958-2,O001958,P037,1,81.55,51.15,0,,0
O001958-3,O001958,P019,2,539.67,317.29,0.1,,0
O001959-1,O001959,P027,4,42.25,24.81,0.05,,0
O001959-2,O001959,P028,4,54.22,32.4,0.15000000000000002,,0
O001960-1,O001960,P015,3,168.09,101.78,0.15,,0
O001960-2,O001960,P041,2,78.7,44.75,0.1,,0
O001961-1,O001961,P002,1,120.53,78.28,0.15,,0
O001962-1,O001962,P034,1,25.32,14.75,0.05,,0
O001963-1,O001963,P041,1,78.7,44.75,0,,0
O001963-2,O001963,P033,4,75.25,44.42,0.05,,0
O001964-1,O001964,P004,1,400.96,266.15,0,,0
O001964-2,O001964,P046,1,180.61,102.64,0.2,,0
O001964-3,O001964,P042,3,180.79,114.47,0,,0
O001965-1,O001965,P020,2,151.49,90.09,0.2,,0
O001965-2,O001965,P002,1,120.53,78.28,0.05,,0
O001966-1,O001966,P001,3,214.49,142.19,0,,1
O001967-1,O001967,P015,2,168.09,101.78,0.05,,0
O001968-1,O001968,P011,2,416.54,268.27,0.1,,0
O001968-2,O001968,P003,4,139.72,94.93,0.15,,0
O001968-3,O001968,P032,1,45.76,24.77,0,,0
O001968-4,O001968,P038,2,152.06,96.3,0.1,,0
O001969-1,O001969,P039,1,49.57,31.45,0.2,,0
O001970-1,O001970,P043,2,205.47,129.67,0.2,,0
O001970-2,O001970,P031,1,8.72,4.67,0.15,,0
O001971-1,O001971,P028,3,54.22,32.4,0.05,,0
O001971-2,O001971,P001,1,214.49,142.19,0.05,,1
O001972-1,O001972,P019,1,539.67,317.29,0.1,,0
O001973-1,O001973,P010,2,60.45,40.54,0.1,,0
O001973-2,O001973,P004,2,400.96,266.15,0.05,,0
O001973-3,O001973,P031,1,8.72,4.67,0,,0
O001974-1,O001974,P009,2,296.73,204.62,0.2,,0
O001974-2,O001974,P006,3,244.45,154.75,0.05,,0
O001974-3,O001974,P028,1,54.22,32.4,0.05,,0
O001975-1,O001975,P027,3,42.25,24.81,0.05,,0
O001975-2,O001975,P025,1,71.76,42.18,0.1,,0
O001975-3,O001975,P045,4,147.73,93.9,0,,0
O001976-1,O001976,P011,2,416.54,268.27,0.2,,0
O001976-2,O001976,P026,1,26.84,15.28,0,,0
O001977-1,O001977,P018,1,294.41,187.22,0.2,,0
O001978-1,O001978,P022,1,568.95,369.55,0.15000000000000002,,0
O001979-1,O001979,P018,1,294.41,187.22,0.1,,0
O001979-2,O001979,P010,1,60.45,40.54,0.2,,0
O001980-1,O001980,P014,1,100.54,57.99,0,,0
O001981-1,O001981,P034,2,25.32,14.75,0.1,,0
O001982-1,O001982,P036,1,35.45,21.49,0.2,,0
O001983-1,O001983,P039,2,49.57,31.45,0.05,,0
O001983-2,O001983,P043,1,205.47,129.67,0.1,,0
O001983-3,O001983,P028,1,54.22,32.4,0.05,,0
O001983-4,O001983,P012,2,414.28,288.7,0.05,,0
O001984-1,O001984,P030,1,46.94,28.34,0,,0
O001984-2,O001984,P012,2,414.28,288.7,0.1,,0
O001985-1,O001985,P032,1,45.76,24.77,0,,0
O001986-1,O001986,P019,2,539.67,317.29,0,,0
O001987-1,O001987,P016,1,630.9,390.58,0.05,,0
O001987-2,O001987,P008,2,253.51,162.28,0.2,,0
O001987-3,O001987,P003,1,139.72,94.93,0,,0
O001988-1,O001988,P002,1,120.53,78.28,0,Changed mind,0
O001988-2,O001988,P016,1,630.9,390.58,0,Not as described,0
O001989-1,O001989,P021,2,221.99,142.61,0.15,,0
O001990-1,O001990,P036,2,35.45,21.49,0.15,,0
O001990-2,O001990,P026,1,26.84,15.28,0.05,,0
O001991-1,O001991,P001,2,214.49,142.19,0.15000000000000002,,0
O001991-2,O001991,P020,2,151.49,90.09,0.05,,0
O001992-1,O001992,P014,2,100.54,57.99,0.1,,0
O001992-2,O001992,P026,2,26.84,15.28,0.05,,0
O001993-1,O001993,P008,1,253.51,162.28,0.05,,0
O001993-2,O001993,P010,4,60.45,40.54,0,,0
O001994-1,O001994,P048,1,87.18,54.6,0.15,,0
O001994-2,O001994,P010,1,60.45,40.54,0.15,,0
O001995-1,O001995,P029,1,62.03,33.59,0.05,,0
O001995-2,O001995,P033,2,75.25,44.42,0.05,,0
O001996-1,O001996,P020,1,151.49,90.09,0,,0
O001996-2,O001996,P027,2,42.25,24.81,0,,0
O001996-3,O001996,P026,1,26.84,15.28,0.1,,0
O001996-4,O001996,P035,1,41.88,25.54,0,,0
O001997-1,O001997,P027,1,42.25,24.81,0.1,,0
O001998-1,O001998,P006,1,244.45,154.75,0,,0
O001998-2,O001998,P021,1,221.99,142.61,0.2,,1
O001999-1,O001999,P035,1,41.88,25.54,0.15,,0
O001999-2,O001999,P025,2,71.76,42.18,0.2,,0
O002000-1,O002000,P021,1,221.99,142.61,0.2,,0
O002001-1,O002001,P036,1,35.45,21.49,0,,0
O002001-2,O002001,P008,2,253.51,162.28,0,,0
O002002-1,O002002,P030,1,46.94,28.34,0.2,,0
O002003-1,O002003,P033,2,75.25,44.42,0.05,,0
O002003-2,O002003,P031,1,8.72,4.67,0.05,,0
O002004-1,O002004,P001,1,214.49,142.19,0.1,,0
O002005-1,O002005,P048,2,87.18,54.6,0,,0
O002005-2,O002005,P032,1,45.76,24.77,0,,0
O002006-1,O002006,P042,1,180.79,114.47,0.15000000000000002,,0
O002007-1,O002007,P039,1,49.57,31.45,0.05,,0
O002008-1,O002008,P017,2,198.78,124.13,0.1,,0
O002009-1,O002009,P025,2,71.76,42.18,0.05,,0
O002009-2,O002009,P036,2,35.45,21.49,0.1,,0
O002010-1,O002010,P020,1,151.49,90.09,0.1,,0
O002011-1,O002011,P036,1,35.45,21.49,0.1,,0
O002011-2,O002011,P012,1,414.28,288.7,0.05,,0
O002011-3,O002011,P013,1,418.01,238.98,0.1,,0
O002011-4,O002011,P027,4,42.25,24.81,0.05,,0
O002012-1,O002012,P044,3,134.21,77.33,0,,0
O002012-2,O002012,P017,1,198.78,124.13,0.15,,0
O002012-3,O002012,P018,4,294.41,187.22,0.05,,0
O002013-1,O002013,P003,1,139.72,94.93,0.05,Damaged,0
O002014-1,O002014,P027,1,42.25,24.81,0,,0
O002015-1,O002015,P036,2,35.45,21.49,0.1,,0
O002015-2,O002015,P009,2,296.73,204.62,0.1,,0
O002015-3,O002015,P032,2,45.76,24.77,0.2,,0
O002016-1,O002016,P009,1,296.73,204.62,0.2,,0
O002017-1,O002017,P011,4,416.54,268.27,0.2,,0
O002018-1,O002018,P038,3,152.06,96.3,0.05,,0
O002019-1,O002019,P018,4,294.41,187.22,0.2,,0
O002019-2,O002019,P035,4,41.88,25.54,0.05,,0
O002020-1,O002020,P029,1,62.03,33.59,0.2,,0
O002021-1,O002021,P023,2,195.53,117.52,0,,0
O002021-2,O002021,P042,1,180.79,114.47,0,,0
O002022-1,O002022,P016,1,630.9,390.58,0,,0
O002022-2,O002022,P017,1,198.78,124.13,0,,0
O002023-1,O002023,P036,1,35.45,21.49,0.1,,0
O002023-2,O002023,P025,5,71.76,42.18,0.15000000000000002,,0
O002024-1,O002024,P010,2,60.45,40.54,0.1,,0
O002024-2,O002024,P046,1,180.61,102.64,0,,0
O002025-1,O002025,P035,2,41.88,25.54,0,,0
O002026-1,O002026,P027,1,42.25,24.81,0.05,,0
O002027-1,O002027,P034,1,25.32,14.75,0.05,,0
O002027-2,O002027,P004,2,400.96,266.15,0,,0
O002028-1,O002028,P019,1,539.67,317.29,0.1,,0
O002028-2,O002028,P036,1,35.45,21.49,0,,0
O002028-3,O002028,P003,1,139.72,94.93,0.1,,0
O002029-1,O002029,P014,2,100.54,57.99,0,,0
O002029-2,O002029,P011,1,416.54,268.27,0,,0
O002030-1,O002030,P038,1,152.06,96.3,0,Damaged,0
O002031-1,O002031,P024,2,104.96,63.45,0,,0
O002032-1,O002032,P004,1,400.96,266.15,0,,0
O002032-2,O002032,P011,1,416.54,268.27,0.1,,0
O002033-1,O002033,P046,3,180.61,102.64,0.05,,0
O002033-2,O002033,P024,2,104.96,63.45,0.05,,0
O002034-1,O002034,P012,3,414.28,288.7,0.05,,0
O002035-1,O002035,P006,2,244.45,154.75,0,,0
O002035-2,O002035,P002,2,120.53,78.28,0,,0
O002036-1,O002036,P014,1,100.54,57.99,0.1,,0
O002037-1,O002037,P021,2,221.99,142.61,0.05,Arrived late,0
O002038-1,O002038,P026,1,26.84,15.28,0.05,,0
O002038-2,O002038,P013,1,418.01,238.98,0,,0
O002039-1,O002039,P030,1,46.94,28.34,0.15,,0
O002040-1,O002040,P007,1,85.33,56.95,0,,0
O002040-2,O002040,P005,1,183.5,123.78,0,,0
O002041-1,O002041,P001,2,214.49,142.19,0.2,,0
O002041-2,O002041,P031,5,8.72,4.67,0.05,,0
O002041-3,O002041,P033,1,75.25,44.42,0.15000000000000002,,0
O002042-1,O002042,P027,1,42.25,24.81,0.1,,0
O002042-2,O002042,P005,1,183.5,123.78,0.05,,0
O002043-1,O002043,P044,3,134.21,77.33,0.15000000000000002,,0
O002043-2,O002043,P018,4,294.41,187.22,0.05,,0
O002044-1,O002044,P027,1,42.25,24.81,0.2,,0
O002044-2,O002044,P033,2,75.25,44.42,0.1,,0
O002045-1,O002045,P015,1,168.09,101.78,0,Arrived late,0
O002046-1,O002046,P043,1,205.47,129.67,0.2,,0
O002047-1,O002047,P022,1,568.95,369.55,0.15,,0
O002047-2,O002047,P008,1,253.51,162.28,0,,0
O002048-1,O002048,P005,1,183.5,123.78,0.1,,0
O002049-1,O002049,P002,2,120.53,78.28,0.1,,0
O002049-2,O002049,P012,2,414.28,288.7,0.05,,0
O002050-1,O002050,P026,1,26.84,15.28,0.15000000000000002,,0
O002050-2,O002050,P014,5,100.54,57.99,0.2,,0
O002050-3,O002050,P011,1,416.54,268.27,0.05,,0
O002050-4,O002050,P024,3,104.96,63.45,0.05,,0
O002051-1,O002051,P047,2,142.37,88.8,0.2,,0
O002051-2,O002051,P024,1,104.96,63.45,0.1,,0
O002052-1,O002052,P027,1,42.25,24.81,0,,0
O002053-1,O002053,P013,3,418.01,238.98,0.1,,0
O002053-2,O002053,P035,2,41.88,25.54,0.05,,0
O002053-3,O002053,P030,1,46.94,28.34,0.15,,0
O002053-4,O002053,P016,1,630.9,390.58,0.05,,0
O002054-1,O002054,P031,1,8.72,4.67,0,,0
O002054-2,O002054,P006,3,244.45,154.75,0.15,,0
O002054-3,O002054,P012,2,414.28,288.7,0,,0
O002055-1,O002055,P013,1,418.01,238.98,0.05,,0
O002055-2,O002055,P024,2,104.96,63.45,0.2,,0
O002055-3,O002055,P018,1,294.41,187.22,0.1,,0
O002056-1,O002056,P020,4,151.49,90.09,0,,0
O002056-2,O002056,P010,1,60.45,40.54,0,,0
O002056-3,O002056,P043,1,205.47,129.67,0.05,,0
O002057-1,O002057,P002,1,120.53,78.28,0.05,,0
O002058-1,O002058,P016,2,630.9,390.58,0.05,,0
O002059-1,O002059,P019,1,539.67,317.29,0.1,,0
O002059-2,O002059,P023,3,195.53,117.52,0.05,,0
O002060-1,O002060,P003,2,139.72,94.93,0.15,,0
O002061-1,O002061,P007,2,85.33,56.95,0,,0
O002062-1,O002062,P034,2,25.32,14.75,0.05,,0
O002062-2,O002062,P043,2,205.47,129.67,0.2,,0
O002062-3,O002062,P036,4,35.45,21.49,0.15000000000000002,,0
O002063-1,O002063,P016,1,630.9,390.58,0.1,,0
O002063-2,O002063,P024,1,104.96,63.45,0.15000000000000002,,0
O002063-3,O002063,P031,1,8.72,4.67,0.2,,0
O002064-1,O002064,P009,1,296.73,204.62,0.1,,0
O002065-1,O002065,P042,1,180.79,114.47,0.15000000000000002,,0
O002066-1,O002066,P002,1,120.53,78.28,0.15,,0
O002067-1,O002067,P008,1,253.51,162.28,0.1,,0
O002068-1,O002068,P010,1,60.45,40.54,0.15000000000000002,,0
O002069-1,O002069,P045,3,147.73,93.9,0.2,,0
O002069-2,O002069,P018,1,294.41,187.22,0.1,,0
O002070-1,O002070,P026,2,26.84,15.28,0.1,,0
O002071-1,O002071,P003,1,139.72,94.93,0.05,,0
O002072-1,O002072,P026,1,26.84,15.28,0,,0
O002073-1,O002073,P012,4,414.28,288.7,0.1,,0
O002073-2,O002073,P022,1,568.95,369.55,0.2,,0
O002074-1,O002074,P041,4,78.7,44.75,0.1,,0
O002074-2,O002074,P037,2,81.55,51.15,0.1,,0
O002075-1,O002075,P011,1,416.54,268.27,0.2,,0
O002076-1,O002076,P034,1,25.32,14.75,0,,0
O002077-1,O002077,P028,1,54.22,32.4,0,,0
O002078-1,O002078,P025,2,71.76,42.18,0,,0
O002078-2,O002078,P031,3,8.72,4.67,0,,0
O002078-3,O002078,P046,2,180.61,102.64,0.1,,0
O002079-1,O002079,P006,1,244.45,154.75,0.1,,0
O002080-1,O002080,P011,3,416.54,268.27,0.05,,0
O002081-1,O002081,P022,1,568.95,369.55,0.1,,0
O002082-1,O002082,P006,1,244.45,154.75,0.2,,0
O002083-1,O002083,P006,1,244.45,154.75,0.1,,0
O002084-1,O002084,P011,2,416.54,268.27,0,,0
O002085-1,O002085,P040,3,195.87,114.95,0.2,,0
O002086-1,O002086,P003,2,139.72,94.93,0.05,,0
O002087-1,O002087,P045,1,147.73,93.9,0.1,Changed mind,0
O002088-1,O002088,P019,1,539.67,317.29,0.05,,0
O002088-2,O002088,P043,1,205.47,129.67,0.1,,0
O002089-1,O002089,P016,2,630.9,390.58,0,,0
O002090-1,O002090,P021,2,221.99,142.61,0,,0
O002090-2,O002090,P020,3,151.49,90.09,0.05,,0
O002091-1,O002091,P044,2,134.21,77.33,0.2,,0
O002091-2,O002091,P040,1,195.87,114.95,0.05,,0
O002091-3,O002091,P014,1,100.54,57.99,0.05,,0
O002091-4,O002091,P042,1,180.79,114.47,0.05,,0
O002092-1,O002092,P044,1,134.21,77.33,0.05,,1
O002093-1,O002093,P028,1,54.22,32.4,0.15000000000000002,,0
O002093-2,O002093,P003,3,139.72,94.93,0.2,,0
O002093-3,O002093,P047,3,142.37,88.8,0.05,,0
O002093-4,O002093,P011,1,416.54,268.27,0.05,,0
O002094-1,O002094,P018,2,294.41,187.22,0.05,,0
O002095-1,O002095,P044,1,134.21,77.33,0,,0
O002096-1,O002096,P037,3,81.55,51.15,0.15,,0
O002096-2,O002096,P018,1,294.41,187.22,0,,0
O002096-3,O002096,P024,1,104.96,63.45,0,,0
O002097-1,O002097,P020,1,151.49,90.09,0,,0
O002098-1,O002098,P016,1,630.9,390.58,0,,0
O002099-1,O002099,P010,1,60.45,40.54,0.05,,0
O002099-2,O002099,P015,2,168.09,101.78,0.15,,0
O002100-1,O002100,P002,2,120.53,78.28,0,,0
O002100-2,O002100,P028,1,54.22,32.4,0,,0
O002101-1,O002101,P014,1,100.54,57.99,0.05,,0
O002102-1,O002102,P012,1,414.28,288.7,0,,0
O002103-1,O002103,P031,1,8.72,4.67,0,,0
O002103-2,O002103,P048,1,87.18,54.6,0,,0
O002104-1,O002104,P009,1,296.73,204.62,0.15,,0
O002105-1,O002105,P025,2,71.76,42.18,0.1,,0
O002106-1,O002106,P009,1,296.73,204.62,0.1,,0
O002106-2,O002106,P026,1,26.84,15.28,0.1,,0
O002107-1,O002107,P040,2,195.87,114.95,0,,0
O002107-2,O002107,P005,1,183.5,123.78,0.2,,0
O002107-3,O002107,P019,2,539.67,317.29,0.1,,0
O002108-1,O002108,P036,2,35.45,21.49,0.15000000000000002,,0
O002108-2,O002108,P035,1,41.88,25.54,0.05,,0
O002109-1,O002109,P028,1,54.22,32.4,0,,0
O002109-2,O002109,P035,1,41.88,25.54,0,,0
O002109-3,O002109,P044,1,134.21,77.33,0.05,,0
O002109-4,O002109,P012,1,414.28,288.7,0.05,,0
O002110-1,O002110,P016,1,630.9,390.58,0.1,Changed mind,0
O002110-2,O002110,P034,1,25.32,14.75,0,Damaged,0
O002111-1,O002111,P030,2,46.94,28.34,0.2,,0
O002112-1,O002112,P048,3,87.18,54.6,0.2,,0
O002113-1,O002113,P006,1,244.45,154.75,0.1,,0
O002114-1,O002114,P045,2,147.73,93.9,0.15000000000000002,,0
O002115-1,O002115,P029,1,62.03,33.59,0.2,,0
O002115-2,O002115,P032,2,45.76,24.77,0,,0
O002116-1,O002116,P048,1,87.18,54.6,0.15,,0
O002116-2,O002116,P039,3,49.57,31.45,0,,0
O002116-3,O002116,P001,3,214.49,142.19,0,,0
O002117-1,O002117,P013,3,418.01,238.98,0.15,,0
O002118-1,O002118,P038,5,152.06,96.3,0,,0
O002119-1,O002119,P005,3,183.5,123.78,0.1,,0
O002119-2,O002119,P041,1,78.7,44.75,0.15000000000000002,,0
O002120-1,O002120,P034,1,25.32,14.75,0,,0
O002121-1,O002121,P026,2,26.84,15.28,0,,0
O002122-1,O002122,P034,1,25.32,14.75,0.05,,0
O002123-1,O002123,P037,1,81.55,51.15,0,,0
O002124-1,O002124,P010,1,60.45,40.54,0.05,,0
O002124-2,O002124,P037,3,81.55,51.15,0,,0
O002125-1,O002125,P031,1,8.72,4.67,0.15000000000000002,,0
O002125-2,O002125,P007,1,85.33,56.95,0.1,,0
O002126-1,O002126,P017,2,198.78,124.13,0.15,Changed mind,0
O002126-2,O002126,P018,2,294.41,187.22,0,Damaged,0
O002126-3,O002126,P042,1,180.79,114.47,0,Not as described,0
O002127-1,O002127,P006,3,244.45,154.75,0.1,,0
O002128-1,O002128,P044,1,134.21,77.33,0.1,,0
O002128-2,O002128,P004,1,400.96,266.15,0,,0
O002129-1,O002129,P048,2,87.18,54.6,0.15,,0
O002129-2,O002129,P010,3,60.45,40.54,0,,0
O002129-3,O002129,P029,1,62.03,33.59,0.2,,0
O002130-1,O002130,P007,1,85.33,56.95,0.05,,0
O002130-2,O002130,P002,1,120.53,78.28,0.2,,0
O002130-3,O002130,P038,2,152.06,96.3,0,,0
O002131-1,O002131,P047,2,142.37,88.8,0.05,,0
O002132-1,O002132,P001,1,214.49,142.19,0.2,Changed mind,0
O002132-2,O002132,P010,1,60.45,40.54,0.15,Changed mind,0
O002133-1,O002133,P020,1,151.49,90.09,0.15,,0
O002133-2,O002133,P012,1,414.28,288.7,0.15,,0
O002134-1,O002134,P028,2,54.22,32.4,0.1,,0
O002134-2,O002134,P019,1,539.67,317.29,0,,0
O002135-1,O002135,P010,1,60.45,40.54,0,,0
O002136-1,O002136,P015,2,168.09,101.78,0.05,,0
O002137-1,O002137,P037,1,81.55,51.15,0,,0
O002138-1,O002138,P001,4,214.49,142.19,0.05,,0
O002139-1,O002139,P030,1,46.94,28.34,0,,0
O002140-1,O002140,P013,1,418.01,238.98,0.1,,0
O002140-2,O002140,P034,1,25.32,14.75,0,,0
O002140-3,O002140,P025,2,71.76,42.18,0.2,,0
O002141-1,O002141,P007,1,85.33,56.95,0.05,,0
O002141-2,O002141,P029,1,62.03,33.59,0,,0
O002142-1,O002142,P037,1,81.55,51.15,0,,1
O002143-1,O002143,P007,1,85.33,56.95,0,,0
O002143-2,O002143,P040,2,195.87,114.95,0.1,,0
O002144-1,O002144,P006,1,244.45,154.75,0.15000000000000002,,0
O002144-2,O002144,P036,1,35.45,21.49,0.2,,0
O002145-1,O002145,P034,2,25.32,14.75,0.05,,0
O002146-1,O002146,P026,1,26.84,15.28,0.1,,0
O002147-1,O002147,P002,2,120.53,78.28,0.2,,0
O002147-2,O002147,P030,1,46.94,28.34,0.2,,0
O002147-3,O002147,P040,1,195.87,114.95,0.15000000000000002,,0
O002148-1,O002148,P010,5,60.45,40.54,0.05,,0
O002149-1,O002149,P019,2,539.67,317.29,0.1,,0
O002149-2,O002149,P024,2,104.96,63.45,0.05,,0
O002150-1,O002150,P045,2,147.73,93.9,0,,0
O002151-1,O002151,P027,1,42.25,24.81,0.1,,0
O002152-1,O002152,P035,1,41.88,25.54,0.05,,0
O002153-1,O002153,P045,1,147.73,93.9,0.05,Not as described,0
O002153-2,O002153,P037,2,81.55,51.15,0,Wrong item,0
O002154-1,O002154,P007,1,85.33,56.95,0,,0
O002155-1,O002155,P031,1,8.72,4.67,0,,0
O002156-1,O002156,P014,1,100.54,57.99,0,,0
O002156-2,O002156,P038,1,152.06,96.3,0.05,,0
O002157-1,O002157,P036,3,35.45,21.49,0.15000000000000002,,0
O002158-1,O002158,P038,2,152.06,96.3,0,,0
O002158-2,O002158,P030,1,46.94,28.34,0.05,,0
O002159-1,O002159,P028,1,54.22,32.4,0.2,,0
O002159-2,O002159,P005,5,183.5,123.78,0.15000000000000002,,0
O002160-1,O002160,P034,3,25.32,14.75,0,,0
O002160-2,O002160,P020,1,151.49,90.09,0,,0
O002160-3,O002160,P046,1,180.61,102.64,0.2,,0
O002161-1,O002161,P036,1,35.45,21.49,0,,0
O002161-2,O002161,P035,1,41.88,25.54,0,,0
O002162-1,O002162,P008,1,253.51,162.28,0,,0
O002163-1,O002163,P026,2,26.84,15.28,0.1,,0
O002163-2,O002163,P032,2,45.76,24.77,0.1,,0
O002164-1,O002164,P042,2,180.79,114.47,0.05,,0
O002165-1,O002165,P028,1,54.22,32.4,0.05,,0
O002166-1,O002166,P035,1,41.88,25.54,0.05,,0
O002167-1,O002167,P031,3,8.72,4.67,0.05,,0
O002167-2,O002167,P008,2,253.51,162.28,0.1,,0
O002168-1,O002168,P002,2,120.53,78.28,0,,0
O002168-2,O002168,P023,2,195.53,117.52,0.05,,0
O002168-3,O002168,P011,2,416.54,268.27,0,,0
O002169-1,O002169,P021,1,221.99,142.61,0.15,,0
O002170-1,O002170,P017,3,198.78,124.13,0.15000000000000002,,0
O002170-2,O002170,P034,2,25.32,14.75,0.2,,0
O002171-1,O002171,P043,1,205.47,129.67,0,,0
O002172-1,O002172,P031,1,8.72,4.67,0.05,,0
O002172-2,O002172,P011,2,416.54,268.27,0.1,,0
O002173-1,O002173,P011,3,416.54,268.27,0,,0
O002174-1,O002174,P011,1,416.54,268.27,0.05,,0
O002174-2,O002174,P001,1,214.49,142.19,0.1,,0
O002174-3,O002174,P021,3,221.99,142.61,0,,0
O002174-4,O002174,P008,1,253.51,162.28,0.05,,0
O002175-1,O002175,P022,1,568.95,369.55,0.2,,0
O002176-1,O002176,P033,2,75.25,44.42,0,,0
O002177-1,O002177,P017,1,198.78,124.13,0,,0
O002178-1,O002178,P024,1,104.96,63.45,0.05,,0
O002179-1,O002179,P047,2,142.37,88.8,0.1,Arrived late,0
O002180-1,O002180,P026,3,26.84,15.28,0,,0
O002180-2,O002180,P015,4,168.09,101.78,0,,0
O002180-3,O002180,P040,1,195.87,114.95,0.05,,0
O002181-1,O002181,P031,2,8.72,4.67,0.2,,0
O002181-2,O002181,P025,1,71.76,42.18,0.15000000000000002,,0
O002182-1,O002182,P003,1,139.72,94.93,0.2,,0
O002182-2,O002182,P048,1,87.18,54.6,0.1,,0
O002183-1,O002183,P020,4,151.49,90.09,0.05,,0
O002184-1,O002184,P025,3,71.76,42.18,0.05,,0
O002184-2,O002184,P018,1,294.41,187.22,0.05,,0
O002184-3,O002184,P036,1,35.45,21.49,0.1,,0
O002185-1,O002185,P026,1,26.84,15.28,0.1,,0
O002186-1,O002186,P034,1,25.32,14.75,0,,0
O002186-2,O002186,P013,1,418.01,238.98,0.1,,0
O002187-1,O002187,P022,2,568.95,369.55,0,,0
O002188-1,O002188,P024,3,104.96,63.45,0.2,,0
O002189-1,O002189,P048,1,87.18,54.6,0.15,,0
O002189-2,O002189,P001,2,214.49,142.19,0.15,,0
O002190-1,O002190,P018,1,294.41,187.22,0,,0
O002190-2,O002190,P030,2,46.94,28.34,0,,0
O002191-1,O002191,P023,4,195.53,117.52,0,,0
O002192-1,O002192,P015,3,168.09,101.78,0.05,Wrong item,0
O002192-2,O002192,P023,1,195.53,117.52,0.05,Not as described,0
O002193-1,O002193,P046,2,180.61,102.64,0,,0
O002193-2,O002193,P033,2,75.25,44.42,0,,0
O002193-3,O002193,P041,1,78.7,44.75,0.2,,0
O002194-1,O002194,P022,1,568.95,369.55,0,,0
O002195-1,O002195,P028,1,54.22,32.4,0.2,,0
O002196-1,O002196,P029,2,62.03,33.59,0,,0
O002197-1,O002197,P008,1,253.51,162.28,0.05,,0
O002198-1,O002198,P027,3,42.25,24.81,0.05,Changed mind,0
O002198-2,O002198,P028,2,54.22,32.4,0.2,Damaged,0
O002198-3,O002198,P007,1,85.33,56.95,0.15000000000000002,Not as described,0
O002199-1,O002199,P046,1,180.61,102.64,0,,0
O002200-1,O002200,P042,2,180.79,114.47,0,,0
O002201-1,O002201,P048,1,87.18,54.6,0.1,Not as described,0
O002201-2,O002201,P028,1,54.22,32.4,0.05,Not as described,0
O002202-1,O002202,P045,1,147.73,93.9,0.1,,0
O002202-2,O002202,P034,2,25.32,14.75,0.05,,0
O002202-3,O002202,P032,5,45.76,24.77,0.05,,0
O002203-1,O002203,P020,1,151.49,90.09,0.1,Wrong item,0
O002203-2,O002203,P033,1,75.25,44.42,0.05,Changed mind,0
O002204-1,O002204,P047,2,142.37,88.8,0.1,,0
O002204-2,O002204,P018,1,294.41,187.22,0.1,,0
O002205-1,O002205,P014,3,100.54,57.99,0.15000000000000002,,0
O002205-2,O002205,P034,1,25.32,14.75,0.05,,0
O002205-3,O002205,P040,1,195.87,114.95,0.05,,0
O002206-1,O002206,P040,3,195.87,114.95,0.1,,0
O002207-1,O002207,P008,4,253.51,162.28,0,,0
O002208-1,O002208,P030,2,46.94,28.34,0,,0
O002209-1,O002209,P028,1,54.22,32.4,0.1,,0
O002210-1,O002210,P010,1,60.45,40.54,0,,0
O002210-2,O002210,P030,2,46.94,28.34,0.15,,0
O002211-1,O002211,P036,2,35.45,21.49,0,,0
O002211-2,O002211,P022,4,568.95,369.55,0,,0
O002211-3,O002211,P001,2,214.49,142.19,0.1,,0
O002211-4,O002211,P043,1,205.47,129.67,0.1,,0
O002212-1,O002212,P018,2,294.41,187.22,0.05,,0
O002213-1,O002213,P031,1,8.72,4.67,0.1,,0
O002214-1,O002214,P036,3,35.45,21.49,0,,0
O002215-1,O002215,P003,1,139.72,94.93,0.1,,0
O002215-2,O002215,P022,1,568.95,369.55,0.05,,0
O002215-3,O002215,P008,1,253.51,162.28,0.2,,0
O002216-1,O002216,P005,1,183.5,123.78,0.05,,0
O002217-1,O002217,P001,1,214.49,142.19,0.05,,0
O002218-1,O002218,P007,4,85.33,56.95,0.05,,0
O002218-2,O002218,P030,1,46.94,28.34,0.05,,0
O002219-1,O002219,P030,3,46.94,28.34,0,,0
O002219-2,O002219,P032,1,45.76,24.77,0,,0
O002220-1,O002220,P024,3,104.96,63.45,0.1,Changed mind,0
O002221-1,O002221,P016,2,630.9,390.58,0.2,,0
O002222-1,O002222,P010,3,60.45,40.54,0.1,,0
O002223-1,O002223,P036,1,35.45,21.49,0.2,,0
O002223-2,O002223,P040,1,195.87,114.95,0.1,,0
O002223-3,O002223,P035,1,41.88,25.54,0,,0
O002224-1,O002224,P040,4,195.87,114.95,0.15,,0
O002225-1,O002225,P038,1,152.06,96.3,0.2,,0
O002226-1,O002226,P010,2,60.45,40.54,0,,0
O002227-1,O002227,P011,3,416.54,268.27,0.05,,0
O002227-2,O002227,P019,1,539.67,317.29,0.05,,0
O002228-1,O002228,P032,1,45.76,24.77,0,,0
O002228-2,O002228,P006,1,244.45,154.75,0,,0
O002229-1,O002229,P028,3,54.22,32.4,0.1,,0
O002230-1,O002230,P019,2,539.67,317.29,0.05,,0
O002231-1,O002231,P025,3,71.76,42.18,0.1,,0
O002232-1,O002232,P020,5,151.49,90.09,0,,0
O002233-1,O002233,P029,4,62.03,33.59,0.05,,0
O002233-2,O002233,P035,2,41.88,25.54,0,,0
O002234-1,O002234,P004,2,400.96,266.15,0,,0
O002234-2,O002234,P005,3,183.5,123.78,0,,0
O002235-1,O002235,P036,2,35.45,21.49,0.1,,0
O002236-1,O002236,P043,1,205.47,129.67,0,,0
O002236-2,O002236,P004,1,400.96,266.15,0.15,,0
O002236-3,O002236,P006,2,244.45,154.75,0.05,,0
O002236-4,O002236,P029,1,62.03,33.59,0,,0
O002237-1,O002237,P044,1,134.21,77.33,0.1,,0
O002238-1,O002238,P009,2,296.73,204.62,0.1,,0
O002238-2,O002238,P005,2,183.5,123.78,0.1,,0
O002239-1,O002239,P021,1,221.99,142.61,0.1,,0
O002240-1,O002240,P019,1,539.67,317.29,0.05,,0
O002241-1,O002241,P007,2,85.33,56.95,0.05,,0
O002242-1,O002242,P012,2,414.28,288.7,0.05,,0
O002242-2,O002242,P020,3,151.49,90.09,0,,0
O002242-3,O002242,P025,2,71.76,42.18,0.1,,0
O002243-1,O002243,P029,1,62.03,33.59,0,,0
O002243-2,O002243,P046,2,180.61,102.64,0,,0
O002244-1,O002244,P033,5,75.25,44.42,0,,0
O002244-2,O002244,P035,1,41.88,25.54,0.2,,0
O002244-3,O002244,P039,1,49.57,31.45,0.05,,0
O002244-4,O002244,P007,1,85.33,56.95,0.1,,0
O002245-1,O002245,P003,1,139.72,94.93,0.15,Wrong item,0
O002245-2,O002245,P013,2,418.01,238.98,0.2,Damaged,0
O002246-1,O002246,P027,1,42.25,24.81,0.05,,0
O002247-1,O002247,P042,1,180.79,114.47,0.1,,0
O002247-2,O002247,P004,1,400.96,266.15,0.15000000000000002,,0
O002248-1,O002248,P041,4,78.7,44.75,0,Wrong item,0
O002249-1,O002249,P032,2,45.76,24.77,0,,1
O002250-1,O002250,P006,1,244.45,154.75,0,,0
O002251-1,O002251,P036,2,35.45,21.49,0,,0
O002252-1,O002252,P007,1,85.33,56.95,0.15,,0
O002252-2,O002252,P012,3,414.28,288.7,0,,0
O002253-1,O002253,P036,1,35.45,21.49,0.1,,0
O002253-2,O002253,P027,1,42.25,24.81,0.15000000000000002,,0
O002254-1,O002254,P024,2,104.96,63.45,0,,0
O002255-1,O002255,P005,1,183.5,123.78,0.1,,0
O002255-2,O002255,P037,2,81.55,51.15,0.2,,0
O002255-3,O002255,P028,1,54.22,32.4,0.05,,0
O002256-1,O002256,P019,3,539.67,317.29,0.1,,0
O002257-1,O002257,P023,1,195.53,117.52,0.05,,0
O002257-2,O002257,P024,1,104.96,63.45,0.1,,0
O002258-1,O002258,P017,1,198.78,124.13,0.15,Damaged,0
O002259-1,O002259,P036,3,35.45,21.49,0.05,,0
O002259-2,O002259,P026,1,26.84,15.28,0.05,,0
O002260-1,O002260,P012,3,414.28,288.7,0.1,,0
O002261-1,O002261,P012,1,414.28,288.7,0.1,,0
O002261-2,O002261,P013,1,418.01,238.98,0,,0
O002261-3,O002261,P011,1,416.54,268.27,0,,0
O002262-1,O002262,P008,2,253.51,162.28,0,Changed mind,0
O002262-2,O002262,P041,2,78.7,44.75,0,Damaged,0
O002263-1,O002263,P026,1,26.84,15.28,0.05,,0
O002264-1,O002264,P023,2,195.53,117.52,0.05,,0
O002264-2,O002264,P027,2,42.25,24.81,0,,0
O002265-1,O002265,P043,1,205.47,129.67,0,,0
O002265-2,O002265,P028,1,54.22,32.4,0.05,,0
O002266-1,O002266,P044,3,134.21,77.33,0.05,,0
O002266-2,O002266,P032,2,45.76,24.77,0,,0
O002266-3,O002266,P041,1,78.7,44.75,0.1,,0
O002266-4,O002266,P007,1,85.33,56.95,0,,0
O002267-1,O002267,P047,1,142.37,88.8,0.05,,0
O002268-1,O002268,P030,2,46.94,28.34,0.05,,0
O002269-1,O002269,P036,1,35.45,21.49,0,,0
O002269-2,O002269,P047,3,142.37,88.8,0,,0
O002270-1,O002270,P002,1,120.53,78.28,0.05,,0
O002270-2,O002270,P035,1,41.88,25.54,0.05,,0
O002270-3,O002270,P011,1,416.54,268.27,0.15,,0
O002271-1,O002271,P034,1,25.32,14.75,0,,0
O002272-1,O002272,P007,1,85.33,56.95,0.1,,0
O002273-1,O002273,P020,1,151.49,90.09,0,,0
O002273-2,O002273,P026,1,26.84,15.28,0.05,,0
O002274-1,O002274,P020,2,151.49,90.09,0,,0
O002274-2,O002274,P012,4,414.28,288.7,0.1,,0
O002274-3,O002274,P031,1,8.72,4.67,0.05,,0
O002274-4,O002274,P029,2,62.03,33.59,0,,0
O002275-1,O002275,P031,1,8.72,4.67,0,,0
O002275-2,O002275,P025,2,71.76,42.18,0,,0
O002276-1,O002276,P040,1,195.87,114.95,0.2,,0
O002277-1,O002277,P023,1,195.53,117.52,0.1,,0
O002278-1,O002278,P016,2,630.9,390.58,0.15,,0
O002278-2,O002278,P028,1,54.22,32.4,0.05,,0
O002278-3,O002278,P026,1,26.84,15.28,0,,0
O002279-1,O002279,P030,1,46.94,28.34,0,,0
O002279-2,O002279,P007,2,85.33,56.95,0.15,,0
O002280-1,O002280,P035,2,41.88,25.54,0,,0
O002280-2,O002280,P038,1,152.06,96.3,0.05,,0
O002281-1,O002281,P039,1,49.57,31.45,0.05,,0
O002281-2,O002281,P026,1,26.84,15.28,0.1,,0
O002282-1,O002282,P005,1,183.5,123.78,0,,0
O002282-2,O002282,P029,1,62.03,33.59,0,,0
O002283-1,O002283,P022,1,568.95,369.55,0.15,,0
O002283-2,O002283,P047,1,142.37,88.8,0.15,,0
O002283-3,O002283,P006,1,244.45,154.75,0.1,,0
O002284-1,O002284,P018,1,294.41,187.22,0,Changed mind,0
O002285-1,O002285,P016,1,630.9,390.58,0.2,,0
O002285-2,O002285,P013,2,418.01,238.98,0,,0
O002286-1,O002286,P032,1,45.76,24.77,0,,0
O002286-2,O002286,P018,3,294.41,187.22,0,,0
O002287-1,O002287,P021,1,221.99,142.61,0,,0
O002288-1,O002288,P035,3,41.88,25.54,0,,0
O002288-2,O002288,P022,1,568.95,369.55,0.05,,0
O002289-1,O002289,P020,1,151.49,90.09,0.1,,0
O002290-1,O002290,P001,3,214.49,142.19,0.15,,0
O002290-2,O002290,P027,1,42.25,24.81,0,,0
O002290-3,O002290,P026,1,26.84,15.28,0,,0
O002291-1,O002291,P012,1,414.28,288.7,0.1,,0
O002292-1,O002292,P043,1,205.47,129.67,0,,0
O002292-2,O002292,P008,3,253.51,162.28,0,,0
O002293-1,O002293,P026,1,26.84,15.28,0.1,,0
O002294-1,O002294,P007,2,85.33,56.95,0.15,,0
O002295-1,O002295,P035,2,41.88,25.54,0.2,,0
O002296-1,O002296,P037,2,81.55,51.15,0.05,,0
O002297-1,O002297,P028,1,54.22,32.4,0.05,,0
O002298-1,O002298,P043,2,205.47,129.67,0,,0
O002298-2,O002298,P001,3,214.49,142.19,0.1,,0
O002299-1,O002299,P036,3,35.45,21.49,0.15000000000000002,,0
O002300-1,O002300,P008,2,253.51,162.28,0.05,,0
O002301-1,O002301,P007,1,85.33,56.95,0.1,,0
O002302-1,O002302,P029,3,62.03,33.59,0.1,Not as described,0
O002302-2,O002302,P017,1,198.78,124.13,0.05,Damaged,0
O002303-1,O002303,P021,2,221.99,142.61,0.05,,0
O002304-1,O002304,P008,1,253.51,162.28,0.05,,0
O002305-1,O002305,P012,1,414.28,288.7,0,,0
O002305-2,O002305,P004,2,400.96,266.15,0.1,,0
O002305-3,O002305,P017,1,198.78,124.13,0.1,,0
O002306-1,O002306,P014,5,100.54,57.99,0,,0
O002306-2,O002306,P046,2,180.61,102.64,0.1,,0
O002307-1,O002307,P048,1,87.18,54.6,0,,0
O002307-2,O002307,P003,1,139.72,94.93,0.2,,0
O002307-3,O002307,P009,3,296.73,204.62,0.15,,0
O002308-1,O002308,P031,2,8.72,4.67,0.05,,0
O002308-2,O002308,P007,1,85.33,56.95,0.2,,0
O002309-1,O002309,P019,1,539.67,317.29,0.1,,0
O002309-2,O002309,P004,2,400.96,266.15,0.05,,0
O002310-1,O002310,P048,1,87.18,54.6,0,,0
O002310-2,O002310,P006,2,244.45,154.75,0.2,,0
O002310-3,O002310,P030,3,46.94,28.34,0.1,,0
O002311-1,O002311,P002,2,120.53,78.28,0,,0
O002311-2,O002311,P031,2,8.72,4.67,0.05,,0
O002311-3,O002311,P023,2,195.53,117.52,0.15,,1
O002312-1,O002312,P042,1,180.79,114.47,0.1,,0
O002312-2,O002312,P001,2,214.49,142.19,0.2,,0
O002313-1,O002313,P034,2,25.32,14.75,0.15,,0
O002314-1,O002314,P006,4,244.45,154.75,0.1,,0
O002315-1,O002315,P046,2,180.61,102.64,0.2,,0
O002315-2,O002315,P037,1,81.55,51.15,0,,0
O002315-3,O002315,P039,1,49.57,31.45,0.1,,0
O002316-1,O002316,P017,3,198.78,124.13,0.05,,0
O002317-1,O002317,P001,2,214.49,142.19,0.05,Changed mind,0
O002317-2,O002317,P009,5,296.73,204.62,0.1,Changed mind,0
O002317-3,O002317,P047,1,142.37,88.8,0,Changed mind,0
O002317-4,O002317,P041,1,78.7,44.75,0,Damaged,0
O002318-1,O002318,P028,4,54.22,32.4,0,,0
O002318-2,O002318,P041,1,78.7,44.75,0,,0
O002318-3,O002318,P011,2,416.54,268.27,0,,0
O002319-1,O002319,P005,1,183.5,123.78,0,,0
O002320-1,O002320,P034,3,25.32,14.75,0.1,,0
O002321-1,O002321,P007,1,85.33,56.95,0,,0
O002322-1,O002322,P007,1,85.33,56.95,0,,0
O002322-2,O002322,P040,2,195.87,114.95,0,,0
O002322-3,O002322,P004,2,400.96,266.15,0.15,,0
O002323-1,O002323,P007,4,85.33,56.95,0,,0
O002323-2,O002323,P003,2,139.72,94.93,0,,0
O002324-1,O002324,P039,1,49.57,31.45,0.2,,0
O002324-2,O002324,P024,1,104.96,63.45,0.2,,0
O002325-1,O002325,P015,3,168.09,101.78,0.15,,0
O002325-2,O002325,P010,1,60.45,40.54,0,,0
O002326-1,O002326,P039,1,49.57,31.45,0.05,,0
O002327-1,O002327,P048,1,87.18,54.6,0.15,,0
O002328-1,O002328,P036,1,35.45,21.49,0,,0
O002329-1,O002329,P040,4,195.87,114.95,0.15,,0
O002330-1,O002330,P027,1,42.25,24.81,0.1,,0
O002330-2,O002330,P040,3,195.87,114.95,0.05,,0
O002330-3,O002330,P026,2,26.84,15.28,0,,0
O002331-1,O002331,P039,2,49.57,31.45,0.1,,0
O002331-2,O002331,P041,2,78.7,44.75,0.2,,0
O002332-1,O002332,P030,1,46.94,28.34,0.05,,0
O002332-2,O002332,P024,4,104.96,63.45,0.05,,0
O002333-1,O002333,P025,1,71.76,42.18,0,,0
O002334-1,O002334,P033,4,75.25,44.42,0.05,,0
O002335-1,O002335,P028,2,54.22,32.4,0.1,,0
O002335-2,O002335,P038,2,152.06,96.3,0,,0
O002336-1,O002336,P030,5,46.94,28.34,0.05,,0
O002337-1,O002337,P002,1,120.53,78.28,0.05,,0
O002337-2,O002337,P032,1,45.76,24.77,0.05,,0
O002337-3,O002337,P018,1,294.41,187.22,0,,0
O002337-4,O002337,P033,1,75.25,44.42,0,,0
O002338-1,O002338,P046,2,180.61,102.64,0.2,,0
O002338-2,O002338,P022,1,568.95,369.55,0.05,,0
O002339-1,O002339,P034,2,25.32,14.75,0,,0
O002339-2,O002339,P035,1,41.88,25.54,0.1,,0
O002340-1,O002340,P031,1,8.72,4.67,0.05,,0
O002340-2,O002340,P042,3,180.79,114.47,0.1,,0
O002340-3,O002340,P036,1,35.45,21.49,0,,0
O002341-1,O002341,P017,4,198.78,124.13,0.05,,0
O002341-2,O002341,P003,2,139.72,94.93,0.05,,0
O002342-1,O002342,P004,1,400.96,266.15,0.05,,0
O002343-1,O002343,P018,1,294.41,187.22,0.2,,0
O002344-1,O002344,P005,1,183.5,123.78,0,,0
O002344-2,O002344,P045,1,147.73,93.9,0.1,,0
O002345-1,O002345,P007,2,85.33,56.95,0,,0
O002346-1,O002346,P003,2,139.72,94.93,0,,0
O002346-2,O002346,P016,1,630.9,390.58,0.05,,0
O002347-1,O002347,P016,4,630.9,390.58,0.2,,0
O002348-1,O002348,P040,1,195.87,114.95,0.1,,0
O002349-1,O002349,P041,1,78.7,44.75,0.2,,0
O002350-1,O002350,P026,3,26.84,15.28,0.15,,0
O002351-1,O002351,P024,1,104.96,63.45,0.1,,0
O002352-1,O002352,P040,2,195.87,114.95,0.15,,0
O002352-2,O002352,P013,3,418.01,238.98,0,,0
O002353-1,O002353,P026,1,26.84,15.28,0.05,,0
O002353-2,O002353,P048,1,87.18,54.6,0.05,,0
O002353-3,O002353,P032,4,45.76,24.77,0.15,,0
O002353-4,O002353,P034,4,25.32,14.75,0,,0
O002354-1,O002354,P013,2,418.01,238.98,0.15000000000000002,,0
O002355-1,O002355,P014,1,100.54,57.99,0,,0
O002356-1,O002356,P034,1,25.32,14.75,0.05,,0
O002357-1,O002357,P034,1,25.32,14.75,0.05,,0
O002357-2,O002357,P032,2,45.76,24.77,0.1,,0
O002358-1,O002358,P023,1,195.53,117.52,0,,0
O002359-1,O002359,P029,1,62.03,33.59,0.2,,0
O002359-2,O002359,P048,1,87.18,54.6,0,,0
O002360-1,O002360,P016,4,630.9,390.58,0,,0
O002360-2,O002360,P023,4,195.53,117.52,0,,0
O002360-3,O002360,P043,1,205.47,129.67,0,,0
O002361-1,O002361,P028,2,54.22,32.4,0,,0
O002362-1,O002362,P020,2,151.49,90.09,0.15000000000000002,Not as described,0
O002362-2,O002362,P045,3,147.73,93.9,0.05,Wrong item,1
O002362-3,O002362,P011,3,416.54,268.27,0.05,Wrong item,0
O002363-1,O002363,P034,2,25.32,14.75,0,,0
O002363-2,O002363,P011,1,416.54,268.27,0.2,,0
O002364-1,O002364,P005,1,183.5,123.78,0.05,,0
O002364-2,O002364,P006,1,244.45,154.75,0.05,,0
O002365-1,O002365,P009,1,296.73,204.62,0.15,,0
O002366-1,O002366,P033,1,75.25,44.42,0.05,,0
O002366-2,O002366,P027,3,42.25,24.81,0,,0
O002366-3,O002366,P040,1,195.87,114.95,0,,0
O002366-4,O002366,P046,1,180.61,102.64,0.15,,0
O002367-1,O002367,P048,2,87.18,54.6,0.05,,0
O002368-1,O002368,P017,1,198.78,124.13,0.05,,0
O002368-2,O002368,P033,1,75.25,44.42,0.05,,0
O002369-1,O002369,P044,1,134.21,77.33,0,,0
O002369-2,O002369,P029,3,62.03,33.59,0.2,,0
O002369-3,O002369,P014,3,100.54,57.99,0.05,,0
O002370-1,O002370,P002,1,120.53,78.28,0.05,,0
O002371-1,O002371,P024,1,104.96,63.45,0.2,,0
O002371-2,O002371,P017,2,198.78,124.13,0.15,,0
O002371-3,O002371,P028,1,54.22,32.4,0,,0
O002372-1,O002372,P044,3,134.21,77.33,0.1,,0
O002373-1,O002373,P016,3,630.9,390.58,0.15,,0
O002374-1,O002374,P021,1,221.99,142.61,0.2,Damaged,0
O002374-2,O002374,P038,2,152.06,96.3,0.1,Damaged,0
O002374-3,O002374,P003,2,139.72,94.93,0.1,Damaged,0
O002375-1,O002375,P009,1,296.73,204.62,0,,1
O002375-2,O002375,P028,2,54.22,32.4,0.05,,1
O002375-3,O002375,P044,1,134.21,77.33,0.2,,1
O002376-1,O002376,P014,1,100.54,57.99,0.1,,0
O002377-1,O002377,P040,2,195.87,114.95,0,,0
O002378-1,O002378,P016,1,630.9,390.58,0,,0
O002379-1,O002379,P020,2,151.49,90.09,0,,0
O002380-1,O002380,P034,1,25.32,14.75,0.2,,0
O002380-2,O002380,P023,3,195.53,117.52,0.1,,0
O002381-1,O002381,P023,1,195.53,117.52,0.15000000000000002,,0
O002382-1,O002382,P041,1,78.7,44.75,0.15,,0
O002383-1,O002383,P047,1,142.37,88.8,0.2,Damaged,0
O002383-2,O002383,P001,1,214.49,142.19,0.05,Wrong item,0
O002384-1,O002384,P013,1,418.01,238.98,0,,0
O002385-1,O002385,P015,1,168.09,101.78,0.1,,0
O002386-1,O002386,P002,1,120.53,78.28,0.15000000000000002,,0
O002387-1,O002387,P036,2,35.45,21.49,0.05,,0
O002388-1,O002388,P048,1,87.18,54.6,0.05,Changed mind,0
O002389-1,O002389,P010,1,60.45,40.54,0.1,,0
O002389-2,O002389,P044,2,134.21,77.33,0.1,,0
O002389-3,O002389,P012,5,414.28,288.7,0,,0
O002390-1,O002390,P035,4,41.88,25.54,0.15,,0
O002390-2,O002390,P036,4,35.45,21.49,0.05,,0
O002391-1,O002391,P041,3,78.7,44.75,0.15000000000000002,,0
O002391-2,O002391,P048,1,87.18,54.6,0.05,,0
O002392-1,O002392,P032,1,45.76,24.77,0.15000000000000002,,0
O002393-1,O002393,P008,2,253.51,162.28,0,,0
O002394-1,O002394,P037,1,81.55,51.15,0.05,,0
O002394-2,O002394,P035,1,41.88,25.54,0.1,,0
O002395-1,O002395,P010,1,60.45,40.54,0,,0
O002396-1,O002396,P037,2,81.55,51.15,0.1,,0
O002396-2,O002396,P004,1,400.96,266.15,0,,0
O002397-1,O002397,P036,2,35.45,21.49,0.1,,0
O002398-1,O002398,P032,1,45.76,24.77,0,,0
O002398-2,O002398,P036,1,35.45,21.49,0,,0
O002399-1,O002399,P046,3,180.61,102.64,0.05,,0
O002399-2,O002399,P001,1,214.49,142.19,0.1,,0
O002400-1,O002400,P032,3,45.76,24.77,0,,0
O002400-2,O002400,P027,1,42.25,24.81,0.1,,0
O002400-3,O002400,P026,2,26.84,15.28,0.05,,0
O002400-4,O002400,P017,1,198.78,124.13,0,,0
O002401-1,O002401,P021,1,221.99,142.61,0,Arrived late,0
O002401-2,O002401,P011,1,416.54,268.27,0.1,Wrong item,0
O002401-3,O002401,P010,1,60.45,40.54,0,Not as described,0
O002402-1,O002402,P033,1,75.25,44.42,0,Changed mind,0
O002403-1,O002403,P034,1,25.32,14.75,0.05,,0
O002403-2,O002403,P041,2,78.7,44.75,0,,0
O002404-1,O002404,P034,3,25.32,14.75,0.1,,0
O002404-2,O002404,P032,1,45.76,24.77,0,,0
O002404-3,O002404,P048,3,87.18,54.6,0.05,,0
O002405-1,O002405,P005,1,183.5,123.78,0,,0
O002405-2,O002405,P034,2,25.32,14.75,0.05,,0
O002405-3,O002405,P022,1,568.95,369.55,0.1,,0
O002406-1,O002406,P028,1,54.22,32.4,0.2,,0
O002406-2,O002406,P032,1,45.76,24.77,0.05,,0
O002407-1,O002407,P025,1,71.76,42.18,0.1,,0
O002407-2,O002407,P030,1,46.94,28.34,0.1,,0
O002408-1,O002408,P010,1,60.45,40.54,0.1,,0
O002409-1,O002409,P033,1,75.25,44.42,0.1,,0
O002410-1,O002410,P042,3,180.79,114.47,0,,0
O002411-1,O002411,P008,2,253.51,162.28,0,,0
O002411-2,O002411,P039,1,49.57,31.45,0,,0
O002411-3,O002411,P029,1,62.03,33.59,0.05,,0
O002411-4,O002411,P033,1,75.25,44.42,0.15,,0
O002412-1,O002412,P007,1,85.33,56.95,0,,0
O002413-1,O002413,P035,1,41.88,25.54,0.05,Changed mind,0
O002413-2,O002413,P003,4,139.72,94.93,0,Changed mind,0
O002413-3,O002413,P014,1,100.54,57.99,0,Changed mind,0
O002413-4,O002413,P028,1,54.22,32.4,0,Damaged,1
O002414-1,O002414,P004,3,400.96,266.15,0,,0
O002414-2,O002414,P047,2,142.37,88.8,0.05,,0
O002414-3,O002414,P031,2,8.72,4.67,0.15,,0
O002415-1,O002415,P038,2,152.06,96.3,0,,0
O002415-2,O002415,P005,1,183.5,123.78,0,,0
O002416-1,O002416,P002,1,120.53,78.28,0.15,,0
O002416-2,O002416,P033,5,75.25,44.42,0,,0
O002416-3,O002416,P026,1,26.84,15.28,0.1,,0
O002417-1,O002417,P006,1,244.45,154.75,0,,0
O002418-1,O002418,P036,1,35.45,21.49,0.05,Not as described,0
O002418-2,O002418,P026,1,26.84,15.28,0,Not as described,0
O002418-3,O002418,P033,2,75.25,44.42,0,Changed mind,0
O002418-4,O002418,P021,1,221.99,142.61,0.15,Wrong item,0
O002419-1,O002419,P044,1,134.21,77.33,0,,0
O002419-2,O002419,P003,3,139.72,94.93,0.15,,0
O002420-1,O002420,P021,2,221.99,142.61,0.05,,0
O002420-2,O002420,P036,4,35.45,21.49,0.1,,0
O002421-1,O002421,P016,2,630.9,390.58,0,,0
O002421-2,O002421,P009,1,296.73,204.62,0.1,,0
O002422-1,O002422,P025,1,71.76,42.18,0,,0
O002422-2,O002422,P030,1,46.94,28.34,0.1,,0
O002423-1,O002423,P009,1,296.73,204.62,0.05,,0
O002424-1,O002424,P019,1,539.67,317.29,0,,0
O002424-2,O002424,P037,3,81.55,51.15,0.15,,0
O002425-1,O002425,P006,1,244.45,154.75,0.05,,0
O002426-1,O002426,P030,2,46.94,28.34,0.15000000000000002,,0
O002427-1,O002427,P031,2,8.72,4.67,0.2,,0
O002427-2,O002427,P037,1,81.55,51.15,0,,0
O002427-3,O002427,P026,2,26.84,15.28,0.1,,0
O002428-1,O002428,P015,2,168.09,101.78,0.2,,0
O002428-2,O002428,P026,1,26.84,15.28,0.1,,0
O002429-1,O002429,P027,1,42.25,24.81,0.1,,0
O002430-1,O002430,P047,2,142.37,88.8,0.05,Not as described,0
O002430-2,O002430,P036,3,35.45,21.49,0,Not as described,0
O002431-1,O002431,P020,2,151.49,90.09,0.1,,0
O002431-2,O002431,P013,1,418.01,238.98,0.15,,0
O002432-1,O002432,P031,1,8.72,4.67,0.1,,0
O002432-2,O002432,P035,2,41.88,25.54,0.1,,0
O002433-1,O002433,P030,4,46.94,28.34,0.1,,0
O002433-2,O002433,P032,1,45.76,24.77,0,,0
O002433-3,O002433,P022,2,568.95,369.55,0.1,,0
O002434-1,O002434,P011,3,416.54,268.27,0.15,,0
O002434-2,O002434,P033,2,75.25,44.42,0.15,,0
O002434-3,O002434,P001,1,214.49,142.19,0,,0
O002435-1,O002435,P036,4,35.45,21.49,0,,0
O002435-2,O002435,P045,2,147.73,93.9,0,,0
O002435-3,O002435,P033,3,75.25,44.42,0,,0
O002436-1,O002436,P026,2,26.84,15.28,0,,0
O002436-2,O002436,P005,4,183.5,123.78,0,,0
O002437-1,O002437,P013,1,418.01,238.98,0.1,,0
O002438-1,O002438,P030,1,46.94,28.34,0.1,,0
O002438-2,O002438,P039,2,49.57,31.45,0.1,,0
O002438-3,O002438,P009,1,296.73,204.62,0.05,,0
O002439-1,O002439,P037,2,81.55,51.15,0.1,,0
O002439-2,O002439,P010,1,60.45,40.54,0.2,,0
O002440-1,O002440,P042,1,180.79,114.47,0.1,,1
O002441-1,O002441,P003,1,139.72,94.93,0.05,,0
O002441-2,O002441,P026,1,26.84,15.28,0.05,,0
O002442-1,O002442,P025,1,71.76,42.18,0.15,,0
O002443-1,O002443,P009,4,296.73,204.62,0.1,,0
O002443-2,O002443,P018,1,294.41,187.22,0.1,,0
O002444-1,O002444,P031,1,8.72,4.67,0.05,,0
O002444-2,O002444,P046,1,180.61,102.64,0,,0
O002445-1,O002445,P019,1,539.67,317.29,0,,0
O002446-1,O002446,P048,1,87.18,54.6,0.1,,0
O002446-2,O002446,P044,4,134.21,77.33,0.2,,0
O002447-1,O002447,P030,1,46.94,28.34,0,,0
O002447-2,O002447,P007,1,85.33,56.95,0,,0
O002448-1,O002448,P014,1,100.54,57.99,0,,0
O002449-1,O002449,P039,1,49.57,31.45,0.05,,0
O002450-1,O002450,P001,1,214.49,142.19,0,,0
O002450-2,O002450,P005,1,183.5,123.78,0,,0
O002451-1,O002451,P014,1,100.54,57.99,0,,0
O002452-1,O002452,P024,1,104.96,63.45,0.1,,0
O002453-1,O002453,P036,1,35.45,21.49,0,,0
O002454-1,O002454,P013,3,418.01,238.98,0.15,Damaged,0
O002455-1,O002455,P002,2,120.53,78.28,0.05,,0
O002455-2,O002455,P005,1,183.5,123.78,0,,0
O002456-1,O002456,P037,3,81.55,51.15,0.05,,0
O002457-1,O002457,P020,2,151.49,90.09,0.05,Arrived late,0
O002457-2,O002457,P043,1,205.47,129.67,0.2,Damaged,0
O002457-3,O002457,P011,2,416.54,268.27,0.1,Damaged,0
O002458-1,O002458,P039,1,49.57,31.45,0.05,Changed mind,0
O002458-2,O002458,P020,1,151.49,90.09,0.05,Changed mind,0
O002458-3,O002458,P008,1,253.51,162.28,0,Damaged,0
O002459-1,O002459,P003,3,139.72,94.93,0.1,,0
O002460-1,O002460,P029,2,62.03,33.59,0.05,,0
O002461-1,O002461,P033,1,75.25,44.42,0,,0
O002461-2,O002461,P018,1,294.41,187.22,0,,0
O002462-1,O002462,P037,1,81.55,51.15,0.15000000000000002,,0
O002462-2,O002462,P043,1,205.47,129.67,0.05,,0
O002463-1,O002463,P032,1,45.76,24.77,0,,0
O002463-2,O002463,P017,3,198.78,124.13,0.2,,0
O002464-1,O002464,P018,2,294.41,187.22,0,Not as described,0
O002465-1,O002465,P021,2,221.99,142.61,0,,0
O002466-1,O002466,P030,2,46.94,28.34,0.2,,0
O002467-1,O002467,P031,2,8.72,4.67,0.15,,0
O002467-2,O002467,P043,1,205.47,129.67,0,,0
O002468-1,O002468,P028,1,54.22,32.4,0.1,,0
O002469-1,O002469,P006,1,244.45,154.75,0.2,,0
O002470-1,O002470,P025,1,71.76,42.18,0.05,,0
O002470-2,O002470,P023,1,195.53,117.52,0.05,,0
O002471-1,O002471,P001,1,214.49,142.19,0.1,,0
O002471-2,O002471,P031,1,8.72,4.67,0.1,,0
O002471-3,O002471,P023,5,195.53,117.52,0.2,,0
O002472-1,O002472,P001,2,214.49,142.19,0.15000000000000002,,0
O002472-2,O002472,P040,1,195.87,114.95,0.2,,0
O002472-3,O002472,P022,1,568.95,369.55,0.05,,0
O002473-1,O002473,P014,1,100.54,57.99,0.2,,0
O002473-2,O002473,P037,3,81.55,51.15,0.1,,0
O002473-3,O002473,P010,1,60.45,40.54,0.05,,0
O002473-4,O002473,P042,1,180.79,114.47,0.05,,0
O002474-1,O002474,P018,1,294.41,187.22,0,,0
O002475-1,O002475,P016,2,630.9,390.58,0,Changed mind,0
O002476-1,O002476,P023,1,195.53,117.52,0.05,,0
O002476-2,O002476,P005,3,183.5,123.78,0.1,,0
O002477-1,O002477,P024,2,104.96,63.45,0.1,,0
O002477-2,O002477,P033,2,75.25,44.42,0.1,,0
O002477-3,O002477,P036,1,35.45,21.49,0.1,,0
O002478-1,O002478,P001,1,214.49,142.19,0.1,Damaged,0
O002479-1,O002479,P008,3,253.51,162.28,0.1,,0
O002479-2,O002479,P036,2,35.45,21.49,0,,0
O002480-1,O002480,P028,1,54.22,32.4,0,,0
O002481-1,O002481,P014,2,100.54,57.99,0,,0
O002481-2,O002481,P002,1,120.53,78.28,0,,0
O002482-1,O002482,P016,4,630.9,390.58,0.15,,0
O002482-2,O002482,P031,2,8.72,4.67,0.1,,0
O002482-3,O002482,P019,1,539.67,317.29,0.15,,0
O002483-1,O002483,P035,1,41.88,25.54,0.15,,0
O002484-1,O002484,P006,1,244.45,154.75,0.05,,0
O002485-1,O002485,P039,1,49.57,31.45,0.05,,0
O002486-1,O002486,P018,1,294.41,187.22,0,Damaged,0
O002486-2,O002486,P001,1,214.49,142.19,0,Changed mind,0
O002487-1,O002487,P039,2,49.57,31.45,0,,0
O002487-2,O002487,P037,2,81.55,51.15,0,,0
O002488-1,O002488,P017,1,198.78,124.13,0.1,,0
O002488-2,O002488,P007,3,85.33,56.95,0.05,,0
O002488-3,O002488,P002,1,120.53,78.28,0.15,,0
O002489-1,O002489,P033,1,75.25,44.42,0.1,,0
O002490-1,O002490,P033,2,75.25,44.42,0.2,Changed mind,0
O002490-2,O002490,P006,2,244.45,154.75,0,Arrived late,0
O002491-1,O002491,P028,4,54.22,32.4,0.05,,0
O002491-2,O002491,P004,2,400.96,266.15,0.1,,0
O002492-1,O002492,P029,2,62.03,33.59,0,,0
O002492-2,O002492,P030,1,46.94,28.34,0.1,,0
O002492-3,O002492,P002,1,120.53,78.28,0.05,,0
O002493-1,O002493,P012,4,414.28,288.7,0,,0
O002493-2,O002493,P025,1,71.76,42.18,0.15,,0
O002494-1,O002494,P010,2,60.45,40.54,0.1,,0
O002495-1,O002495,P007,1,85.33,56.95,0.05,,0
O002495-2,O002495,P023,1,195.53,117.52,0.15,,0
O002495-3,O002495,P015,2,168.09,101.78,0.1,,0
O002496-1,O002496,P027,2,42.25,24.81,0.1,,0
O002496-2,O002496,P034,1,25.32,14.75,0.05,,0
O002496-3,O002496,P012,5,414.28,288.7,0.05,,0
O002496-4,O002496,P018,1,294.41,187.22,0.1,,0
O002497-1,O002497,P007,1,85.33,56.95,0.1,,0
O002498-1,O002498,P031,2,8.72,4.67,0.1,,0
O002499-1,O002499,P004,2,400.96,266.15,0,,0
O002499-2,O002499,P029,1,62.03,33.59,0,,0
O002499-3,O002499,P036,4,35.45,21.49,0.05,,0
O002500-1,O002500,P008,1,253.51,162.28,0.1,,0
O002500-2,O002500,P004,2,400.96,266.15,0.2,,0
O002500-3,O002500,P034,1,25.32,14.75,0.1,,0
O002500-4,O002500,P014,2,100.54,57.99,0.2,,0
O002501-1,O002501,P046,1,180.61,102.64,0.1,Arrived late,0
O002502-1,O002502,P017,3,198.78,124.13,0.05,,0
O002503-1,O002503,P034,1,25.32,14.75,0,,0
O002503-2,O002503,P011,4,416.54,268.27,0,,0
O002503-3,O002503,P042,4,180.79,114.47,0,,0
O002503-4,O002503,P009,1,296.73,204.62,0.15,,0
O002504-1,O002504,P022,1,568.95,369.55,0.05,,0
O002504-2,O002504,P028,2,54.22,32.4,0.05,,0
O002505-1,O002505,P018,1,294.41,187.22,0.05,,0
O002506-1,O002506,P016,1,630.9,390.58,0,,0
O002507-1,O002507,P036,3,35.45,21.49,0.1,,0
O002507-2,O002507,P010,2,60.45,40.54,0.2,,1
O002508-1,O002508,P025,1,71.76,42.18,0,,0
O002509-1,O002509,P037,1,81.55,51.15,0,Changed mind,0
O002510-1,O002510,P034,3,25.32,14.75,0,,0
O002510-2,O002510,P035,4,41.88,25.54,0.05,,0
O002510-3,O002510,P044,1,134.21,77.33,0,,0
O002511-1,O002511,P011,1,416.54,268.27,0,,0
O002512-1,O002512,P011,3,416.54,268.27,0.2,,0
O002512-2,O002512,P015,1,168.09,101.78,0,,0
O002512-3,O002512,P033,3,75.25,44.42,0.1,,0
O002513-1,O002513,P007,3,85.33,56.95,0,,0
O002513-2,O002513,P024,3,104.96,63.45,0.1,,0
O002513-3,O002513,P012,2,414.28,288.7,0.1,,1
O002513-4,O002513,P041,1,78.7,44.75,0.1,,0
O002514-1,O002514,P020,2,151.49,90.09,0,,0
O002515-1,O002515,P020,1,151.49,90.09,0,,0
O002515-2,O002515,P018,2,294.41,187.22,0.05,,0
O002516-1,O002516,P011,2,416.54,268.27,0.05,,0
O002516-2,O002516,P012,3,414.28,288.7,0.2,,0
O002517-1,O002517,P031,1,8.72,4.67,0,,0
O002518-1,O002518,P025,1,71.76,42.18,0.15,,0
O002518-2,O002518,P007,3,85.33,56.95,0.05,,0
O002518-3,O002518,P019,4,539.67,317.29,0,,0
O002518-4,O002518,P011,3,416.54,268.27,0.05,,0
O002519-1,O002519,P004,1,400.96,266.15,0.15000000000000002,,0
O002520-1,O002520,P032,1,45.76,24.77,0.15000000000000002,,0
O002520-2,O002520,P007,2,85.33,56.95,0.05,,0
O002521-1,O002521,P004,2,400.96,266.15,0.1,,0
O002521-2,O002521,P015,2,168.09,101.78,0.05,,0
O002522-1,O002522,P046,1,180.61,102.64,0,,0
O002522-2,O002522,P032,1,45.76,24.77,0,,0
O002523-1,O002523,P041,3,78.7,44.75,0,,0
O002524-1,O002524,P036,1,35.45,21.49,0.05,,0
O002525-1,O002525,P019,1,539.67,317.29,0.05,,0
O002526-1,O002526,P009,1,296.73,204.62,0.15000000000000002,,0
O002527-1,O002527,P014,1,100.54,57.99,0,,0
O002528-1,O002528,P030,1,46.94,28.34,0.15,,0
O002528-2,O002528,P037,1,81.55,51.15,0.1,,0
O002529-1,O002529,P047,2,142.37,88.8,0,,0
O002529-2,O002529,P036,2,35.45,21.49,0,,0
O002530-1,O002530,P028,1,54.22,32.4,0.05,,0
O002530-2,O002530,P034,1,25.32,14.75,0.05,,0
O002531-1,O002531,P010,4,60.45,40.54,0.1,,0
O002532-1,O002532,P017,3,198.78,124.13,0.05,,0
O002533-1,O002533,P025,1,71.76,42.18,0,,0
O002533-2,O002533,P043,4,205.47,129.67,0,,0
O002534-1,O002534,P018,1,294.41,187.22,0,,0
O002535-1,O002535,P012,1,414.28,288.7,0.05,,0
O002535-2,O002535,P008,1,253.51,162.28,0.1,,0
O002536-1,O002536,P047,1,142.37,88.8,0,,0
O002537-1,O002537,P034,3,25.32,14.75,0.05,,0
O002537-2,O002537,P030,1,46.94,28.34,0.05,,0
O002538-1,O002538,P029,1,62.03,33.59,0.05,,0
O002539-1,O002539,P044,2,134.21,77.33,0.1,,0
O002539-2,O002539,P029,2,62.03,33.59,0,,0
O002540-1,O002540,P025,1,71.76,42.18,0.2,,0
O002540-2,O002540,P018,4,294.41,187.22,0.05,,0
O002541-1,O002541,P020,1,151.49,90.09,0.05,,0
O002542-1,O002542,P013,1,418.01,238.98,0,,0
O002542-2,O002542,P001,1,214.49,142.19,0.1,,0
O002543-1,O002543,P047,4,142.37,88.8,0.1,,0
O002543-2,O002543,P034,1,25.32,14.75,0.2,,0
O002543-3,O002543,P019,1,539.67,317.29,0.05,,0
O002544-1,O002544,P035,2,41.88,25.54,0,,0
O002544-2,O002544,P037,1,81.55,51.15,0,,0
O002545-1,O002545,P023,3,195.53,117.52,0,,0
O002545-2,O002545,P035,1,41.88,25.54,0.05,,0
O002546-1,O002546,P043,1,205.47,129.67,0.05,,0
O002546-2,O002546,P037,3,81.55,51.15,0.1,,0
O002547-1,O002547,P009,1,296.73,204.62,0,,0
O002548-1,O002548,P010,1,60.45,40.54,0.2,,0
O002548-2,O002548,P003,1,139.72,94.93,0.1,,0
O002549-1,O002549,P024,1,104.96,63.45,0,,0
O002549-2,O002549,P036,1,35.45,21.49,0,,0
O002549-3,O002549,P018,1,294.41,187.22,0.05,,0
O002550-1,O002550,P048,1,87.18,54.6,0,,0
O002551-1,O002551,P003,1,139.72,94.93,0,,0
O002551-2,O002551,P023,1,195.53,117.52,0.1,,0
O002551-3,O002551,P009,1,296.73,204.62,0,,0
O002552-1,O002552,P017,1,198.78,124.13,0,,0
O002553-1,O002553,P037,2,81.55,51.15,0.15,,0
O002554-1,O002554,P026,1,26.84,15.28,0.05,,0
O002554-2,O002554,P019,2,539.67,317.29,0,,0
O002554-3,O002554,P010,2,60.45,40.54,0,,0
O002554-4,O002554,P030,4,46.94,28.34,0.1,,0
O002555-1,O002555,P004,1,400.96,266.15,0.1,,0
O002556-1,O002556,P031,3,8.72,4.67,0,,0
O002557-1,O002557,P027,4,42.25,24.81,0.15,,0
O002557-2,O002557,P037,1,81.55,51.15,0,,0
O002558-1,O002558,P027,3,42.25,24.81,0,Damaged,0
O002558-2,O002558,P044,1,134.21,77.33,0,Not as described,0
O002559-1,O002559,P045,1,147.73,93.9,0.05,,0
O002559-2,O002559,P032,2,45.76,24.77,0.1,,0
O002560-1,O002560,P035,3,41.88,25.54,0.05,,0
O002561-1,O002561,P005,3,183.5,123.78,0.05,,0
O002561-2,O002561,P033,1,75.25,44.42,0.05,,0
O002562-1,O002562,P003,1,139.72,94.93,0,,0
O002563-1,O002563,P020,2,151.49,90.09,0,,0
O002563-2,O002563,P033,1,75.25,44.42,0.05,,0
O002564-1,O002564,P019,2,539.67,317.29,0,,0
O002565-1,O002565,P001,1,214.49,142.19,0,,0
O002565-2,O002565,P002,2,120.53,78.28,0,,0
O002566-1,O002566,P035,1,41.88,25.54,0,,1
O002566-2,O002566,P010,3,60.45,40.54,0.15,,0
O002567-1,O002567,P035,1,41.88,25.54,0,,0
O002568-1,O002568,P019,1,539.67,317.29,0,,0
O002569-1,O002569,P005,2,183.5,123.78,0.1,,0
O002569-2,O002569,P039,4,49.57,31.45,0.05,,0
O002570-1,O002570,P029,1,62.03,33.59,0.05,,0
O002571-1,O002571,P028,1,54.22,32.4,0.15,,0
O002572-1,O002572,P003,4,139.72,94.93,0,,0
O002572-2,O002572,P001,1,214.49,142.19,0.15,,0
O002573-1,O002573,P003,1,139.72,94.93,0,,0
O002573-2,O002573,P047,4,142.37,88.8,0,,0
O002574-1,O002574,P036,2,35.45,21.49,0,Wrong item,0
O002575-1,O002575,P042,2,180.79,114.47,0.15,,0
O002575-2,O002575,P044,1,134.21,77.33,0.05,,0
O002576-1,O002576,P021,4,221.99,142.61,0,,0
O002576-2,O002576,P010,1,60.45,40.54,0.1,,0
O002577-1,O002577,P041,2,78.7,44.75,0.15,,0
O002577-2,O002577,P011,2,416.54,268.27,0,,0
O002577-3,O002577,P024,1,104.96,63.45,0,,0
O002578-1,O002578,P009,1,296.73,204.62,0.05,,0
O002579-1,O002579,P027,1,42.25,24.81,0.2,,0
O002579-2,O002579,P018,2,294.41,187.22,0.15000000000000002,,0
O002580-1,O002580,P036,1,35.45,21.49,0.05,,0
O002580-2,O002580,P021,1,221.99,142.61,0.1,,0
O002580-3,O002580,P009,1,296.73,204.62,0.05,,0
O002580-4,O002580,P033,2,75.25,44.42,0.05,,0
O002581-1,O002581,P024,1,104.96,63.45,0.1,,0
O002582-1,O002582,P044,3,134.21,77.33,0.15,,0
O002582-2,O002582,P018,1,294.41,187.22,0,,0
O002583-1,O002583,P002,4,120.53,78.28,0,,0
O002584-1,O002584,P014,1,100.54,57.99,0.15,,0
O002585-1,O002585,P030,1,46.94,28.34,0.05,,0
O002586-1,O002586,P039,2,49.57,31.45,0,,0
O002586-2,O002586,P044,1,134.21,77.33,0,,0
O002586-3,O002586,P009,1,296.73,204.62,0,,0
O002586-4,O002586,P005,4,183.5,123.78,0,,0
O002587-1,O002587,P044,1,134.21,77.33,0,,0
O002588-1,O002588,P034,1,25.32,14.75,0.2,,0
O002589-1,O002589,P032,5,45.76,24.77,0.1,Not as described,0
O002590-1,O002590,P043,2,205.47,129.67,0.05,,0
O002590-2,O002590,P042,3,180.79,114.47,0.05,,0
O002591-1,O002591,P044,3,134.21,77.33,0,Arrived late,0
O002591-2,O002591,P003,1,139.72,94.93,0,Not as described,0
O002592-1,O002592,P025,1,71.76,42.18,0.15,,0
O002592-2,O002592,P007,1,85.33,56.95,0.15,,0
O002592-3,O002592,P028,4,54.22,32.4,0,,0
O002593-1,O002593,P026,1,26.84,15.28,0,,0
O002594-1,O002594,P029,1,62.03,33.59,0.15,,0
O002594-2,O002594,P011,1,416.54,268.27,0,,0
O002595-1,O002595,P033,3,75.25,44.42,0.1,,0
O002595-2,O002595,P032,1,45.76,24.77,0.05,,0
O002596-1,O002596,P008,4,253.51,162.28,0.05,,0
O002597-1,O002597,P027,2,42.25,24.81,0.1,,0
O002597-2,O002597,P005,2,183.5,123.78,0.1,,0
O002598-1,O002598,P006,1,244.45,154.75,0.05,,0
O002598-2,O002598,P013,1,418.01,238.98,0.05,,0
O002598-3,O002598,P030,1,46.94,28.34,0.1,,0
O002599-1,O002599,P002,1,120.53,78.28,0.1,,0
O002599-2,O002599,P016,2,630.9,390.58,0.05,,0
O002600-1,O002600,P028,2,54.22,32.4,0.15000000000000002,,0
O002600-2,O002600,P025,3,71.76,42.18,0.15000000000000002,,0
O002600-3,O002600,P019,1,539.67,317.29,0.05,,0
O002601-1,O002601,P011,1,416.54,268.27,0,,0
O002602-1,O002602,P027,3,42.25,24.81,0.1,,0
O002602-2,O002602,P042,3,180.79,114.47,0.1,,0
O002602-3,O002602,P044,2,134.21,77.33,0,,0
O002603-1,O002603,P026,2,26.84,15.28,0,,0
O002604-1,O002604,P009,1,296.73,204.62,0.05,,0
O002604-2,O002604,P008,3,253.51,162.28,0,,0
O002605-1,O002605,P005,2,183.5,123.78,0,,0
O002606-1,O002606,P034,1,25.32,14.75,0.05,,0
O002607-1,O002607,P030,3,46.94,28.34,0.1,,0
O002607-2,O002607,P027,2,42.25,24.81,0.05,,0
O002607-3,O002607,P004,1,400.96,266.15,0,,0
O002608-1,O002608,P040,1,195.87,114.95,0.2,,0
O002609-1,O002609,P020,1,151.49,90.09,0,,0
O002610-1,O002610,P006,1,244.45,154.75,0.1,,0
O002611-1,O002611,P040,1,195.87,114.95,0.05,,0
O002612-1,O002612,P028,1,54.22,32.4,0,,0
O002613-1,O002613,P043,1,205.47,129.67,0.2,,0
O002613-2,O002613,P032,2,45.76,24.77,0.1,,0
O002614-1,O002614,P010,1,60.45,40.54,0.05,Not as described,0
O002614-2,O002614,P001,3,214.49,142.19,0.15,Changed mind,0
O002615-1,O002615,P025,4,71.76,42.18,0.15,,0
O002615-2,O002615,P045,2,147.73,93.9,0.1,,0
O002616-1,O002616,P014,5,100.54,57.99,0.1,,0
O002616-2,O002616,P036,2,35.45,21.49,0,,0
O002617-1,O002617,P001,1,214.49,142.19,0.2,,0
O002618-1,O002618,P033,1,75.25,44.42,0.05,,0
O002619-1,O002619,P048,3,87.18,54.6,0.1,Not as described,0
O002619-2,O002619,P047,2,142.37,88.8,0.1,Changed mind,0
O002620-1,O002620,P037,1,81.55,51.15,0.1,,0
O002621-1,O002621,P038,3,152.06,96.3,0,,0
O002621-2,O002621,P004,2,400.96,266.15,0.05,,0
O002621-3,O002621,P037,1,81.55,51.15,0,,0
O002621-4,O002621,P026,1,26.84,15.28,0.05,,0
O002622-1,O002622,P029,2,62.03,33.59,0,,0
O002623-1,O002623,P025,1,71.76,42.18,0.05,,0
O002623-2,O002623,P043,2,205.47,129.67,0.1,,0
O002623-3,O002623,P041,1,78.7,44.75,0,,0
O002624-1,O002624,P037,2,81.55,51.15,0.2,,0
O002625-1,O002625,P022,1,568.95,369.55,0,,0
O002625-2,O002625,P024,2,104.96,63.45,0.05,,0
O002626-1,O002626,P006,4,244.45,154.75,0.05,,0
O002626-2,O002626,P026,1,26.84,15.28,0.15000000000000002,,0
O002627-1,O002627,P009,1,296.73,204.62,0.05,,0
O002628-1,O002628,P021,1,221.99,142.61,0.1,,0
O002628-2,O002628,P002,2,120.53,78.28,0,,0
O002628-3,O002628,P048,4,87.18,54.6,0.1,,0
O002628-4,O002628,P036,1,35.45,21.49,0,,0
O002629-1,O002629,P028,2,54.22,32.4,0.15,,0
O002629-2,O002629,P048,3,87.18,54.6,0.1,,0
O002629-3,O002629,P030,3,46.94,28.34,0,,0
O002630-1,O002630,P005,2,183.5,123.78,0.05,,0
O002630-2,O002630,P030,1,46.94,28.34,0.15000000000000002,,0
O002631-1,O002631,P007,1,85.33,56.95,0.05,,0
O002631-2,O002631,P022,1,568.95,369.55,0.05,,0
O002631-3,O002631,P015,2,168.09,101.78,0.05,,0
O002631-4,O002631,P008,4,253.51,162.28,0.1,,0
O002632-1,O002632,P003,1,139.72,94.93,0.05,,0
O002633-1,O002633,P008,1,253.51,162.28,0.2,,0
O002634-1,O002634,P035,1,41.88,25.54,0,,0
O002634-2,O002634,P037,4,81.55,51.15,0,,0
O002635-1,O002635,P020,1,151.49,90.09,0.05,,0
O002636-1,O002636,P046,3,180.61,102.64,0.05,,0
O002636-2,O002636,P017,1,198.78,124.13,0.1,,0
O002636-3,O002636,P029,1,62.03,33.59,0,,0
O002636-4,O002636,P007,2,85.33,56.95,0.05,,0
O002637-1,O002637,P025,1,71.76,42.18,0.2,,0
O002638-1,O002638,P047,1,142.37,88.8,0.05,,0
O002638-2,O002638,P030,2,46.94,28.34,0.05,,0
O002638-3,O002638,P005,1,183.5,123.78,0.05,,0
O002639-1,O002639,P033,1,75.25,44.42,0.05,,0
O002640-1,O002640,P003,4,139.72,94.93,0.05,,0
O002640-2,O002640,P032,1,45.76,24.77,0.15,,0
O002641-1,O002641,P019,1,539.67,317.29,0.15,,0
O002641-2,O002641,P026,2,26.84,15.28,0,,0
O002642-1,O002642,P007,2,85.33,56.95,0.05,,0
O002642-2,O002642,P028,2,54.22,32.4,0.05,,0
O002643-1,O002643,P009,1,296.73,204.62,0.15000000000000002,,0
O002644-1,O002644,P035,1,41.88,25.54,0,,0
O002644-2,O002644,P043,2,205.47,129.67,0.1,,0
O002645-1,O002645,P004,1,400.96,266.15,0,,0
O002646-1,O002646,P037,2,81.55,51.15,0.1,,0
O002646-2,O002646,P004,2,400.96,266.15,0.2,,0
O002647-1,O002647,P027,1,42.25,24.81,0.05,,0
O002648-1,O002648,P030,2,46.94,28.34,0.05,,0
O002648-2,O002648,P034,1,25.32,14.75,0.15,,0
O002649-1,O002649,P032,4,45.76,24.77,0,,0
O002650-1,O002650,P030,1,46.94,28.34,0,,0
O002650-2,O002650,P033,1,75.25,44.42,0.1,,0
O002651-1,O002651,P040,3,195.87,114.95,0.05,,0
O002651-2,O002651,P035,2,41.88,25.54,0.05,,0
O002651-3,O002651,P010,1,60.45,40.54,0.15000000000000002,,0
O002652-1,O002652,P040,2,195.87,114.95,0.2,,0
O002652-2,O002652,P004,1,400.96,266.15,0,,0
O002653-1,O002653,P005,2,183.5,123.78,0.15,,0
O002653-2,O002653,P034,1,25.32,14.75,0,,0
O002654-1,O002654,P021,2,221.99,142.61,0.1,,0
O002655-1,O002655,P004,1,400.96,266.15,0,,0
O002656-1,O002656,P027,4,42.25,24.81,0.1,Not as described,0
O002657-1,O002657,P009,3,296.73,204.62,0,,0
O002658-1,O002658,P036,2,35.45,21.49,0.15000000000000002,Arrived late,0
O002658-2,O002658,P002,2,120.53,78.28,0.15000000000000002,Changed mind,0
O002659-1,O002659,P039,2,49.57,31.45,0.15000000000000002,,0
O002660-1,O002660,P018,4,294.41,187.22,0.15000000000000002,,0
O002661-1,O002661,P029,1,62.03,33.59,0.2,,0
O002661-2,O002661,P033,1,75.25,44.42,0.05,,0
O002662-1,O002662,P006,4,244.45,154.75,0.15000000000000002,,0
O002663-1,O002663,P036,1,35.45,21.49,0.15,Changed mind,0
O002664-1,O002664,P023,2,195.53,117.52,0.1,,0
O002664-2,O002664,P045,1,147.73,93.9,0.2,,0
O002665-1,O002665,P045,2,147.73,93.9,0.05,,0
O002666-1,O002666,P047,1,142.37,88.8,0,,0
O002666-2,O002666,P026,1,26.84,15.28,0.2,,0
O002667-1,O002667,P033,1,75.25,44.42,0,,0
O002668-1,O002668,P033,1,75.25,44.42,0.1,,0
O002669-1,O002669,P017,3,198.78,124.13,0.05,,0
O002669-2,O002669,P022,3,568.95,369.55,0.05,,0
O002670-1,O002670,P003,1,139.72,94.93,0.1,,0
O002671-1,O002671,P008,1,253.51,162.28,0,,0
O002672-1,O002672,P039,1,49.57,31.45,0.1,,0
O002673-1,O002673,P020,2,151.49,90.09,0.2,,0
O002674-1,O002674,P006,1,244.45,154.75,0.05,,0
O002675-1,O002675,P044,1,134.21,77.33,0.15,,0
O002675-2,O002675,P041,4,78.7,44.75,0,,0
O002675-3,O002675,P002,1,120.53,78.28,0,,0
O002675-4,O002675,P043,1,205.47,129.67,0.2,,0
O002676-1,O002676,P046,1,180.61,102.64,0,,0
O002676-2,O002676,P006,1,244.45,154.75,0.1,,0
O002677-1,O002677,P048,2,87.18,54.6,0,,0
O002677-2,O002677,P034,1,25.32,14.75,0.15,,0
O002677-3,O002677,P009,2,296.73,204.62,0,,0
O002677-4,O002677,P033,5,75.25,44.42,0,,0
O002678-1,O002678,P026,4,26.84,15.28,0.15,,0
O002678-2,O002678,P031,2,8.72,4.67,0.1,,0
O002678-3,O002678,P022,2,568.95,369.55,0.05,,0
O002679-1,O002679,P011,1,416.54,268.27,0,,0
O002680-1,O002680,P031,1,8.72,4.67,0.1,,0
O002681-1,O002681,P032,1,45.76,24.77,0.05,,0
O002682-1,O002682,P010,1,60.45,40.54,0.1,,0
O002683-1,O002683,P019,1,539.67,317.29,0.05,,0
O002683-2,O002683,P012,1,414.28,288.7,0,,0
O002683-3,O002683,P005,1,183.5,123.78,0,,0
O002684-1,O002684,P034,5,25.32,14.75,0.15000000000000002,,0
O002685-1,O002685,P014,1,100.54,57.99,0,,0
O002685-2,O002685,P025,2,71.76,42.18,0,,0
O002686-1,O002686,P001,3,214.49,142.19,0,,0
O002687-1,O002687,P042,1,180.79,114.47,0,,1
O002687-2,O002687,P046,3,180.61,102.64,0,,1
O002688-1,O002688,P017,1,198.78,124.13,0.05,,0
O002689-1,O002689,P023,3,195.53,117.52,0.15,,0
O002690-1,O002690,P030,3,46.94,28.34,0,,0
O002691-1,O002691,P014,1,100.54,57.99,0,,0
O002692-1,O002692,P003,3,139.72,94.93,0.15,,1
O002692-2,O002692,P029,1,62.03,33.59,0.1,,0
O002693-1,O002693,P009,1,296.73,204.62,0.1,,0
O002693-2,O002693,P045,1,147.73,93.9,0.1,,0
O002693-3,O002693,P006,2,244.45,154.75,0.2,,0
O002693-4,O002693,P004,1,400.96,266.15,0.05,,0
O002694-1,O002694,P026,2,26.84,15.28,0.15,,0
O002694-2,O002694,P047,1,142.37,88.8,0,,0
O002695-1,O002695,P028,1,54.22,32.4,0.05,,0
O002696-1,O002696,P016,2,630.9,390.58,0,Damaged,0
O002696-2,O002696,P013,3,418.01,238.98,0,Changed mind,0
O002697-1,O002697,P017,2,198.78,124.13,0.15,,0
O002698-1,O002698,P007,1,85.33,56.95,0,,0
O002698-2,O002698,P016,1,630.9,390.58,0.15,,0
O002699-1,O002699,P027,2,42.25,24.81,0.05,,0
O002700-1,O002700,P037,1,81.55,51.15,0,,0
O002700-2,O002700,P028,2,54.22,32.4,0.05,,0
O002701-1,O002701,P031,3,8.72,4.67,0,,0
O002701-2,O002701,P008,1,253.51,162.28,0.2,,0
O002701-3,O002701,P020,1,151.49,90.09,0.1,,0
O002702-1,O002702,P004,3,400.96,266.15,0.05,,0
O002702-2,O002702,P017,1,198.78,124.13,0.15000000000000002,,0
O002702-3,O002702,P045,1,147.73,93.9,0.05,,0
O002703-1,O002703,P046,1,180.61,102.64,0.05,,0
O002704-1,O002704,P005,2,183.5,123.78,0,,0
O002705-1,O002705,P019,4,539.67,317.29,0.2,,0
O002706-1,O002706,P004,3,400.96,266.15,0.15,,0
O002706-2,O002706,P020,4,151.49,90.09,0.2,,0
O002706-3,O002706,P009,2,296.73,204.62,0.15,,0
O002706-4,O002706,P022,1,568.95,369.55,0.1,,0
O002707-1,O002707,P010,1,60.45,40.54,0.1,,0
O002708-1,O002708,P017,1,198.78,124.13,0,,0
O002708-2,O002708,P034,1,25.32,14.75,0.15,,0
O002708-3,O002708,P005,2,183.5,123.78,0,,0
O002708-4,O002708,P035,1,41.88,25.54,0,,0
O002709-1,O002709,P028,1,54.22,32.4,0.1,Wrong item,0
O002710-1,O002710,P038,1,152.06,96.3,0,,0
O002711-1,O002711,P037,1,81.55,51.15,0.05,,0
O002711-2,O002711,P032,1,45.76,24.77,0.05,,0
O002712-1,O002712,P012,1,414.28,288.7,0,,0
O002713-1,O002713,P037,2,81.55,51.15,0.1,,0
O002713-2,O002713,P034,3,25.32,14.75,0,,0
O002713-3,O002713,P033,1,75.25,44.42,0.05,,0
O002714-1,O002714,P020,1,151.49,90.09,0.15,,0
O002715-1,O002715,P011,1,416.54,268.27,0.05,Wrong item,0
O002716-1,O002716,P004,1,400.96,266.15,0.1,,0
O002716-2,O002716,P033,1,75.25,44.42,0,,0
O002716-3,O002716,P013,1,418.01,238.98,0.15,,0
O002717-1,O002717,P023,1,195.53,117.52,0.1,,0
O002717-2,O002717,P007,1,85.33,56.95,0.1,,1
O002718-1,O002718,P043,1,205.47,129.67,0.05,,0
O002718-2,O002718,P032,2,45.76,24.77,0.1,,0
O002719-1,O002719,P008,2,253.51,162.28,0.05,,0
O002720-1,O002720,P016,3,630.9,390.58,0,,0
O002721-1,O002721,P037,2,81.55,51.15,0,,0
O002721-2,O002721,P030,3,46.94,28.34,0,,0
O002722-1,O002722,P038,3,152.06,96.3,0,,0
O002722-2,O002722,P035,1,41.88,25.54,0,,0
O002723-1,O002723,P021,3,221.99,142.61,0,Arrived late,0
O002723-2,O002723,P025,2,71.76,42.18,0,Arrived late,0
O002723-3,O002723,P032,1,45.76,24.77,0.05,Damaged,0
O002724-1,O002724,P031,1,8.72,4.67,0,,0
O002725-1,O002725,P027,1,42.25,24.81,0.1,,0
O002725-2,O002725,P038,1,152.06,96.3,0,,0
O002726-1,O002726,P010,1,60.45,40.54,0.1,,0
O002727-1,O002727,P041,2,78.7,44.75,0.05,,0
O002727-2,O002727,P035,3,41.88,25.54,0.05,,0
O002728-1,O002728,P001,1,214.49,142.19,0.2,,0
O002729-1,O002729,P043,1,205.47,129.67,0.05,,0
O002729-2,O002729,P011,2,416.54,268.27,0,,0
O002729-3,O002729,P014,1,100.54,57.99,0,,0
O002730-1,O002730,P040,1,195.87,114.95,0.05,,0
O002731-1,O002731,P036,2,35.45,21.49,0,,0
O002732-1,O002732,P020,3,151.49,90.09,0,,0
O002733-1,O002733,P010,4,60.45,40.54,0.05,,0
O002733-2,O002733,P015,1,168.09,101.78,0,,0
O002733-3,O002733,P028,1,54.22,32.4,0.15,,0
O002733-4,O002733,P014,2,100.54,57.99,0,,0
O002734-1,O002734,P031,3,8.72,4.67,0.05,,0
O002735-1,O002735,P025,1,71.76,42.18,0.1,,0
O002736-1,O002736,P033,5,75.25,44.42,0.2,,0
O002737-1,O002737,P009,3,296.73,204.62,0.1,,0
O002737-2,O002737,P030,1,46.94,28.34,0.1,,0
O002737-3,O002737,P007,4,85.33,56.95,0.05,,0
O002738-1,O002738,P027,1,42.25,24.81,0.05,,0
O002739-1,O002739,P031,2,8.72,4.67,0,,0
O002740-1,O002740,P030,1,46.94,28.34,0.05,,0
O002740-2,O002740,P041,3,78.7,44.75,0.05,,0
O002741-1,O002741,P007,1,85.33,56.95,0.15,Changed mind,0
O002741-2,O002741,P008,2,253.51,162.28,0.05,Not as described,0
O002742-1,O002742,P017,3,198.78,124.13,0,,0
O002742-2,O002742,P030,2,46.94,28.34,0.15,,0
O002743-1,O002743,P009,2,296.73,204.62,0.05,,0
O002744-1,O002744,P003,1,139.72,94.93,0.2,,0
O002744-2,O002744,P048,3,87.18,54.6,0.2,,0
O002745-1,O002745,P014,2,100.54,57.99,0.15,,0
O002746-1,O002746,P031,1,8.72,4.67,0,,0
O002747-1,O002747,P019,1,539.67,317.29,0,,0
O002747-2,O002747,P035,1,41.88,25.54,0.1,,0
O002747-3,O002747,P027,1,42.25,24.81,0.1,,0
O002748-1,O002748,P003,1,139.72,94.93,0.1,,0
O002749-1,O002749,P027,2,42.25,24.81,0.15,,0
O002750-1,O002750,P028,2,54.22,32.4,0,,0
O002751-1,O002751,P012,1,414.28,288.7,0.05,,0
O002752-1,O002752,P002,3,120.53,78.28,0.2,,0
O002752-2,O002752,P001,1,214.49,142.19,0,,0
O002753-1,O002753,P007,2,85.33,56.95,0,,0
O002754-1,O002754,P005,2,183.5,123.78,0.05,Arrived late,0
O002754-2,O002754,P013,1,418.01,238.98,0.15,Wrong item,0
O002754-3,O002754,P012,1,414.28,288.7,0.05,Changed mind,0
O002755-1,O002755,P032,2,45.76,24.77,0,,0
O002756-1,O002756,P008,1,253.51,162.28,0,,0
O002757-1,O002757,P033,1,75.25,44.42,0,,0
O002758-1,O002758,P015,3,168.09,101.78,0.05,,0
O002759-1,O002759,P019,1,539.67,317.29,0.1,Damaged,0
O002760-1,O002760,P012,1,414.28,288.7,0.15000000000000002,,0
O002760-2,O002760,P001,3,214.49,142.19,0.05,,0
O002760-3,O002760,P007,1,85.33,56.95,0.05,,0
O002761-1,O002761,P026,1,26.84,15.28,0.05,,0
O002761-2,O002761,P008,2,253.51,162.28,0.2,,0
O002761-3,O002761,P013,2,418.01,238.98,0.05,,0
O002762-1,O002762,P006,1,244.45,154.75,0,,0
O002763-1,O002763,P003,1,139.72,94.93,0,,0
O002764-1,O002764,P033,4,75.25,44.42,0.1,,0
O002765-1,O002765,P038,3,152.06,96.3,0.2,,0
O002765-2,O002765,P019,1,539.67,317.29,0.05,,0
O002766-1,O002766,P008,2,253.51,162.28,0.05,,0
O002767-1,O002767,P007,1,85.33,56.95,0,,0
O002767-2,O002767,P006,1,244.45,154.75,0.2,,0
O002767-3,O002767,P008,1,253.51,162.28,0.05,,0
O002768-1,O002768,P036,3,35.45,21.49,0.15000000000000002,,0
O002768-2,O002768,P035,3,41.88,25.54,0.05,,0
O002769-1,O002769,P007,1,85.33,56.95,0,,0
O002770-1,O002770,P037,2,81.55,51.15,0.1,,0
O002771-1,O002771,P015,1,168.09,101.78,0.1,,0
O002771-2,O002771,P032,1,45.76,24.77,0.05,,0
O002771-3,O002771,P026,1,26.84,15.28,0.1,,0
O002772-1,O002772,P010,1,60.45,40.54,0.15,Damaged,0
O002773-1,O002773,P023,2,195.53,117.52,0.1,,0
O002773-2,O002773,P016,1,630.9,390.58,0.05,,0
O002773-3,O002773,P036,2,35.45,21.49,0.1,,0
O002774-1,O002774,P012,1,414.28,288.7,0,,0
O002774-2,O002774,P032,1,45.76,24.77,0,,0
O002775-1,O002775,P036,1,35.45,21.49,0.2,,0
O002776-1,O002776,P005,3,183.5,123.78,0.05,,0
O002777-1,O002777,P011,1,416.54,268.27,0.05,,0
O002777-2,O002777,P033,3,75.25,44.42,0.05,,0
O002777-3,O002777,P036,1,35.45,21.49,0.2,,0
O002777-4,O002777,P005,2,183.5,123.78,0.05,,0
O002778-1,O002778,P027,1,42.25,24.81,0.05,,0
O002778-2,O002778,P048,3,87.18,54.6,0.05,,0
O002778-3,O002778,P012,1,414.28,288.7,0.1,,0
O002779-1,O002779,P023,1,195.53,117.52,0,,0
O002779-2,O002779,P028,1,54.22,32.4,0.1,,0
O002779-3,O002779,P006,2,244.45,154.75,0,,0
O002780-1,O002780,P023,2,195.53,117.52,0.15000000000000002,,0
O002780-2,O002780,P027,1,42.25,24.81,0.1,,0
O002781-1,O002781,P010,3,60.45,40.54,0,,0
O002782-1,O002782,P015,4,168.09,101.78,0.1,,0
O002782-2,O002782,P029,2,62.03,33.59,0.05,,0
O002783-1,O002783,P029,2,62.03,33.59,0.05,,0
O002784-1,O002784,P002,1,120.53,78.28,0.05,,0
O002785-1,O002785,P006,2,244.45,154.75,0,,0
O002786-1,O002786,P023,1,195.53,117.52,0.15000000000000002,Damaged,0
O002786-2,O002786,P021,1,221.99,142.61,0.05,Not as described,0
O002787-1,O002787,P038,2,152.06,96.3,0.15000000000000002,,0
O002787-2,O002787,P043,4,205.47,129.67,0.15000000000000002,,0
O002788-1,O002788,P048,2,87.18,54.6,0.1,,0
O002789-1,O002789,P014,1,100.54,57.99,0.05,,0
O002789-2,O002789,P029,1,62.03,33.59,0.15000000000000002,,0
O002789-3,O002789,P021,1,221.99,142.61,0.15000000000000002,,0
O002790-1,O002790,P031,1,8.72,4.67,0,,0
O002790-2,O002790,P023,1,195.53,117.52,0.15,,0
O002791-1,O002791,P014,1,100.54,57.99,0.15,,0
O002792-1,O002792,P027,2,42.25,24.81,0,,0
O002793-1,O002793,P013,1,418.01,238.98,0.1,,0
O002793-2,O002793,P031,1,8.72,4.67,0,,0
O002794-1,O002794,P045,3,147.73,93.9,0.1,,0
O002794-2,O002794,P040,1,195.87,114.95,0.1,,0
O002795-1,O002795,P010,1,60.45,40.54,0.1,,0
O002796-1,O002796,P007,1,85.33,56.95,0.2,,0
O002796-2,O002796,P035,1,41.88,25.54,0.2,,0
O002797-1,O002797,P043,1,205.47,129.67,0,,0
O002798-1,O002798,P019,2,539.67,317.29,0.05,,0
O002798-2,O002798,P005,4,183.5,123.78,0.1,,0
O002798-3,O002798,P040,1,195.87,114.95,0.15000000000000002,,0
O002798-4,O002798,P032,1,45.76,24.77,0.1,,0
O002799-1,O002799,P007,2,85.33,56.95,0.2,,0
O002799-2,O002799,P002,3,120.53,78.28,0.1,,0
O002800-1,O002800,P019,2,539.67,317.29,0.1,,1
O002801-1,O002801,P018,1,294.41,187.22,0.1,,0
O002802-1,O002802,P030,1,46.94,28.34,0.2,,0
O002803-1,O002803,P013,1,418.01,238.98,0.05,,0
O002803-2,O002803,P004,1,400.96,266.15,0.1,,0
O002804-1,O002804,P024,4,104.96,63.45,0.2,,0
O002805-1,O002805,P048,2,87.18,54.6,0,,0
O002806-1,O002806,P031,4,8.72,4.67,0.05,,0
O002806-2,O002806,P044,1,134.21,77.33,0.15,,0
O002806-3,O002806,P033,2,75.25,44.42,0,,0
O002806-4,O002806,P015,3,168.09,101.78,0,,0
O002807-1,O002807,P036,3,35.45,21.49,0,,0
O002807-2,O002807,P022,2,568.95,369.55,0.15,,0
O002808-1,O002808,P017,1,198.78,124.13,0,,0
O002808-2,O002808,P027,1,42.25,24.81,0.05,,0
O002808-3,O002808,P018,1,294.41,187.22,0.05,,0
O002809-1,O002809,P032,1,45.76,24.77,0.05,,0
O002809-2,O002809,P026,1,26.84,15.28,0.15,,0
O002809-3,O002809,P019,2,539.67,317.29,0.05,,0
O002809-4,O002809,P045,1,147.73,93.9,0,,0
O002810-1,O002810,P018,1,294.41,187.22,0,,0
O002811-1,O002811,P004,1,400.96,266.15,0,,0
O002811-2,O002811,P014,3,100.54,57.99,0.15,,0
O002811-3,O002811,P019,1,539.67,317.29,0,,0
O002812-1,O002812,P007,1,85.33,56.95,0.2,,1
O002813-1,O002813,P027,1,42.25,24.81,0.1,,0
O002814-1,O002814,P022,5,568.95,369.55,0.15,Arrived late,0
O002814-2,O002814,P023,2,195.53,117.52,0.1,Damaged,0
O002815-1,O002815,P039,1,49.57,31.45,0,,0
O002815-2,O002815,P034,4,25.32,14.75,0.05,,0
O002816-1,O002816,P011,4,416.54,268.27,0.15,,0
O002816-2,O002816,P012,1,414.28,288.7,0.05,,0
O002817-1,O002817,P022,1,568.95,369.55,0,Not as described,0
O002817-2,O002817,P044,1,134.21,77.33,0.1,Changed mind,0
O002818-1,O002818,P034,2,25.32,14.75,0,,0
O002819-1,O002819,P041,1,78.7,44.75,0,,0
O002820-1,O002820,P019,1,539.67,317.29,0,Changed mind,0
O002820-2,O002820,P045,2,147.73,93.9,0,Not as described,0
O002820-3,O002820,P039,4,49.57,31.45,0,Wrong item,0
O002821-1,O002821,P025,1,71.76,42.18,0.15,,0
O002822-1,O002822,P002,1,120.53,78.28,0.05,,0
O002822-2,O002822,P042,1,180.79,114.47,0.15000000000000002,,0
O002822-3,O002822,P025,1,71.76,42.18,0.2,,0
O002822-4,O002822,P005,1,183.5,123.78,0.1,,0
O002823-1,O002823,P039,1,49.57,31.45,0.05,,0
O002824-1,O002824,P016,2,630.9,390.58,0.15,,0
O002824-2,O002824,P041,3,78.7,44.75,0.1,,0
O002824-3,O002824,P007,1,85.33,56.95,0.1,,0
O002824-4,O002824,P014,1,100.54,57.99,0,,0
O002825-1,O002825,P028,3,54.22,32.4,0.05,,0
O002826-1,O002826,P042,2,180.79,114.47,0.15,,0
O002827-1,O002827,P009,4,296.73,204.62,0,,0
O002827-2,O002827,P016,2,630.9,390.58,0,,0
O002828-1,O002828,P016,3,630.9,390.58,0.15,Arrived late,0
O002829-1,O002829,P036,1,35.45,21.49,0.15,,0
O002830-1,O002830,P028,2,54.22,32.4,0.05,,0
O002831-1,O002831,P008,3,253.51,162.28,0.05,,0
O002832-1,O002832,P033,3,75.25,44.42,0,,0
O002832-2,O002832,P036,1,35.45,21.49,0,,0
O002833-1,O002833,P008,1,253.51,162.28,0,,0
O002834-1,O002834,P009,3,296.73,204.62,0.15000000000000002,,0
O002834-2,O002834,P002,4,120.53,78.28,0.05,,0
O002835-1,O002835,P034,2,25.32,14.75,0.15000000000000002,,0
O002836-1,O002836,P015,2,168.09,101.78,0.2,,0
O002837-1,O002837,P008,2,253.51,162.28,0.2,,0
O002838-1,O002838,P048,1,87.18,54.6,0.05,,0
O002838-2,O002838,P029,1,62.03,33.59,0.1,,0
O002838-3,O002838,P041,3,78.7,44.75,0.05,,0
O002839-1,O002839,P012,1,414.28,288.7,0,,0
O002839-2,O002839,P035,1,41.88,25.54,0,,0
O002840-1,O002840,P004,1,400.96,266.15,0.05,,0
O002841-1,O002841,P027,2,42.25,24.81,0,Not as described,0
O002841-2,O002841,P013,1,418.01,238.98,0.05,Damaged,0
O002841-3,O002841,P002,2,120.53,78.28,0.15,Arrived late,0
O002841-4,O002841,P036,1,35.45,21.49,0,Changed mind,0
O002842-1,O002842,P029,1,62.03,33.59,0.2,,0
O002843-1,O002843,P005,4,183.5,123.78,0.1,,0
O002844-1,O002844,P012,1,414.28,288.7,0.05,,0
O002845-1,O002845,P024,2,104.96,63.45,0,,0
O002846-1,O002846,P043,5,205.47,129.67,0.15000000000000002,,0
O002847-1,O002847,P043,2,205.47,129.67,0.1,,0
O002848-1,O002848,P038,2,152.06,96.3,0.05,,0
O002849-1,O002849,P020,2,151.49,90.09,0.1,,0
O002850-1,O002850,P045,1,147.73,93.9,0.15000000000000002,,0
O002851-1,O002851,P004,4,400.96,266.15,0.05,,0
O002851-2,O002851,P020,2,151.49,90.09,0.2,,0
O002852-1,O002852,P014,1,100.54,57.99,0.05,,0
O002853-1,O002853,P010,1,60.45,40.54,0.1,,0
O002853-2,O002853,P005,1,183.5,123.78,0.15,,0
O002853-3,O002853,P027,1,42.25,24.81,0.05,,0
O002854-1,O002854,P043,1,205.47,129.67,0.2,,0
O002855-1,O002855,P026,1,26.84,15.28,0,,0
O002855-2,O002855,P017,4,198.78,124.13,0,,0
O002856-1,O002856,P021,1,221.99,142.61,0.05,,0
O002857-1,O002857,P041,3,78.7,44.75,0,,0
O002857-2,O002857,P039,1,49.57,31.45,0,,0
O002858-1,O002858,P039,3,49.57,31.45,0.05,,0
O002859-1,O002859,P036,3,35.45,21.49,0,,0
O002859-2,O002859,P025,1,71.76,42.18,0.1,,0
O002860-1,O002860,P010,3,60.45,40.54,0.2,,0
O002861-1,O002861,P047,3,142.37,88.8,0,,0
O002862-1,O002862,P034,1,25.32,14.75,0.15000000000000002,,0
O002862-2,O002862,P024,4,104.96,63.45,0.2,,0
O002862-3,O002862,P012,2,414.28,288.7,0.1,,0
O002862-4,O002862,P016,1,630.9,390.58,0.05,,0
O002863-1,O002863,P018,2,294.41,187.22,0.05,,0
O002864-1,O002864,P022,2,568.95,369.55,0,,0
O002865-1,O002865,P036,4,35.45,21.49,0.15,Arrived late,0
O002866-1,O002866,P025,2,71.76,42.18,0.1,,0
O002867-1,O002867,P009,2,296.73,204.62,0.1,,0
O002868-1,O002868,P019,2,539.67,317.29,0,,0
O002869-1,O002869,P047,2,142.37,88.8,0.1,,0
O002869-2,O002869,P039,1,49.57,31.45,0.05,,0
O002869-3,O002869,P035,3,41.88,25.54,0.15,,0
O002870-1,O002870,P020,2,151.49,90.09,0.1,,0
O002870-2,O002870,P034,2,25.32,14.75,0.2,,0
O002871-1,O002871,P009,5,296.73,204.62,0.1,,0
O002871-2,O002871,P002,2,120.53,78.28,0.1,,0
O002871-3,O002871,P044,1,134.21,77.33,0,,0
O002872-1,O002872,P020,4,151.49,90.09,0.15,,0
O002873-1,O002873,P004,1,400.96,266.15,0.15,,0
O002873-2,O002873,P028,2,54.22,32.4,0.15,,1
O002874-1,O002874,P031,2,8.72,4.67,0.1,,0
O002874-2,O002874,P032,1,45.76,24.77,0.1,,0
O002875-1,O002875,P046,2,180.61,102.64,0.1,,0
O002876-1,O002876,P024,3,104.96,63.45,0.1,,0
O002877-1,O002877,P034,1,25.32,14.75,0.2,,0
O002877-2,O002877,P011,1,416.54,268.27,0.05,,0
O002878-1,O002878,P024,1,104.96,63.45,0.1,,0
O002878-2,O002878,P018,1,294.41,187.22,0.1,,0
O002878-3,O002878,P026,2,26.84,15.28,0.2,,0
O002879-1,O002879,P029,2,62.03,33.59,0,,0
O002880-1,O002880,P009,2,296.73,204.62,0,,0
O002881-1,O002881,P042,1,180.79,114.47,0.15,,0
O002882-1,O002882,P044,3,134.21,77.33,0,,0
O002883-1,O002883,P043,3,205.47,129.67,0.05,,0
O002883-2,O002883,P003,3,139.72,94.93,0.1,,0
O002883-3,O002883,P046,1,180.61,102.64,0.1,,0
O002884-1,O002884,P043,3,205.47,129.67,0.05,,0
O002885-1,O002885,P041,1,78.7,44.75,0.15,,0
O002885-2,O002885,P028,1,54.22,32.4,0.1,,0
O002886-1,O002886,P007,2,85.33,56.95,0.05,,0
O002887-1,O002887,P043,1,205.47,129.67,0.1,,0
O002887-2,O002887,P007,2,85.33,56.95,0.05,,0
O002888-1,O002888,P024,2,104.96,63.45,0,,0
O002889-1,O002889,P029,1,62.03,33.59,0.2,,0
O002890-1,O002890,P044,1,134.21,77.33,0,,0
O002890-2,O002890,P008,2,253.51,162.28,0.15,,0
O002891-1,O002891,P033,1,75.25,44.42,0.1,,0
O002892-1,O002892,P040,1,195.87,114.95,0.05,,0
O002893-1,O002893,P034,1,25.32,14.75,0.15,,0
O002893-2,O002893,P033,2,75.25,44.42,0,,0
O002893-3,O002893,P035,3,41.88,25.54,0.1,,0
O002894-1,O002894,P003,3,139.72,94.93,0.05,,0
O002895-1,O002895,P034,2,25.32,14.75,0.05,,0
O002895-2,O002895,P011,2,416.54,268.27,0.1,,0
O002895-3,O002895,P042,1,180.79,114.47,0.05,,0
O002896-1,O002896,P025,4,71.76,42.18,0.15,,0
O002897-1,O002897,P026,1,26.84,15.28,0.1,,0
O002897-2,O002897,P024,3,104.96,63.45,0.15000000000000002,,0
O002898-1,O002898,P016,1,630.9,390.58,0.05,,0
O002899-1,O002899,P042,2,180.79,114.47,0.15000000000000002,,0
O002900-1,O002900,P024,3,104.96,63.45,0.05,,0
O002900-2,O002900,P014,1,100.54,57.99,0,,0
O002901-1,O002901,P025,1,71.76,42.18,0,,0
O002902-1,O002902,P006,3,244.45,154.75,0.05,,0
O002902-2,O002902,P030,1,46.94,28.34,0.1,,0
O002903-1,O002903,P013,1,418.01,238.98,0,,0
O002904-1,O002904,P031,3,8.72,4.67,0.15000000000000002,,0
O002904-2,O002904,P030,2,46.94,28.34,0.1,,0
O002904-3,O002904,P005,1,183.5,123.78,0.05,,0
O002904-4,O002904,P027,2,42.25,24.81,0.05,,0
O002905-1,O002905,P037,1,81.55,51.15,0.15,,0
O002905-2,O002905,P001,2,214.49,142.19,0.1,,0
O002906-1,O002906,P045,1,147.73,93.9,0.2,,0
O002906-2,O002906,P047,3,142.37,88.8,0,,0
O002906-3,O002906,P033,1,75.25,44.42,0.05,,0
O002906-4,O002906,P048,4,87.18,54.6,0,,0
O002907-1,O002907,P007,1,85.33,56.95,0.05,,0
O002908-1,O002908,P012,2,414.28,288.7,0,,0
O002909-1,O002909,P034,1,25.32,14.75,0.05,,0
O002910-1,O002910,P025,1,71.76,42.18,0.1,,0
O002911-1,O002911,P036,2,35.45,21.49,0.1,,0
O002911-2,O002911,P027,3,42.25,24.81,0,,0
O002912-1,O002912,P016,3,630.9,390.58,0.05,,0
O002912-2,O002912,P033,1,75.25,44.42,0.05,,0
O002912-3,O002912,P030,1,46.94,28.34,0.05,,0
O002912-4,O002912,P007,3,85.33,56.95,0.1,,0
O002913-1,O002913,P012,2,414.28,288.7,0.1,Not as described,0
O002913-2,O002913,P020,1,151.49,90.09,0.1,Wrong item,0
O002914-1,O002914,P009,1,296.73,204.62,0.05,,0
O002915-1,O002915,P017,1,198.78,124.13,0.1,,0
O002916-1,O002916,P027,2,42.25,24.81,0.15,Not as described,0
O002916-2,O002916,P004,1,400.96,266.15,0.05,Wrong item,0
O002916-3,O002916,P036,1,35.45,21.49,0.05,Not as described,0
O002917-1,O002917,P031,1,8.72,4.67,0.2,,0
O002917-2,O002917,P012,2,414.28,288.7,0.15000000000000002,,0
O002918-1,O002918,P034,2,25.32,14.75,0,,0
O002919-1,O002919,P040,3,195.87,114.95,0.2,,0
O002919-2,O002919,P045,3,147.73,93.9,0.05,,0
O002920-1,O002920,P034,1,25.32,14.75,0.05,,0
O002921-1,O002921,P034,2,25.32,14.75,0.15000000000000002,,0
O002922-1,O002922,P048,3,87.18,54.6,0.2,,0
O002923-1,O002923,P048,1,87.18,54.6,0,,0
O002924-1,O002924,P025,2,71.76,42.18,0.2,,0
O002924-2,O002924,P006,2,244.45,154.75,0.05,,0
O002924-3,O002924,P034,1,25.32,14.75,0.1,,0
O002925-1,O002925,P032,2,45.76,24.77,0,,0
O002925-2,O002925,P029,1,62.03,33.59,0,,0
O002925-3,O002925,P045,1,147.73,93.9,0,,0
O002926-1,O002926,P005,1,183.5,123.78,0.15,,0
O002927-1,O002927,P028,3,54.22,32.4,0.05,,0
O002928-1,O002928,P020,2,151.49,90.09,0.05,,0
O002929-1,O002929,P023,1,195.53,117.52,0.15000000000000002,,0
O002930-1,O002930,P015,2,168.09,101.78,0,,0
O002930-2,O002930,P042,1,180.79,114.47,0,,0
O002931-1,O002931,P025,2,71.76,42.18,0.2,,0
O002932-1,O002932,P040,1,195.87,114.95,0.05,,0
O002932-2,O002932,P003,1,139.72,94.93,0,,0
O002932-3,O002932,P017,1,198.78,124.13,0.05,,0
O002932-4,O002932,P028,4,54.22,32.4,0.05,,0
O002933-1,O002933,P028,2,54.22,32.4,0.1,,0
O002933-2,O002933,P001,1,214.49,142.19,0.2,,0
O002933-3,O002933,P012,2,414.28,288.7,0,,0
O002934-1,O002934,P029,1,62.03,33.59,0.1,,1
O002935-1,O002935,P027,3,42.25,24.81,0.1,,0
O002936-1,O002936,P035,2,41.88,25.54,0,,0
O002937-1,O002937,P013,1,418.01,238.98,0.15,,0
O002937-2,O002937,P010,1,60.45,40.54,0.15,,0
O002937-3,O002937,P015,3,168.09,101.78,0.05,,0
O002938-1,O002938,P030,1,46.94,28.34,0.15000000000000002,,0
O002938-2,O002938,P041,2,78.7,44.75,0.1,,0
O002939-1,O002939,P016,2,630.9,390.58,0.1,,0
O002939-2,O002939,P048,2,87.18,54.6,0.1,,0
O002939-3,O002939,P011,2,416.54,268.27,0,,0
O002940-1,O002940,P043,2,205.47,129.67,0.05,,0
O002940-2,O002940,P012,1,414.28,288.7,0,,0
O002941-1,O002941,P014,1,100.54,57.99,0.2,,0
O002941-2,O002941,P036,1,35.45,21.49,0.05,,0
O002942-1,O002942,P004,2,400.96,266.15,0.05,,0
O002943-1,O002943,P035,1,41.88,25.54,0.15,,0
O002944-1,O002944,P010,1,60.45,40.54,0.1,,0
O002945-1,O002945,P006,1,244.45,154.75,0.15,,0
O002945-2,O002945,P048,1,87.18,54.6,0,,0
O002946-1,O002946,P017,1,198.78,124.13,0,,0
O002946-2,O002946,P011,2,416.54,268.27,0,,0
O002946-3,O002946,P008,1,253.51,162.28,0.2,,0
O002946-4,O002946,P001,2,214.49,142.19,0.05,,0
O002947-1,O002947,P030,2,46.94,28.34,0,,0
O002948-1,O002948,P020,1,151.49,90.09,0.05,,0
O002948-2,O002948,P028,2,54.22,32.4,0.15,,0
O002949-1,O002949,P034,1,25.32,14.75,0.05,,0
O002950-1,O002950,P019,1,539.67,317.29,0,,0
O002950-2,O002950,P044,3,134.21,77.33,0.05,,0
O002950-3,O002950,P027,1,42.25,24.81,0,,0
O002950-4,O002950,P030,1,46.94,28.34,0,,0
O002951-1,O002951,P022,1,568.95,369.55,0.15,Damaged,0
O002952-1,O002952,P015,5,168.09,101.78,0.05,,0
O002953-1,O002953,P025,1,71.76,42.18,0.2,,0
O002953-2,O002953,P045,1,147.73,93.9,0.2,,0
O002954-1,O002954,P045,3,147.73,93.9,0,,0
O002955-1,O002955,P020,1,151.49,90.09,0.1,,0
O002956-1,O002956,P002,1,120.53,78.28,0,,0
O002957-1,O002957,P036,3,35.45,21.49,0,,0
O002957-2,O002957,P011,2,416.54,268.27,0,,0
O002958-1,O002958,P013,1,418.01,238.98,0.05,,0
O002959-1,O002959,P010,4,60.45,40.54,0.05,,0
O002960-1,O002960,P026,2,26.84,15.28,0.1,,0
O002960-2,O002960,P037,1,81.55,51.15,0,,0
O002960-3,O002960,P019,2,539.67,317.29,0.1,,0
O002961-1,O002961,P016,2,630.9,390.58,0,,0
O002962-1,O002962,P015,1,168.09,101.78,0,Not as described,0
O002963-1,O002963,P035,4,41.88,25.54,0.1,,0
O002963-2,O002963,P041,2,78.7,44.75,0.1,,1
O002964-1,O002964,P004,1,400.96,266.15,0,Wrong item,0
O002964-2,O002964,P011,2,416.54,268.27,0.2,Wrong item,0
O002965-1,O002965,P017,2,198.78,124.13,0,,0
O002966-1,O002966,P016,1,630.9,390.58,0,,0
O002967-1,O002967,P002,1,120.53,78.28,0.05,Wrong item,0
O002968-1,O002968,P007,2,85.33,56.95,0.15000000000000002,,0
O002969-1,O002969,P026,2,26.84,15.28,0.05,,0
O002969-2,O002969,P022,1,568.95,369.55,0.2,,0
O002969-3,O002969,P023,5,195.53,117.52,0.05,,0
O002970-1,O002970,P002,3,120.53,78.28,0,,0
O002970-2,O002970,P025,3,71.76,42.18,0,,0
O002971-1,O002971,P032,4,45.76,24.77,0.05,,0
O002972-1,O002972,P018,1,294.41,187.22,0.2,,0
O002973-1,O002973,P008,1,253.51,162.28,0,,0
O002973-2,O002973,P045,1,147.73,93.9,0.1,,0
O002973-3,O002973,P016,2,630.9,390.58,0.05,,0
O002974-1,O002974,P015,1,168.09,101.78,0.1,,0
O002975-1,O002975,P045,1,147.73,93.9,0.1,,0
O002975-2,O002975,P043,4,205.47,129.67,0.1,,0
O002976-1,O002976,P025,3,71.76,42.18,0.05,,0
O002976-2,O002976,P016,1,630.9,390.58,0.1,,0
O002977-1,O002977,P032,1,45.76,24.77,0.05,,0
O002978-1,O002978,P009,1,296.73,204.62,0.1,,0
O002979-1,O002979,P019,2,539.67,317.29,0,,0
O002980-1,O002980,P019,4,539.67,317.29,0,,0
O002980-2,O002980,P043,1,205.47,129.67,0.15,,0
O002981-1,O002981,P034,1,25.32,14.75,0.1,,0
O002981-2,O002981,P024,2,104.96,63.45,0,,0
O002981-3,O002981,P029,1,62.03,33.59,0.1,,0
O002982-1,O002982,P027,2,42.25,24.81,0.2,,0
O002982-2,O002982,P037,3,81.55,51.15,0,,0
O002983-1,O002983,P048,1,87.18,54.6,0.2,,0
O002983-2,O002983,P012,1,414.28,288.7,0.05,,1
O002984-1,O002984,P030,2,46.94,28.34,0,Changed mind,0
O002984-2,O002984,P034,1,25.32,14.75,0.05,Arrived late,0
O002985-1,O002985,P015,2,168.09,101.78,0.05,,0
O002985-2,O002985,P005,1,183.5,123.78,0.05,,0
O002985-3,O002985,P041,2,78.7,44.75,0.15000000000000002,,0
O002986-1,O002986,P045,2,147.73,93.9,0,,0
O002986-2,O002986,P027,4,42.25,24.81,0,,0
O002987-1,O002987,P042,1,180.79,114.47,0,,0
O002987-2,O002987,P039,1,49.57,31.45,0,,0
O002988-1,O002988,P027,2,42.25,24.81,0.2,,0
O002988-2,O002988,P044,2,134.21,77.33,0.1,,0
O002989-1,O002989,P007,1,85.33,56.95,0.05,,0
O002990-1,O002990,P042,2,180.79,114.47,0.1,,0
O002991-1,O002991,P014,2,100.54,57.99,0,,0
O002991-2,O002991,P042,2,180.79,114.47,0.15,,0
O002991-3,O002991,P041,1,78.7,44.75,0.05,,0
O002992-1,O002992,P032,2,45.76,24.77,0.15,,0
O002993-1,O002993,P008,4,253.51,162.28,0.2,,0
O002993-2,O002993,P002,1,120.53,78.28,0.15000000000000002,,0
O002994-1,O002994,P033,3,75.25,44.42,0.15,,0
O002994-2,O002994,P028,4,54.22,32.4,0.1,,0
O002994-3,O002994,P046,1,180.61,102.64,0,,0
O002995-1,O002995,P045,1,147.73,93.9,0,,0
O002996-1,O002996,P018,2,294.41,187.22,0,,0
O002997-1,O002997,P026,2,26.84,15.28,0,,0
O002997-2,O002997,P031,2,8.72,4.67,0.05,,0
O002998-1,O002998,P006,1,244.45,154.75,0.05,,0
O002999-1,O002999,P005,1,183.5,123.78,0.1,Changed mind,0
O002999-2,O002999,P037,4,81.55,51.15,0,Wrong item,0
O003000-1,O003000,P028,1,54.22,32.4,0.15000000000000002,,0
O003001-1,O003001,P044,3,134.21,77.33,0.05,,0
O003001-2,O003001,P042,1,180.79,114.47,0,,0
O003001-3,O003001,P007,2,85.33,56.95,0,,0
O003002-1,O003002,P044,3,134.21,77.33,0,,0
O003002-2,O003002,P018,1,294.41,187.22,0.1,,0
O003003-1,O003003,P025,2,71.76,42.18,0,,0
O003003-2,O003003,P044,2,134.21,77.33,0,,0
O003004-1,O003004,P018,2,294.41,187.22,0.05,,0
O003004-2,O003004,P034,2,25.32,14.75,0,,0
O003004-3,O003004,P010,1,60.45,40.54,0.05,,0
O003004-4,O003004,P005,3,183.5,123.78,0,,0
O003005-1,O003005,P027,1,42.25,24.81,0,,0
O003005-2,O003005,P001,2,214.49,142.19,0,,0
O003006-1,O003006,P012,1,414.28,288.7,0.1,,0
O003006-2,O003006,P018,3,294.41,187.22,0,,0
O003006-3,O003006,P047,5,142.37,88.8,0,,0
O003007-1,O003007,P001,3,214.49,142.19,0.15000000000000002,,0
O003008-1,O003008,P001,1,214.49,142.19,0,,0
O003008-2,O003008,P009,1,296.73,204.62,0.2,,0
O003008-3,O003008,P043,4,205.47,129.67,0.1,,0
O003009-1,O003009,P034,1,25.32,14.75,0.15,,0
O003009-2,O003009,P021,1,221.99,142.61,0,,0
O003010-1,O003010,P018,2,294.41,187.22,0.05,Wrong item,0
O003011-1,O003011,P039,1,49.57,31.45,0.05,,0
O003011-2,O003011,P035,1,41.88,25.54,0,,0
O003011-3,O003011,P033,1,75.25,44.42,0,,0
O003012-1,O003012,P008,2,253.51,162.28,0,,0
O003013-1,O003013,P038,2,152.06,96.3,0.05,,0
O003013-2,O003013,P007,3,85.33,56.95,0.1,,0
O003014-1,O003014,P028,2,54.22,32.4,0.05,,0
O003014-2,O003014,P008,1,253.51,162.28,0.1,,0
O003014-3,O003014,P031,1,8.72,4.67,0.05,,0
O003015-1,O003015,P011,1,416.54,268.27,0.1,Changed mind,0
O003015-2,O003015,P045,2,147.73,93.9,0.2,Changed mind,0
O003015-3,O003015,P026,5,26.84,15.28,0.05,Changed mind,0
O003016-1,O003016,P047,1,142.37,88.8,0,Arrived late,0
O003017-1,O003017,P043,1,205.47,129.67,0.15,,0
O003017-2,O003017,P002,1,120.53,78.28,0.05,,0
O003018-1,O003018,P012,1,414.28,288.7,0.05,,0
O003019-1,O003019,P048,1,87.18,54.6,0,,0
O003019-2,O003019,P034,1,25.32,14.75,0.05,,0
O003020-1,O003020,P010,3,60.45,40.54,0.05,Arrived late,0
O003020-2,O003020,P018,1,294.41,187.22,0.1,Damaged,0
O003020-3,O003020,P038,2,152.06,96.3,0.15,Wrong item,0
O003021-1,O003021,P026,2,26.84,15.28,0,,0
O003021-2,O003021,P006,3,244.45,154.75,0,,1
O003022-1,O003022,P027,1,42.25,24.81,0,,0
O003023-1,O003023,P031,3,8.72,4.67,0.15000000000000002,,0
O003024-1,O003024,P025,2,71.76,42.18,0.1,,1
O003024-2,O003024,P012,1,414.28,288.7,0.05,,0
O003024-3,O003024,P024,2,104.96,63.45,0.15000000000000002,,0
O003025-1,O003025,P006,1,244.45,154.75,0.05,,0
O003026-1,O003026,P031,3,8.72,4.67,0.2,,0
O003026-2,O003026,P014,1,100.54,57.99,0.1,,0
O003027-1,O003027,P010,2,60.45,40.54,0.2,,0
O003028-1,O003028,P031,1,8.72,4.67,0.1,,0
O003029-1,O003029,P048,1,87.18,54.6,0.05,,0
O003029-2,O003029,P042,5,180.79,114.47,0.15,,0
O003029-3,O003029,P029,1,62.03,33.59,0.05,,0
O003030-1,O003030,P035,1,41.88,25.54,0.05,,0
O003031-1,O003031,P031,1,8.72,4.67,0,,0
O003032-1,O003032,P036,2,35.45,21.49,0.15000000000000002,,0
O003032-2,O003032,P011,1,416.54,268.27,0.2,,0
O003032-3,O003032,P017,2,198.78,124.13,0.2,,0
O003032-4,O003032,P031,1,8.72,4.67,0.1,,0
O003033-1,O003033,P004,1,400.96,266.15,0,,0
O003034-1,O003034,P032,2,45.76,24.77,0.1,,0
O003034-2,O003034,P042,1,180.79,114.47,0.15,,0
O003034-3,O003034,P011,1,416.54,268.27,0,,0
O003034-4,O003034,P026,1,26.84,15.28,0.05,,0
O003035-1,O003035,P001,1,214.49,142.19,0,,0
O003036-1,O003036,P028,1,54.22,32.4,0.1,,0
O003037-1,O003037,P026,1,26.84,15.28,0,,0
O003037-2,O003037,P024,2,104.96,63.45,0.05,,0
O003037-3,O003037,P038,3,152.06,96.3,0.05,,0
O003038-1,O003038,P041,2,78.7,44.75,0.05,,0
O003038-2,O003038,P002,1,120.53,78.28,0,,0
O003038-3,O003038,P032,1,45.76,24.77,0,,0
O003039-1,O003039,P002,1,120.53,78.28,0,,0
O003040-1,O003040,P033,2,75.25,44.42,0.1,,0
O003040-2,O003040,P027,1,42.25,24.81,0.1,,0
O003040-3,O003040,P023,4,195.53,117.52,0.15,,0
O003041-1,O003041,P026,2,26.84,15.28,0.05,,0
O003041-2,O003041,P009,2,296.73,204.62,0,,0
O003042-1,O003042,P043,2,205.47,129.67,0,,0
O003043-1,O003043,P015,1,168.09,101.78,0.1,,0
O003043-2,O003043,P012,1,414.28,288.7,0,,0
O003044-1,O003044,P009,1,296.73,204.62,0.15000000000000002,,0
O003045-1,O003045,P031,3,8.72,4.67,0.05,,0
O003046-1,O003046,P026,2,26.84,15.28,0,,0
O003046-2,O003046,P044,1,134.21,77.33,0,,0
O003047-1,O003047,P035,1,41.88,25.54,0.05,,0
O003048-1,O003048,P010,2,60.45,40.54,0.05,,0
O003048-2,O003048,P014,4,100.54,57.99,0.05,,0
O003049-1,O003049,P004,1,400.96,266.15,0.05,,0
O003050-1,O003050,P031,2,8.72,4.67,0.15,,0
O003051-1,O003051,P004,1,400.96,266.15,0,,0
O003052-1,O003052,P016,4,630.9,390.58,0.15000000000000002,,0
O003053-1,O003053,P044,1,134.21,77.33,0.2,,0
O003053-2,O003053,P032,1,45.76,24.77,0,,0
O003053-3,O003053,P040,1,195.87,114.95,0.05,,0
O003054-1,O003054,P031,2,8.72,4.67,0,Not as described,0
O003054-2,O003054,P038,1,152.06,96.3,0,Arrived late,0
O003055-1,O003055,P036,1,35.45,21.49,0.1,,0
O003056-1,O003056,P046,1,180.61,102.64,0,,0
O003057-1,O003057,P008,1,253.51,162.28,0.05,,0
O003057-2,O003057,P006,1,244.45,154.75,0.1,,0
O003058-1,O003058,P007,2,85.33,56.95,0.05,,0
O003059-1,O003059,P037,1,81.55,51.15,0,,0
O003060-1,O003060,P047,5,142.37,88.8,0.15,,0
O003061-1,O003061,P009,1,296.73,204.62,0.2,,0
O003062-1,O003062,P036,1,35.45,21.49,0.1,,0
O003062-2,O003062,P039,2,49.57,31.45,0.1,,0
O003062-3,O003062,P018,1,294.41,187.22,0.2,,0
O003063-1,O003063,P046,1,180.61,102.64,0,Arrived late,0
O003064-1,O003064,P022,1,568.95,369.55,0.1,,0
O003064-2,O003064,P040,1,195.87,114.95,0.1,,0
O003065-1,O003065,P032,1,45.76,24.77,0,,0
O003065-2,O003065,P014,1,100.54,57.99,0.05,,0
O003065-3,O003065,P005,2,183.5,123.78,0,,0
O003066-1,O003066,P001,2,214.49,142.19,0,,0
O003066-2,O003066,P019,1,539.67,317.29,0,,0
O003067-1,O003067,P012,1,414.28,288.7,0,,0
O003067-2,O003067,P029,1,62.03,33.59,0,,0
O003068-1,O003068,P017,1,198.78,124.13,0,,0
O003068-2,O003068,P016,2,630.9,390.58,0.2,,0
O003068-3,O003068,P008,1,253.51,162.28,0.05,,0
O003069-1,O003069,P008,1,253.51,162.28,0.05,,0
O003069-2,O003069,P024,2,104.96,63.45,0.15000000000000002,,0
O003070-1,O003070,P003,3,139.72,94.93,0,,0
O003071-1,O003071,P044,1,134.21,77.33,0,,0
O003071-2,O003071,P027,1,42.25,24.81,0.2,,0
O003072-1,O003072,P028,4,54.22,32.4,0,,0
O003073-1,O003073,P046,2,180.61,102.64,0.1,,0
O003073-2,O003073,P047,1,142.37,88.8,0,,0
O003073-3,O003073,P043,2,205.47,129.67,0.05,,0
O003074-1,O003074,P011,1,416.54,268.27,0.2,,0
O003074-2,O003074,P005,2,183.5,123.78,0.05,,0
O003074-3,O003074,P021,3,221.99,142.61,0.05,,0
O003075-1,O003075,P021,1,221.99,142.61,0,,0
O003075-2,O003075,P044,2,134.21,77.33,0.05,,0
O003076-1,O003076,P001,1,214.49,142.19,0,,0
O003077-1,O003077,P028,4,54.22,32.4,0.2,,0
O003078-1,O003078,P022,3,568.95,369.55,0,,0
O003078-2,O003078,P005,2,183.5,123.78,0.05,,0
O003079-1,O003079,P029,2,62.03,33.59,0.1,,0
O003080-1,O003080,P013,1,418.01,238.98,0,,0
O003081-1,O003081,P041,1,78.7,44.75,0,,0
O003081-2,O003081,P033,1,75.25,44.42,0.15,,0
O003081-3,O003081,P024,1,104.96,63.45,0.05,,0
O003082-1,O003082,P023,1,195.53,117.52,0.15000000000000002,,0
O003082-2,O003082,P034,4,25.32,14.75,0.1,,0
O003083-1,O003083,P036,1,35.45,21.49,0.05,,0
O003083-2,O003083,P010,1,60.45,40.54,0.2,,0
O003084-1,O003084,P034,2,25.32,14.75,0.05,,1
O003085-1,O003085,P045,2,147.73,93.9,0,,0
O003085-2,O003085,P041,4,78.7,44.75,0,,0
O003085-3,O003085,P030,2,46.94,28.34,0,,0
O003085-4,O003085,P048,3,87.18,54.6,0,,0
O003086-1,O003086,P028,1,54.22,32.4,0.15000000000000002,,0
O003086-2,O003086,P040,1,195.87,114.95,0.05,,0
O003087-1,O003087,P016,2,630.9,390.58,0.1,,0
O003088-1,O003088,P028,4,54.22,32.4,0.15000000000000002,,0
O003089-1,O003089,P045,2,147.73,93.9,0.2,,0
O003090-1,O003090,P006,1,244.45,154.75,0,,0
O003091-1,O003091,P025,2,71.76,42.18,0.1,,0
O003092-1,O003092,P021,1,221.99,142.61,0,,0
O003093-1,O003093,P011,1,416.54,268.27,0.1,,0
O003093-2,O003093,P034,2,25.32,14.75,0.15000000000000002,,0
O003093-3,O003093,P022,5,568.95,369.55,0.2,,0
O003093-4,O003093,P042,1,180.79,114.47,0.1,,0
O003094-1,O003094,P028,1,54.22,32.4,0.05,,0
O003095-1,O003095,P048,1,87.18,54.6,0.05,,0
O003096-1,O003096,P022,1,568.95,369.55,0,,0
O003096-2,O003096,P032,4,45.76,24.77,0.1,,0
O003097-1,O003097,P006,4,244.45,154.75,0.1,,0
O003098-1,O003098,P009,1,296.73,204.62,0,Arrived late,0
O003098-2,O003098,P029,1,62.03,33.59,0.05,Changed mind,0
O003099-1,O003099,P019,1,539.67,317.29,0.05,,0
O003099-2,O003099,P004,1,400.96,266.15,0.2,,0
O003100-1,O003100,P045,1,147.73,93.9,0.15000000000000002,,0
O003100-2,O003100,P047,1,142.37,88.8,0.2,,0
O003100-3,O003100,P001,1,214.49,142.19,0.2,,0
O003101-1,O003101,P011,2,416.54,268.27,0.05,,0
O003102-1,O003102,P019,4,539.67,317.29,0.15000000000000002,,0
O003102-2,O003102,P037,4,81.55,51.15,0.15000000000000002,,0
O003103-1,O003103,P027,1,42.25,24.81,0.15,,0
O003103-2,O003103,P003,1,139.72,94.93,0,,0
O003103-3,O003103,P035,1,41.88,25.54,0.15,,0
O003103-4,O003103,P048,3,87.18,54.6,0.15,,0
O003104-1,O003104,P032,2,45.76,24.77,0,,0
O003105-1,O003105,P030,1,46.94,28.34,0,,0
O003106-1,O003106,P004,2,400.96,266.15,0.1,,0
O003106-2,O003106,P022,2,568.95,369.55,0,,0
O003107-1,O003107,P005,1,183.5,123.78,0.05,,0
O003107-2,O003107,P022,3,568.95,369.55,0.05,,0
O003107-3,O003107,P046,3,180.61,102.64,0.1,,0
O003108-1,O003108,P018,1,294.41,187.22,0.05,,0
O003108-2,O003108,P013,1,418.01,238.98,0.05,,0
O003109-1,O003109,P039,2,49.57,31.45,0,,0
O003110-1,O003110,P016,1,630.9,390.58,0,,0
O003111-1,O003111,P033,1,75.25,44.42,0,,0
O003112-1,O003112,P039,2,49.57,31.45,0.1,,0
O003113-1,O003113,P007,1,85.33,56.95,0.05,,0
O003114-1,O003114,P021,1,221.99,142.61,0.2,,0
O003115-1,O003115,P007,3,85.33,56.95,0.15,,0
O003116-1,O003116,P001,1,214.49,142.19,0,,0
O003116-2,O003116,P027,3,42.25,24.81,0.15,,0
O003116-3,O003116,P045,1,147.73,93.9,0.1,,0
O003117-1,O003117,P011,1,416.54,268.27,0.2,,0
O003117-2,O003117,P037,3,81.55,51.15,0.1,,0
O003117-3,O003117,P034,1,25.32,14.75,0.1,,0
O003118-1,O003118,P010,2,60.45,40.54,0,,0
O003118-2,O003118,P025,1,71.76,42.18,0,,0
O003119-1,O003119,P012,1,414.28,288.7,0.05,,0
O003120-1,O003120,P008,2,253.51,162.28,0.1,,0
O003121-1,O003121,P002,1,120.53,78.28,0,,1
O003122-1,O003122,P045,3,147.73,93.9,0.05,,0
O003122-2,O003122,P038,2,152.06,96.3,0,,0
O003122-3,O003122,P020,1,151.49,90.09,0.15,,0
O003123-1,O003123,P039,1,49.57,31.45,0.15,,0
O003124-1,O003124,P031,1,8.72,4.67,0.15000000000000002,,0
O003125-1,O003125,P004,1,400.96,266.15,0.2,,0
O003125-2,O003125,P003,3,139.72,94.93,0.05,,0
O003126-1,O003126,P011,1,416.54,268.27,0.15000000000000002,,0
O003126-2,O003126,P024,2,104.96,63.45,0.1,,0
O003126-3,O003126,P042,1,180.79,114.47,0.05,,0
O003127-1,O003127,P002,2,120.53,78.28,0.05,,0
O003127-2,O003127,P021,1,221.99,142.61,0.15000000000000002,,0
O003128-1,O003128,P046,1,180.61,102.64,0.2,,0
O003129-1,O003129,P008,1,253.51,162.28,0.05,,0
O003130-1,O003130,P026,3,26.84,15.28,0.15,,0
O003131-1,O003131,P042,3,180.79,114.47,0.2,,0
O003131-2,O003131,P040,4,195.87,114.95,0.2,,0
O003132-1,O003132,P026,1,26.84,15.28,0.15000000000000002,,0
O003133-1,O003133,P047,3,142.37,88.8,0,,0
O003133-2,O003133,P003,1,139.72,94.93,0.15,,0
O003133-3,O003133,P030,1,46.94,28.34,0.1,,0
O003134-1,O003134,P027,1,42.25,24.81,0,,0
O003134-2,O003134,P033,1,75.25,44.42,0.05,,0
O003135-1,O003135,P031,1,8.72,4.67,0.05,,0
O003136-1,O003136,P004,2,400.96,266.15,0.1,,0
O003137-1,O003137,P024,1,104.96,63.45,0.05,,0
O003137-2,O003137,P015,1,168.09,101.78,0.15,,0
O003137-3,O003137,P033,2,75.25,44.42,0,,0
O003138-1,O003138,P044,4,134.21,77.33,0.05,,0
O003138-2,O003138,P035,1,41.88,25.54,0.1,,0
O003139-1,O003139,P045,1,147.73,93.9,0.1,,0
O003140-1,O003140,P048,2,87.18,54.6,0.05,,0
O003141-1,O003141,P021,4,221.99,142.61,0.15000000000000002,,0
O003141-2,O003141,P037,2,81.55,51.15,0.2,,0
O003141-3,O003141,P030,1,46.94,28.34,0.05,,0
O003141-4,O003141,P002,3,120.53,78.28,0.05,,0
O003142-1,O003142,P029,2,62.03,33.59,0,,0
O003143-1,O003143,P009,1,296.73,204.62,0.05,,0
O003143-2,O003143,P028,1,54.22,32.4,0,,0
O003143-3,O003143,P045,3,147.73,93.9,0,,0
O003143-4,O003143,P023,3,195.53,117.52,0.15,,0
O003144-1,O003144,P030,4,46.94,28.34,0.1,,0
O003145-1,O003145,P012,3,414.28,288.7,0.1,,0
O003145-2,O003145,P023,3,195.53,117.52,0.2,,0
O003145-3,O003145,P004,2,400.96,266.15,0.2,,0
O003146-1,O003146,P019,1,539.67,317.29,0,,0
O003146-2,O003146,P038,1,152.06,96.3,0.15,,0
O003146-3,O003146,P025,1,71.76,42.18,0.15,,0
O003146-4,O003146,P047,1,142.37,88.8,0,,0
O003147-1,O003147,P012,3,414.28,288.7,0,,0
O003147-2,O003147,P029,3,62.03,33.59,0.2,,0
O003148-1,O003148,P037,3,81.55,51.15,0.2,,0
O003148-2,O003148,P046,3,180.61,102.64,0.05,,0
O003148-3,O003148,P032,2,45.76,24.77,0.2,,0
O003149-1,O003149,P029,1,62.03,33.59,0.1,,0
O003149-2,O003149,P001,3,214.49,142.19,0.05,,0
O003150-1,O003150,P031,1,8.72,4.67,0.05,,0
O003151-1,O003151,P028,1,54.22,32.4,0,,0
O003152-1,O003152,P019,1,539.67,317.29,0.15,,0
O003153-1,O003153,P013,2,418.01,238.98,0.05,Wrong item,0
O003153-2,O003153,P017,2,198.78,124.13,0.05,Damaged,0
O003154-1,O003154,P040,1,195.87,114.95,0,,0
O003154-2,O003154,P019,1,539.67,317.29,0,,0
O003155-1,O003155,P031,2,8.72,4.67,0.05,,0
O003156-1,O003156,P032,2,45.76,24.77,0,,0
O003156-2,O003156,P016,1,630.9,390.58,0,,0
O003156-3,O003156,P025,2,71.76,42.18,0.05,,0
O003156-4,O003156,P018,2,294.41,187.22,0.05,,0
O003157-1,O003157,P013,1,418.01,238.98,0,,0
O003157-2,O003157,P022,2,568.95,369.55,0,,0
O003158-1,O003158,P029,2,62.03,33.59,0.1,,0
O003159-1,O003159,P003,1,139.72,94.93,0,,0
O003160-1,O003160,P015,2,168.09,101.78,0.05,,0
O003160-2,O003160,P014,1,100.54,57.99,0.2,,0
O003161-1,O003161,P008,1,253.51,162.28,0.15,,0
O003161-2,O003161,P007,2,85.33,56.95,0.1,,0
O003161-3,O003161,P037,3,81.55,51.15,0.05,,0
O003161-4,O003161,P046,2,180.61,102.64,0.1,,0
O003162-1,O003162,P030,1,46.94,28.34,0.05,,0
O003162-2,O003162,P034,1,25.32,14.75,0.1,,0
O003162-3,O003162,P017,2,198.78,124.13,0,,0
O003162-4,O003162,P048,2,87.18,54.6,0,,0
O003163-1,O003163,P027,1,42.25,24.81,0,,0
O003163-2,O003163,P029,1,62.03,33.59,0.15,,0
O003163-3,O003163,P043,1,205.47,129.67,0,,0
O003163-4,O003163,P023,2,195.53,117.52,0,,0
O003164-1,O003164,P040,1,195.87,114.95,0.1,,0
O003164-2,O003164,P046,1,180.61,102.64,0.15,,0
O003165-1,O003165,P037,3,81.55,51.15,0,,0
O003166-1,O003166,P011,1,416.54,268.27,0.05,,0
O003166-2,O003166,P003,2,139.72,94.93,0.2,,0
O003167-1,O003167,P018,1,294.41,187.22,0,,0
O003167-2,O003167,P001,2,214.49,142.19,0.05,,0
O003167-3,O003167,P014,1,100.54,57.99,0,,0
O003168-1,O003168,P032,2,45.76,24.77,0.15000000000000002,,0
O003168-2,O003168,P034,2,25.32,14.75,0.1,,0
O003168-3,O003168,P021,1,221.99,142.61,0.1,,0
O003169-1,O003169,P027,3,42.25,24.81,0.15000000000000002,,0
O003170-1,O003170,P042,3,180.79,114.47,0,,0
O003170-2,O003170,P036,1,35.45,21.49,0.1,,0
O003170-3,O003170,P016,2,630.9,390.58,0,,0
O003170-4,O003170,P013,1,418.01,238.98,0,,0
O003171-1,O003171,P011,1,416.54,268.27,0.2,,1
O003171-2,O003171,P039,2,49.57,31.45,0.05,,0
O003172-1,O003172,P013,1,418.01,238.98,0,,0
O003172-2,O003172,P012,2,414.28,288.7,0.15,,0
O003172-3,O003172,P025,1,71.76,42.18,0,,0
O003172-4,O003172,P006,3,244.45,154.75,0.1,,0
O003173-1,O003173,P010,1,60.45,40.54,0,,0
O003174-1,O003174,P006,3,244.45,154.75,0.05,Changed mind,0
O003175-1,O003175,P015,1,168.09,101.78,0.05,,0
O003175-2,O003175,P039,2,49.57,31.45,0.2,,0
O003176-1,O003176,P001,1,214.49,142.19,0.1,,0
O003177-1,O003177,P027,1,42.25,24.81,0.15000000000000002,,0
O003177-2,O003177,P037,1,81.55,51.15,0.05,,0
O003178-1,O003178,P014,4,100.54,57.99,0.15,,0
O003179-1,O003179,P024,3,104.96,63.45,0.05,,0
O003179-2,O003179,P006,5,244.45,154.75,0.15,,0
O003180-1,O003180,P027,1,42.25,24.81,0,,0
O003181-1,O003181,P037,2,81.55,51.15,0.15,,0
O003182-1,O003182,P017,1,198.78,124.13,0,,0
O003183-1,O003183,P012,1,414.28,288.7,0.05,,0
O003183-2,O003183,P029,1,62.03,33.59,0.15,,0
O003183-3,O003183,P046,3,180.61,102.64,0.2,,0
O003184-1,O003184,P042,1,180.79,114.47,0.15,,1
O003185-1,O003185,P001,1,214.49,142.19,0.1,,0
O003185-2,O003185,P012,1,414.28,288.7,0.15000000000000002,,0
O003185-3,O003185,P032,5,45.76,24.77,0.05,,0
O003186-1,O003186,P007,1,85.33,56.95,0.1,,0
O003186-2,O003186,P002,1,120.53,78.28,0,,0
O003187-1,O003187,P009,1,296.73,204.62,0.05,,0
O003187-2,O003187,P030,1,46.94,28.34,0.1,,0
O003187-3,O003187,P011,2,416.54,268.27,0.1,,0
O003188-1,O003188,P034,1,25.32,14.75,0,Not as described,0
O003188-2,O003188,P011,2,416.54,268.27,0.1,Wrong item,0
O003189-1,O003189,P025,3,71.76,42.18,0,,0
O003190-1,O003190,P045,1,147.73,93.9,0.1,,0
O003190-2,O003190,P004,1,400.96,266.15,0.05,,0
O003191-1,O003191,P005,1,183.5,123.78,0.15000000000000002,,0
O003192-1,O003192,P010,3,60.45,40.54,0.05,,0
O003192-2,O003192,P012,2,414.28,288.7,0.15,,0
O003192-3,O003192,P003,1,139.72,94.93,0.05,,0
O003193-1,O003193,P030,2,46.94,28.34,0.2,,0
O003194-1,O003194,P034,2,25.32,14.75,0.1,,0
O003194-2,O003194,P047,3,142.37,88.8,0.05,,0
O003195-1,O003195,P038,1,152.06,96.3,0.15,,0
O003195-2,O003195,P017,2,198.78,124.13,0,,0
O003196-1,O003196,P030,2,46.94,28.34,0.1,,0
O003196-2,O003196,P042,1,180.79,114.47,0.1,,0
O003196-3,O003196,P040,1,195.87,114.95,0.1,,0
O003197-1,O003197,P031,1,8.72,4.67,0,,1
O003198-1,O003198,P003,1,139.72,94.93,0.15,,0
O003199-1,O003199,P017,1,198.78,124.13,0.2,,0
O003200-1,O003200,P006,3,244.45,154.75,0,,0
O003200-2,O003200,P022,2,568.95,369.55,0.1,,0
O003201-1,O003201,P046,1,180.61,102.64,0.05,,0
O003202-1,O003202,P046,2,180.61,102.64,0.2,,0
O003203-1,O003203,P012,1,414.28,288.7,0.1,,0
O003203-2,O003203,P039,2,49.57,31.45,0.05,,0
O003204-1,O003204,P004,4,400.96,266.15,0.15,,0
O003205-1,O003205,P019,2,539.67,317.29,0.05,,0
O003205-2,O003205,P008,1,253.51,162.28,0,,0
O003206-1,O003206,P043,1,205.47,129.67,0.05,,0
O003206-2,O003206,P033,1,75.25,44.42,0.15000000000000002,,0
O003207-1,O003207,P043,1,205.47,129.67,0.15,,0
O003208-1,O003208,P009,1,296.73,204.62,0.15000000000000002,,0
O003208-2,O003208,P044,3,134.21,77.33,0.05,,0
O003208-3,O003208,P033,1,75.25,44.42,0.1,,0
O003209-1,O003209,P005,1,183.5,123.78,0,,0
O003209-2,O003209,P025,2,71.76,42.18,0.05,,0
O003210-1,O003210,P016,2,630.9,390.58,0.05,,0
O003210-2,O003210,P021,1,221.99,142.61,0.1,,0
O003210-3,O003210,P029,1,62.03,33.59,0.15000000000000002,,0
O003210-4,O003210,P026,4,26.84,15.28,0.05,,0
O003211-1,O003211,P024,2,104.96,63.45,0.05,,0
O003212-1,O003212,P022,2,568.95,369.55,0,Damaged,0
O003213-1,O003213,P033,2,75.25,44.42,0.2,,0
O003214-1,O003214,P034,1,25.32,14.75,0.05,,0
O003214-2,O003214,P039,2,49.57,31.45,0.05,,0
O003215-1,O003215,P047,1,142.37,88.8,0.05,,0
O003216-1,O003216,P010,4,60.45,40.54,0.05,,0
O003216-2,O003216,P026,2,26.84,15.28,0.1,,0
O003216-3,O003216,P037,1,81.55,51.15,0.05,,0
O003216-4,O003216,P020,4,151.49,90.09,0.05,,0
O003217-1,O003217,P034,2,25.32,14.75,0,,0
O003217-2,O003217,P036,1,35.45,21.49,0.1,,0
O003217-3,O003217,P009,1,296.73,204.62,0.15,,0
O003218-1,O003218,P014,1,100.54,57.99,0,Arrived late,0
O003219-1,O003219,P017,1,198.78,124.13,0.05,,0
O003220-1,O003220,P047,1,142.37,88.8,0.15,,0
O003220-2,O003220,P036,2,35.45,21.49,0.1,,0
O003221-1,O003221,P006,2,244.45,154.75,0,,0
O003222-1,O003222,P006,1,244.45,154.75,0.05,,0
O003223-1,O003223,P037,2,81.55,51.15,0.05,Changed mind,0
O003223-2,O003223,P022,2,568.95,369.55,0.05,Damaged,0
O003224-1,O003224,P019,2,539.67,317.29,0,,0
O003225-1,O003225,P026,2,26.84,15.28,0.05,,0
O003225-2,O003225,P021,1,221.99,142.61,0.05,,0
O003225-3,O003225,P005,4,183.5,123.78,0.15000000000000002,,0
O003225-4,O003225,P034,1,25.32,14.75,0.05,,0
O003226-1,O003226,P007,1,85.33,56.95,0.05,,0
O003226-2,O003226,P011,1,416.54,268.27,0,,0
O003227-1,O003227,P035,2,41.88,25.54,0,,0
O003228-1,O003228,P031,2,8.72,4.67,0.1,,0
O003228-2,O003228,P037,1,81.55,51.15,0.05,,0
O003228-3,O003228,P012,1,414.28,288.7,0,,0
O003229-1,O003229,P031,2,8.72,4.67,0.15,,0
O003229-2,O003229,P015,1,168.09,101.78,0,,0
O003229-3,O003229,P026,1,26.84,15.28,0,,0
O003230-1,O003230,P020,1,151.49,90.09,0,,0
O003230-2,O003230,P028,2,54.22,32.4,0,,0
O003231-1,O003231,P048,5,87.18,54.6,0.1,,0
O003231-2,O003231,P038,2,152.06,96.3,0.05,,0
O003231-3,O003231,P034,3,25.32,14.75,0.15000000000000002,,0
O003231-4,O003231,P015,4,168.09,101.78,0.05,,0
O003232-1,O003232,P017,1,198.78,124.13,0,,0
O003233-1,O003233,P031,4,8.72,4.67,0.15000000000000002,,0
O003233-2,O003233,P041,3,78.7,44.75,0.2,,0
O003234-1,O003234,P023,1,195.53,117.52,0,,0
O003234-2,O003234,P048,1,87.18,54.6,0.1,,0
O003234-3,O003234,P035,1,41.88,25.54,0,,0
O003235-1,O003235,P006,2,244.45,154.75,0,,0
O003235-2,O003235,P047,2,142.37,88.8,0.1,,0
O003236-1,O003236,P021,1,221.99,142.61,0.15,Wrong item,0
O003236-2,O003236,P026,1,26.84,15.28,0.05,Damaged,0
O003237-1,O003237,P002,1,120.53,78.28,0.05,,0
O003237-2,O003237,P035,1,41.88,25.54,0.15,,0
O003237-3,O003237,P037,2,81.55,51.15,0,,0
O003238-1,O003238,P013,1,418.01,238.98,0,,0
O003239-1,O003239,P035,1,41.88,25.54,0.15,,0
O003239-2,O003239,P018,2,294.41,187.22,0,,0
O003239-3,O003239,P013,2,418.01,238.98,0.05,,0
O003240-1,O003240,P035,1,41.88,25.54,0.1,,0
O003241-1,O003241,P036,2,35.45,21.49,0,,0
O003242-1,O003242,P033,1,75.25,44.42,0.15000000000000002,,0
O003242-2,O003242,P029,1,62.03,33.59,0.05,,0
O003243-1,O003243,P031,2,8.72,4.67,0.1,,0
O003244-1,O003244,P005,1,183.5,123.78,0.05,Changed mind,0
O003244-2,O003244,P037,2,81.55,51.15,0.05,Changed mind,0
O003244-3,O003244,P036,2,35.45,21.49,0.2,Damaged,0
O003245-1,O003245,P004,1,400.96,266.15,0,,0
O003245-2,O003245,P037,3,81.55,51.15,0.1,,0
O003246-1,O003246,P021,2,221.99,142.61,0.1,,0
O003247-1,O003247,P041,1,78.7,44.75,0.05,,0
O003247-2,O003247,P011,5,416.54,268.27,0.1,,0
O003248-1,O003248,P029,1,62.03,33.59,0,,0
O003249-1,O003249,P033,2,75.25,44.42,0.15000000000000002,,0
O003250-1,O003250,P013,1,418.01,238.98,0.15,,0
O003251-1,O003251,P014,2,100.54,57.99,0.05,,0
O003252-1,O003252,P035,4,41.88,25.54,0,,0
O003252-2,O003252,P036,1,35.45,21.49,0.1,,0
O003253-1,O003253,P021,1,221.99,142.61,0.05,,0
O003253-2,O003253,P016,1,630.9,390.58,0,,0
O003254-1,O003254,P006,2,244.45,154.75,0,,0
O003254-2,O003254,P034,1,25.32,14.75,0.05,,0
O003254-3,O003254,P015,1,168.09,101.78,0,,0
O003255-1,O003255,P028,3,54.22,32.4,0.15000000000000002,,0
O003255-2,O003255,P021,1,221.99,142.61,0.2,,0
O003255-3,O003255,P022,4,568.95,369.55,0.2,,0
O003255-4,O003255,P041,3,78.7,44.75,0.15000000000000002,,0
O003256-1,O003256,P040,1,195.87,114.95,0.1,,0
O003256-2,O003256,P044,4,134.21,77.33,0,,0
O003256-3,O003256,P007,4,85.33,56.95,0,,0
O003256-4,O003256,P026,1,26.84,15.28,0.05,,0
O003257-1,O003257,P045,1,147.73,93.9,0.15,,0
O003257-2,O003257,P009,1,296.73,204.62,0,,0
O003258-1,O003258,P042,3,180.79,114.47,0,,0
O003258-2,O003258,P009,1,296.73,204.62,0.05,,0
O003258-3,O003258,P033,1,75.25,44.42,0,,0
O003258-4,O003258,P043,3,205.47,129.67,0.1,,0
O003259-1,O003259,P022,1,568.95,369.55,0,,0
O003259-2,O003259,P005,2,183.5,123.78,0,,0
O003260-1,O003260,P007,1,85.33,56.95,0,,0
O003261-1,O003261,P042,1,180.79,114.47,0.05,,0
O003261-2,O003261,P004,3,400.96,266.15,0.1,,0
O003261-3,O003261,P035,4,41.88,25.54,0.1,,0
O003261-4,O003261,P031,2,8.72,4.67,0.1,,0
O003262-1,O003262,P024,2,104.96,63.45,0.1,,0
O003263-1,O003263,P023,3,195.53,117.52,0.1,,0
O003263-2,O003263,P003,1,139.72,94.93,0,,0
O003263-3,O003263,P020,1,151.49,90.09,0,,0
O003264-1,O003264,P025,3,71.76,42.18,0.05,,0
O003265-1,O003265,P012,1,414.28,288.7,0,,0
O003265-2,O003265,P032,2,45.76,24.77,0.1,,0
O003265-3,O003265,P045,1,147.73,93.9,0,,0
O003266-1,O003266,P040,2,195.87,114.95,0.05,Changed mind,0
O003266-2,O003266,P026,2,26.84,15.28,0.1,Changed mind,0
O003267-1,O003267,P032,1,45.76,24.77,0.1,,0
O003267-2,O003267,P040,1,195.87,114.95,0.05,,0
O003267-3,O003267,P011,2,416.54,268.27,0,,0
O003268-1,O003268,P027,4,42.25,24.81,0,,0
O003268-2,O003268,P030,1,46.94,28.34,0.05,,0
O003268-3,O003268,P037,3,81.55,51.15,0.1,,0
O003268-4,O003268,P043,2,205.47,129.67,0,,0
O003269-1,O003269,P002,5,120.53,78.28,0.05,,0
O003269-2,O003269,P045,1,147.73,93.9,0,,0
O003270-1,O003270,P039,4,49.57,31.45,0.05,,0
O003270-2,O003270,P035,1,41.88,25.54,0.05,,1
O003270-3,O003270,P038,2,152.06,96.3,0.05,,0
O003271-1,O003271,P033,1,75.25,44.42,0.15000000000000002,,0
O003271-2,O003271,P023,2,195.53,117.52,0.2,,0
O003272-1,O003272,P014,2,100.54,57.99,0.05,,0
O003273-1,O003273,P009,1,296.73,204.62,0,,0
O003274-1,O003274,P045,2,147.73,93.9,0.15,,0
O003275-1,O003275,P004,1,400.96,266.15,0,,0
O003275-2,O003275,P014,1,100.54,57.99,0,,0
O003275-3,O003275,P027,1,42.25,24.81,0,,0
O003275-4,O003275,P001,1,214.49,142.19,0.05,,0
O003276-1,O003276,P007,1,85.33,56.95,0.05,,0
O003277-1,O003277,P018,1,294.41,187.22,0.15,,0
O003278-1,O003278,P015,1,168.09,101.78,0.05,,0
O003278-2,O003278,P047,1,142.37,88.8,0.05,,0
O003279-1,O003279,P002,5,120.53,78.28,0.05,,0
O003279-2,O003279,P045,3,147.73,93.9,0.05,,0
O003279-3,O003279,P035,1,41.88,25.54,0.2,,0
O003280-1,O003280,P013,2,418.01,238.98,0.05,,0
O003280-2,O003280,P030,1,46.94,28.34,0.1,,0
O003281-1,O003281,P005,1,183.5,123.78,0.2,,0
O003282-1,O003282,P026,1,26.84,15.28,0.2,,0
O003282-2,O003282,P034,5,25.32,14.75,0.05,,0
O003282-3,O003282,P047,1,142.37,88.8,0.05,,0
O003283-1,O003283,P048,2,87.18,54.6,0.1,,0
O003284-1,O003284,P046,4,180.61,102.64,0.05,,0
O003285-1,O003285,P014,1,100.54,57.99,0,,0
O003285-2,O003285,P033,1,75.25,44.42,0,,0
O003286-1,O003286,P003,1,139.72,94.93,0.05,,0
O003287-1,O003287,P017,2,198.78,124.13,0.1,,0
O003288-1,O003288,P024,2,104.96,63.45,0,,0
O003288-2,O003288,P003,1,139.72,94.93,0.15,,0
O003289-1,O003289,P009,1,296.73,204.62,0.05,,0
O003289-2,O003289,P025,1,71.76,42.18,0.05,,0
O003289-3,O003289,P032,1,45.76,24.77,0,,0
O003290-1,O003290,P015,1,168.09,101.78,0.15000000000000002,,0
O003290-2,O003290,P036,4,35.45,21.49,0.1,,0
O003290-3,O003290,P004,2,400.96,266.15,0.2,,1
O003290-4,O003290,P037,1,81.55,51.15,0.15000000000000002,,0
O003291-1,O003291,P014,1,100.54,57.99,0.15,,0
O003291-2,O003291,P009,1,296.73,204.62,0.1,,0
O003292-1,O003292,P047,1,142.37,88.8,0,,0
O003292-2,O003292,P022,2,568.95,369.55,0.05,,0
O003292-3,O003292,P033,1,75.25,44.42,0.05,,0
O003293-1,O003293,P043,2,205.47,129.67,0.1,,0
O003293-2,O003293,P040,1,195.87,114.95,0.1,,0
O003294-1,O003294,P027,2,42.25,24.81,0.2,,0
O003295-1,O003295,P026,2,26.84,15.28,0.15,,0
O003295-2,O003295,P032,2,45.76,24.77,0.05,,0
O003296-1,O003296,P019,1,539.67,317.29,0.15,,0
O003296-2,O003296,P004,2,400.96,266.15,0.1,,0
O003297-1,O003297,P043,1,205.47,129.67,0.1,,0
O003297-2,O003297,P039,1,49.57,31.45,0.1,,1
O003298-1,O003298,P029,1,62.03,33.59,0,,0
O003298-2,O003298,P002,2,120.53,78.28,0.05,,0
O003299-1,O003299,P041,2,78.7,44.75,0.15,,0
O003299-2,O003299,P020,3,151.49,90.09,0.15,,0
O003300-1,O003300,P031,3,8.72,4.67,0.15,,0
O003301-1,O003301,P020,2,151.49,90.09,0.1,,0
O003302-1,O003302,P047,4,142.37,88.8,0,,0
O003302-2,O003302,P027,1,42.25,24.81,0.05,,0
O003302-3,O003302,P013,1,418.01,238.98,0,,0
O003303-1,O003303,P017,1,198.78,124.13,0,,0
O003304-1,O003304,P040,1,195.87,114.95,0,,0
O003305-1,O003305,P020,1,151.49,90.09,0.15,,0
O003306-1,O003306,P035,1,41.88,25.54,0,,0
O003307-1,O003307,P026,1,26.84,15.28,0.15,,0
O003307-2,O003307,P037,1,81.55,51.15,0.1,,1
O003308-1,O003308,P036,2,35.45,21.49,0,,0
O003308-2,O003308,P008,5,253.51,162.28,0,,0
O003309-1,O003309,P017,1,198.78,124.13,0,Wrong item,0
O003310-1,O003310,P046,2,180.61,102.64,0,,0
O003311-1,O003311,P006,2,244.45,154.75,0,,0
O003312-1,O003312,P039,1,49.57,31.45,0,,0
O003312-2,O003312,P004,1,400.96,266.15,0,,0
O003312-3,O003312,P025,3,71.76,42.18,0.05,,0
O003313-1,O003313,P041,4,78.7,44.75,0.2,,0
O003313-2,O003313,P025,1,71.76,42.18,0.1,,0
O003314-1,O003314,P011,1,416.54,268.27,0,Not as described,0
O003315-1,O003315,P030,1,46.94,28.34,0.15000000000000002,,0
O003315-2,O003315,P014,1,100.54,57.99,0.05,,0
O003316-1,O003316,P036,3,35.45,21.49,0.2,Not as described,0
O003316-2,O003316,P029,3,62.03,33.59,0.1,Not as described,0
O003316-3,O003316,P013,1,418.01,238.98,0.1,Changed mind,0
O003317-1,O003317,P007,1,85.33,56.95,0,,0
O003317-2,O003317,P034,3,25.32,14.75,0.05,,0
O003317-3,O003317,P024,1,104.96,63.45,0.1,,0
O003317-4,O003317,P025,1,71.76,42.18,0,,0
O003318-1,O003318,P019,2,539.67,317.29,0.05,,0
O003319-1,O003319,P029,3,62.03,33.59,0.05,,0
O003319-2,O003319,P032,2,45.76,24.77,0.1,,0
O003319-3,O003319,P038,1,152.06,96.3,0,,0
O003319-4,O003319,P043,1,205.47,129.67,0,,0
O003320-1,O003320,P019,2,539.67,317.29,0.1,,0
O003321-1,O003321,P022,1,568.95,369.55,0.05,,0
O003321-2,O003321,P026,1,26.84,15.28,0.05,,0
O003322-1,O003322,P032,1,45.76,24.77,0.05,,0
O003322-2,O003322,P042,2,180.79,114.47,0,,0
O003323-1,O003323,P035,3,41.88,25.54,0.05,,1
O003324-1,O003324,P021,2,221.99,142.61,0.15,,0
O003325-1,O003325,P006,3,244.45,154.75,0,,0
O003326-1,O003326,P021,1,221.99,142.61,0.05,,0
O003327-1,O003327,P039,1,49.57,31.45,0.1,,0
O003328-1,O003328,P039,5,49.57,31.45,0.1,Not as described,0
O003329-1,O003329,P034,2,25.32,14.75,0.15,,0
O003329-2,O003329,P036,1,35.45,21.49,0,,0
O003330-1,O003330,P042,2,180.79,114.47,0.05,,0
O003330-2,O003330,P045,1,147.73,93.9,0.05,,0
O003331-1,O003331,P007,2,85.33,56.95,0.2,,0
O003331-2,O003331,P013,2,418.01,238.98,0.1,,0
O003332-1,O003332,P033,1,75.25,44.42,0,,0
O003332-2,O003332,P018,1,294.41,187.22,0,,0
O003333-1,O003333,P027,1,42.25,24.81,0.1,,0
O003333-2,O003333,P048,1,87.18,54.6,0,,0
O003334-1,O003334,P039,2,49.57,31.45,0.15,,0
O003334-2,O003334,P033,1,75.25,44.42,0,,0
O003334-3,O003334,P012,1,414.28,288.7,0,,0
O003335-1,O003335,P015,1,168.09,101.78,0.05,,0
O003336-1,O003336,P005,1,183.5,123.78,0.2,,0
O003336-2,O003336,P006,1,244.45,154.75,0,,0
O003336-3,O003336,P027,1,42.25,24.81,0.15,,0
O003337-1,O003337,P003,2,139.72,94.93,0.1,,0
O003337-2,O003337,P031,2,8.72,4.67,0.1,,0
O003337-3,O003337,P042,1,180.79,114.47,0,,0
O003338-1,O003338,P039,1,49.57,31.45,0,,0
O003338-2,O003338,P043,1,205.47,129.67,0.05,,0
O003338-3,O003338,P026,1,26.84,15.28,0,,0
O003339-1,O003339,P035,1,41.88,25.54,0.15,,0
O003339-2,O003339,P029,3,62.03,33.59,0.2,,0
O003339-3,O003339,P019,2,539.67,317.29,0.05,,1
O003340-1,O003340,P039,1,49.57,31.45,0.2,,0
O003341-1,O003341,P032,1,45.76,24.77,0,,0
O003342-1,O003342,P009,1,296.73,204.62,0.15000000000000002,,0
O003342-2,O003342,P014,1,100.54,57.99,0.15000000000000002,,0
O003342-3,O003342,P013,1,418.01,238.98,0.05,,0
O003343-1,O003343,P035,1,41.88,25.54,0.1,,0
O003343-2,O003343,P008,4,253.51,162.28,0.05,,0
O003344-1,O003344,P030,3,46.94,28.34,0.1,,0
O003345-1,O003345,P019,2,539.67,317.29,0.2,,0
O003346-1,O003346,P033,1,75.25,44.42,0,,0
O003346-2,O003346,P048,1,87.18,54.6,0,,0
O003347-1,O003347,P039,3,49.57,31.45,0,,0
O003348-1,O003348,P040,3,195.87,114.95,0.05,,0
O003348-2,O003348,P025,1,71.76,42.18,0.1,,0
O003348-3,O003348,P013,1,418.01,238.98,0.05,,0
O003348-4,O003348,P019,1,539.67,317.29,0.05,,0
O003349-1,O003349,P035,1,41.88,25.54,0.15,,0
O003349-2,O003349,P011,1,416.54,268.27,0,,0
O003350-1,O003350,P004,2,400.96,266.15,0.1,,1
O003351-1,O003351,P002,4,120.53,78.28,0.1,,0
O003351-2,O003351,P003,2,139.72,94.93,0.05,,0
O003351-3,O003351,P034,1,25.32,14.75,0.05,,0
O003352-1,O003352,P001,4,214.49,142.19,0.05,Not as described,0
O003352-2,O003352,P041,1,78.7,44.75,0.2,Damaged,0
O003353-1,O003353,P039,2,49.57,31.45,0,,0
O003354-1,O003354,P044,1,134.21,77.33,0.2,,0
O003355-1,O003355,P008,2,253.51,162.28,0.1,,0
O003356-1,O003356,P001,1,214.49,142.19,0.1,,0
O003357-1,O003357,P035,1,41.88,25.54,0,,0
O003358-1,O003358,P014,1,100.54,57.99,0.05,,0
O003358-2,O003358,P047,2,142.37,88.8,0.1,,0
O003359-1,O003359,P013,3,418.01,238.98,0.2,,0
O003359-2,O003359,P046,2,180.61,102.64,0.1,,0
O003360-1,O003360,P016,1,630.9,390.58,0,,0
O003360-2,O003360,P025,3,71.76,42.18,0.1,,0
O003361-1,O003361,P045,1,147.73,93.9,0,,0
O003361-2,O003361,P031,3,8.72,4.67,0.15,,0
O003362-1,O003362,P014,1,100.54,57.99,0.05,,0
O003362-2,O003362,P025,1,71.76,42.18,0,,0
O003362-3,O003362,P029,1,62.03,33.59,0.15,,0
O003363-1,O003363,P035,2,41.88,25.54,0,,0
O003364-1,O003364,P023,3,195.53,117.52,0.05,,0
O003365-1,O003365,P031,2,8.72,4.67,0,,0
O003366-1,O003366,P047,2,142.37,88.8,0.05,,0
O003366-2,O003366,P031,3,8.72,4.67,0.15000000000000002,,0
O003366-3,O003366,P028,3,54.22,32.4,0.15000000000000002,,0
O003367-1,O003367,P023,1,195.53,117.52,0.15000000000000002,,0
O003368-1,O003368,P031,1,8.72,4.67,0.05,Damaged,0
O003368-2,O003368,P047,1,142.37,88.8,0,Not as described,0
O003368-3,O003368,P003,5,139.72,94.93,0.05,Wrong item,0
O003368-4,O003368,P004,1,400.96,266.15,0.1,Not as described,0
O003369-1,O003369,P005,1,183.5,123.78,0.05,,0
O003370-1,O003370,P041,2,78.7,44.75,0,,0
O003370-2,O003370,P034,1,25.32,14.75,0,,0
O003371-1,O003371,P003,4,139.72,94.93,0.05,,0
O003371-2,O003371,P034,2,25.32,14.75,0.15000000000000002,,0
O003372-1,O003372,P048,3,87.18,54.6,0.2,,0
O003373-1,O003373,P034,1,25.32,14.75,0,,0
O003373-2,O003373,P036,2,35.45,21.49,0,,0
O003374-1,O003374,P029,3,62.03,33.59,0,,0
O003375-1,O003375,P030,1,46.94,28.34,0.05,,0
O003375-2,O003375,P031,1,8.72,4.67,0,,0
O003376-1,O003376,P032,1,45.76,24.77,0,,0
O003377-1,O003377,P028,2,54.22,32.4,0.1,,0
O003377-2,O003377,P043,1,205.47,129.67,0.1,,0
O003377-3,O003377,P001,3,214.49,142.19,0.2,,0
O003377-4,O003377,P014,1,100.54,57.99,0.05,,0
O003378-1,O003378,P048,1,87.18,54.6,0,,0
O003379-1,O003379,P011,1,416.54,268.27,0,,0
O003379-2,O003379,P022,1,568.95,369.55,0,,0
O003380-1,O003380,P003,1,139.72,94.93,0,,0
O003380-2,O003380,P035,2,41.88,25.54,0.1,,0
O003381-1,O003381,P005,1,183.5,123.78,0.05,,0
O003381-2,O003381,P028,2,54.22,32.4,0.05,,0
O003382-1,O003382,P045,1,147.73,93.9,0.05,,0
O003382-2,O003382,P028,2,54.22,32.4,0,,0
O003383-1,O003383,P023,5,195.53,117.52,0,,0
O003384-1,O003384,P008,2,253.51,162.28,0.15,,0
O003384-2,O003384,P025,1,71.76,42.18,0.15,,0
O003384-3,O003384,P042,1,180.79,114.47,0.1,,0
O003385-1,O003385,P016,1,630.9,390.58,0,,0
O003386-1,O003386,P009,1,296.73,204.62,0.05,,0
O003386-2,O003386,P044,2,134.21,77.33,0.2,,0
O003386-3,O003386,P036,3,35.45,21.49,0.15000000000000002,,0
O003387-1,O003387,P017,1,198.78,124.13,0.05,,0
O003387-2,O003387,P043,3,205.47,129.67,0.2,,0
O003387-3,O003387,P035,1,41.88,25.54,0.1,,0
O003387-4,O003387,P021,1,221.99,142.61,0.15000000000000002,,0
O003388-1,O003388,P042,3,180.79,114.47,0,,0
O003389-1,O003389,P012,5,414.28,288.7,0.1,,0
O003389-2,O003389,P025,1,71.76,42.18,0.05,,0
O003389-3,O003389,P030,1,46.94,28.34,0.05,,0
O003390-1,O003390,P037,2,81.55,51.15,0.1,,0
O003390-2,O003390,P020,2,151.49,90.09,0.1,,0
O003390-3,O003390,P030,3,46.94,28.34,0.1,,0
O003391-1,O003391,P045,1,147.73,93.9,0.05,,1
O003392-1,O003392,P005,2,183.5,123.78,0,,0
O003392-2,O003392,P047,2,142.37,88.8,0,,0
O003393-1,O003393,P007,1,85.33,56.95,0,,0
O003393-2,O003393,P025,2,71.76,42.18,0.2,,0
O003393-3,O003393,P017,2,198.78,124.13,0.1,,0
O003394-1,O003394,P037,2,81.55,51.15,0.05,,0
O003395-1,O003395,P031,4,8.72,4.67,0,,0
O003396-1,O003396,P035,1,41.88,25.54,0.15,,0
O003396-2,O003396,P025,3,71.76,42.18,0.1,,0
O003397-1,O003397,P024,3,104.96,63.45,0.15000000000000002,,0
O003397-2,O003397,P029,3,62.03,33.59,0.1,,0
O003398-1,O003398,P016,4,630.9,390.58,0,,0
O003398-2,O003398,P034,1,25.32,14.75,0.05,,0
O003399-1,O003399,P048,3,87.18,54.6,0.1,,0
O003399-2,O003399,P035,1,41.88,25.54,0,,0
O003400-1,O003400,P029,1,62.03,33.59,0,,0
O003400-2,O003400,P018,1,294.41,187.22,0,,0
O003400-3,O003400,P043,1,205.47,129.67,0.1,,0
O003400-4,O003400,P002,2,120.53,78.28,0.15,,0
O003401-1,O003401,P004,1,400.96,266.15,0.1,,0
O003401-2,O003401,P026,1,26.84,15.28,0,,0
O003401-3,O003401,P016,1,630.9,390.58,0.05,,0
O003402-1,O003402,P021,1,221.99,142.61,0.05,,0
O003403-1,O003403,P016,2,630.9,390.58,0.1,,0
O003404-1,O003404,P025,1,71.76,42.18,0.05,,0
O003404-2,O003404,P020,1,151.49,90.09,0.1,,0
O003405-1,O003405,P001,1,214.49,142.19,0.2,,0
O003406-1,O003406,P036,3,35.45,21.49,0,,0
O003406-2,O003406,P021,2,221.99,142.61,0.05,,0
O003407-1,O003407,P001,4,214.49,142.19,0.05,,0
O003408-1,O003408,P004,3,400.96,266.15,0.15000000000000002,,0
O003409-1,O003409,P002,2,120.53,78.28,0,,0
O003409-2,O003409,P040,1,195.87,114.95,0.1,,1
O003410-1,O003410,P048,1,87.18,54.6,0.15,,0
O003411-1,O003411,P024,2,104.96,63.45,0.05,,0
O003411-2,O003411,P016,3,630.9,390.58,0.05,,0
O003412-1,O003412,P042,1,180.79,114.47,0.05,,0
O003412-2,O003412,P029,3,62.03,33.59,0.1,,0
O003412-3,O003412,P012,2,414.28,288.7,0.05,,0
O003413-1,O003413,P038,1,152.06,96.3,0,,0
O003414-1,O003414,P019,1,539.67,317.29,0,,0
O003414-2,O003414,P015,1,168.09,101.78,0.15,,0
O003414-3,O003414,P035,2,41.88,25.54,0.05,,0
O003415-1,O003415,P001,2,214.49,142.19,0.05,,0
O003416-1,O003416,P009,2,296.73,204.62,0,,0
O003416-2,O003416,P019,4,539.67,317.29,0,,0
O003416-3,O003416,P043,1,205.47,129.67,0,,0
O003416-4,O003416,P032,2,45.76,24.77,0.15,,0
O003417-1,O003417,P048,4,87.18,54.6,0.05,Changed mind,0
O003417-2,O003417,P034,2,25.32,14.75,0,Changed mind,0
O003417-3,O003417,P018,3,294.41,187.22,0.15,Not as described,0
O003418-1,O003418,P036,3,35.45,21.49,0.05,,0
O003419-1,O003419,P038,1,152.06,96.3,0.2,,0
O003419-2,O003419,P026,4,26.84,15.28,0.05,,0
O003420-1,O003420,P045,1,147.73,93.9,0,Wrong item,0
O003420-2,O003420,P044,1,134.21,77.33,0.1,Not as described,0
O003421-1,O003421,P036,2,35.45,21.49,0.05,,0
O003421-2,O003421,P025,2,71.76,42.18,0.2,,0
O003421-3,O003421,P012,2,414.28,288.7,0,,0
O003422-1,O003422,P011,1,416.54,268.27,0.15000000000000002,,0
O003423-1,O003423,P043,1,205.47,129.67,0.1,,0
O003424-1,O003424,P022,1,568.95,369.55,0.1,,0
O003424-2,O003424,P012,1,414.28,288.7,0.15000000000000002,,0
O003425-1,O003425,P013,1,418.01,238.98,0.05,,0
O003425-2,O003425,P002,3,120.53,78.28,0,,0
O003426-1,O003426,P005,1,183.5,123.78,0.2,,0
O003426-2,O003426,P039,1,49.57,31.45,0.1,,0
O003427-1,O003427,P027,3,42.25,24.81,0.2,,0
O003427-2,O003427,P032,1,45.76,24.77,0.05,,0
O003428-1,O003428,P042,2,180.79,114.47,0.1,,0
O003429-1,O003429,P011,1,416.54,268.27,0.15,,0
O003430-1,O003430,P045,4,147.73,93.9,0.1,,0
O003431-1,O003431,P036,1,35.45,21.49,0.15,,0
O003432-1,O003432,P002,4,120.53,78.28,0,,0
O003432-2,O003432,P027,2,42.25,24.81,0,,0
O003432-3,O003432,P004,1,400.96,266.15,0.15,,0
O003433-1,O003433,P025,1,71.76,42.18,0.05,,0
O003433-2,O003433,P041,1,78.7,44.75,0.05,,0
O003434-1,O003434,P020,1,151.49,90.09,0,,0
O003434-2,O003434,P048,1,87.18,54.6,0,,0
O003435-1,O003435,P020,4,151.49,90.09,0,,0
O003436-1,O003436,P047,2,142.37,88.8,0,,0
O003437-1,O003437,P007,3,85.33,56.95,0.05,,0
O003437-2,O003437,P003,1,139.72,94.93,0,,0
O003437-3,O003437,P048,1,87.18,54.6,0,,0
O003438-1,O003438,P040,4,195.87,114.95,0.05,,0
O003439-1,O003439,P033,1,75.25,44.42,0.15000000000000002,,0
O003440-1,O003440,P033,1,75.25,44.42,0,,0
O003440-2,O003440,P030,2,46.94,28.34,0.1,,0
O003440-3,O003440,P029,2,62.03,33.59,0.05,,0
O003441-1,O003441,P033,1,75.25,44.42,0.15,,0
O003441-2,O003441,P043,1,205.47,129.67,0.2,,0
O003442-1,O003442,P031,2,8.72,4.67,0,,0
O003442-2,O003442,P043,1,205.47,129.67,0.05,,0
O003443-1,O003443,P023,4,195.53,117.52,0.15,,0
O003443-2,O003443,P035,1,41.88,25.54,0.05,,0
O003443-3,O003443,P037,1,81.55,51.15,0,,0
O003444-1,O003444,P007,1,85.33,56.95,0,,0
O003444-2,O003444,P044,4,134.21,77.33,0,,0
O003445-1,O003445,P004,1,400.96,266.15,0.1,,0
O003446-1,O003446,P019,1,539.67,317.29,0.05,,0
O003446-2,O003446,P048,1,87.18,54.6,0.1,,0
O003447-1,O003447,P047,3,142.37,88.8,0,,0
O003447-2,O003447,P009,1,296.73,204.62,0,,0
O003448-1,O003448,P009,2,296.73,204.62,0,,0
O003448-2,O003448,P011,4,416.54,268.27,0,,0
O003449-1,O003449,P007,3,85.33,56.95,0.1,,0
O003450-1,O003450,P027,1,42.25,24.81,0.05,,0
O003451-1,O003451,P030,1,46.94,28.34,0,,0
O003452-1,O003452,P012,1,414.28,288.7,0,Damaged,0
O003452-2,O003452,P020,1,151.49,90.09,0.05,Damaged,0
O003453-1,O003453,P027,1,42.25,24.81,0.15,,0
O003454-1,O003454,P018,3,294.41,187.22,0.05,,0
O003454-2,O003454,P031,3,8.72,4.67,0.1,,0
O003455-1,O003455,P044,4,134.21,77.33,0.15000000000000002,,0
O003455-2,O003455,P012,1,414.28,288.7,0.2,,0
O003456-1,O003456,P031,1,8.72,4.67,0.2,,0
O003456-2,O003456,P006,1,244.45,154.75,0.05,,0
O003457-1,O003457,P007,1,85.33,56.95,0.15000000000000002,,0
O003457-2,O003457,P041,4,78.7,44.75,0.2,,0
O003457-3,O003457,P032,3,45.76,24.77,0.1,,0
O003458-1,O003458,P043,1,205.47,129.67,0.15,,0
O003459-1,O003459,P029,3,62.03,33.59,0,Not as described,0
O003459-2,O003459,P014,4,100.54,57.99,0,Damaged,0
O003459-3,O003459,P021,1,221.99,142.61,0.1,Damaged,0
O003459-4,O003459,P018,1,294.41,187.22,0.15,Arrived late,0
O003460-1,O003460,P001,1,214.49,142.19,0.05,,0
O003460-2,O003460,P030,1,46.94,28.34,0.05,,0
O003461-1,O003461,P038,3,152.06,96.3,0,,0
O003462-1,O003462,P022,1,568.95,369.55,0.05,,0
O003463-1,O003463,P024,1,104.96,63.45,0,,0
O003464-1,O003464,P031,4,8.72,4.67,0.05,,0
O003465-1,O003465,P023,1,195.53,117.52,0.2,Arrived late,0
O003466-1,O003466,P014,1,100.54,57.99,0,,0
O003467-1,O003467,P026,1,26.84,15.28,0.1,,0
O003467-2,O003467,P036,2,35.45,21.49,0.15000000000000002,,0
O003467-3,O003467,P027,1,42.25,24.81,0.15000000000000002,,0
O003468-1,O003468,P006,1,244.45,154.75,0,,0
O003468-2,O003468,P005,1,183.5,123.78,0.2,,0
O003468-3,O003468,P029,5,62.03,33.59,0,,0
O003469-1,O003469,P020,1,151.49,90.09,0,,0
O003469-2,O003469,P040,1,195.87,114.95,0.1,,0
O003470-1,O003470,P008,1,253.51,162.28,0.1,,0
O003470-2,O003470,P014,2,100.54,57.99,0,,0
O003471-1,O003471,P047,2,142.37,88.8,0.1,,0
O003471-2,O003471,P046,1,180.61,102.64,0.05,,0
O003472-1,O003472,P023,1,195.53,117.52,0.1,,0
O003472-2,O003472,P036,1,35.45,21.49,0.2,,0
O003473-1,O003473,P024,1,104.96,63.45,0.05,Changed mind,0
O003474-1,O003474,P013,1,418.01,238.98,0.2,,0
O003474-2,O003474,P016,1,630.9,390.58,0.05,,0
O003475-1,O003475,P040,1,195.87,114.95,0.1,,0
O003475-2,O003475,P021,1,221.99,142.61,0.15,,0
O003475-3,O003475,P034,2,25.32,14.75,0,,0
O003476-1,O003476,P048,2,87.18,54.6,0.05,,0
O003477-1,O003477,P035,1,41.88,25.54,0,,0
O003478-1,O003478,P011,3,416.54,268.27,0,,0
O003479-1,O003479,P023,2,195.53,117.52,0.1,,0
O003480-1,O003480,P030,3,46.94,28.34,0.05,,0
O003480-2,O003480,P029,1,62.03,33.59,0.05,,0
O003480-3,O003480,P011,1,416.54,268.27,0.05,,0
O003480-4,O003480,P004,2,400.96,266.15,0.2,,0
O003481-1,O003481,P021,1,221.99,142.61,0,Changed mind,0
O003481-2,O003481,P027,2,42.25,24.81,0.05,Damaged,0
O003482-1,O003482,P042,1,180.79,114.47,0,,0
O003483-1,O003483,P028,1,54.22,32.4,0.15,,0
O003483-2,O003483,P001,5,214.49,142.19,0,,0
O003484-1,O003484,P032,1,45.76,24.77,0.1,,0
O003485-1,O003485,P038,1,152.06,96.3,0,,0
O003485-2,O003485,P036,1,35.45,21.49,0,,0
O003486-1,O003486,P013,2,418.01,238.98,0,,0
O003487-1,O003487,P017,1,198.78,124.13,0,,0
O003488-1,O003488,P013,1,418.01,238.98,0.15,,0
O003488-2,O003488,P043,1,205.47,129.67,0,,0
O003489-1,O003489,P021,2,221.99,142.61,0.15,,0
O003490-1,O003490,P023,1,195.53,117.52,0,,0
O003491-1,O003491,P022,1,568.95,369.55,0.2,,0
O003491-2,O003491,P035,3,41.88,25.54,0.05,,0
O003492-1,O003492,P016,1,630.9,390.58,0,,0
O003492-2,O003492,P038,3,152.06,96.3,0.1,,0
O003493-1,O003493,P034,1,25.32,14.75,0.1,,0
O003494-1,O003494,P034,1,25.32,14.75,0.05,,0
O003494-2,O003494,P001,2,214.49,142.19,0,,0
O003495-1,O003495,P040,2,195.87,114.95,0.2,,0
O003495-2,O003495,P010,2,60.45,40.54,0.1,,0
O003495-3,O003495,P026,2,26.84,15.28,0.2,,0
O003496-1,O003496,P012,1,414.28,288.7,0.1,,0
O003497-1,O003497,P041,1,78.7,44.75,0,,0
O003497-2,O003497,P034,2,25.32,14.75,0.1,,0
O003498-1,O003498,P011,1,416.54,268.27,0.1,,0
O003499-1,O003499,P004,1,400.96,266.15,0,,0
O003499-2,O003499,P016,1,630.9,390.58,0.1,,0
O003500-1,O003500,P029,1,62.03,33.59,0.05,Changed mind,0
O003501-1,O003501,P009,1,296.73,204.62,0.15,,0
O003502-1,O003502,P013,1,418.01,238.98,0.05,Changed mind,0
O003502-2,O003502,P029,2,62.03,33.59,0.2,Damaged,0
O003502-3,O003502,P003,1,139.72,94.93,0.05,Wrong item,0
O003502-4,O003502,P001,1,214.49,142.19,0.05,Wrong item,0
O003503-1,O003503,P023,1,195.53,117.52,0.05,,0
O003504-1,O003504,P002,4,120.53,78.28,0.05,,0
O003505-1,O003505,P046,1,180.61,102.64,0,,0
O003505-2,O003505,P005,1,183.5,123.78,0,,0
O003505-3,O003505,P037,2,81.55,51.15,0.05,,0
O003506-1,O003506,P018,2,294.41,187.22,0.05,,0
O003506-2,O003506,P007,3,85.33,56.95,0.1,,0
O003507-1,O003507,P016,3,630.9,390.58,0,Not as described,0
O003508-1,O003508,P019,1,539.67,317.29,0.1,,0
O003508-2,O003508,P043,2,205.47,129.67,0,,0
O003508-3,O003508,P036,2,35.45,21.49,0.05,,0
O003509-1,O003509,P011,2,416.54,268.27,0.15,,0
O003509-2,O003509,P038,1,152.06,96.3,0,,0
O003510-1,O003510,P035,1,41.88,25.54,0.15,,0
O003510-2,O003510,P007,2,85.33,56.95,0,,0
O003511-1,O003511,P035,2,41.88,25.54,0,,0
O003512-1,O003512,P011,1,416.54,268.27,0.05,,0
O003513-1,O003513,P043,3,205.47,129.67,0,,0
O003513-2,O003513,P011,1,416.54,268.27,0.15,,0
O003513-3,O003513,P014,2,100.54,57.99,0,,0
O003513-4,O003513,P028,1,54.22,32.4,0.1,,0
O003514-1,O003514,P043,2,205.47,129.67,0.15,,0
O003514-2,O003514,P035,1,41.88,25.54,0.1,,0
O003515-1,O003515,P007,2,85.33,56.95,0,,0
O003516-1,O003516,P046,5,180.61,102.64,0,,0
O003517-1,O003517,P031,1,8.72,4.67,0.05,,0
O003518-1,O003518,P016,2,630.9,390.58,0.1,,0
O003518-2,O003518,P017,1,198.78,124.13,0.1,,0
O003519-1,O003519,P027,1,42.25,24.81,0.2,,0
O003520-1,O003520,P047,1,142.37,88.8,0.15,,0
O003520-2,O003520,P008,2,253.51,162.28,0.05,,0
O003521-1,O003521,P006,1,244.45,154.75,0.1,,0
O003521-2,O003521,P031,3,8.72,4.67,0.2,,0
O003522-1,O003522,P038,2,152.06,96.3,0,Not as described,0
O003522-2,O003522,P033,1,75.25,44.42,0,Arrived late,0
O003522-3,O003522,P018,3,294.41,187.22,0.1,Damaged,0
O003523-1,O003523,P002,2,120.53,78.28,0.15000000000000002,,0
O003524-1,O003524,P003,1,139.72,94.93,0.05,,0
O003525-1,O003525,P022,2,568.95,369.55,0.2,,0
O003525-2,O003525,P044,4,134.21,77.33,0.05,,0
O003525-3,O003525,P024,3,104.96,63.45,0.1,,0
O003526-1,O003526,P035,1,41.88,25.54,0,,0
O003527-1,O003527,P030,1,46.94,28.34,0.1,,0
O003528-1,O003528,P012,2,414.28,288.7,0.05,,0
O003529-1,O003529,P035,1,41.88,25.54,0.1,,0
O003530-1,O003530,P026,1,26.84,15.28,0,,0
O003531-1,O003531,P001,1,214.49,142.19,0,,0
O003531-2,O003531,P042,1,180.79,114.47,0.1,,0
O003532-1,O003532,P043,1,205.47,129.67,0.05,,0
O003533-1,O003533,P037,2,81.55,51.15,0.1,,0
O003534-1,O003534,P030,2,46.94,28.34,0.05,,0
O003534-2,O003534,P011,1,416.54,268.27,0,,0
O003535-1,O003535,P018,1,294.41,187.22,0,,1
O003536-1,O003536,P034,1,25.32,14.75,0,,0
O003537-1,O003537,P009,1,296.73,204.62,0.05,,0
O003537-2,O003537,P033,4,75.25,44.42,0.1,,0
O003538-1,O003538,P016,1,630.9,390.58,0.05,,0
O003539-1,O003539,P004,2,400.96,266.15,0,,0
O003540-1,O003540,P034,1,25.32,14.75,0,,0
O003541-1,O003541,P025,1,71.76,42.18,0.05,,0
O003542-1,O003542,P029,4,62.03,33.59,0.15,,0
O003542-2,O003542,P035,3,41.88,25.54,0.2,,0
O003543-1,O003543,P039,1,49.57,31.45,0.05,Arrived late,0
O003543-2,O003543,P012,1,414.28,288.7,0,Wrong item,0
O003543-3,O003543,P004,1,400.96,266.15,0.2,Damaged,0
O003544-1,O003544,P002,2,120.53,78.28,0.05,,0
O003544-2,O003544,P027,1,42.25,24.81,0.1,,0
O003545-1,O003545,P017,2,198.78,124.13,0,,0
O003546-1,O003546,P037,2,81.55,51.15,0.1,,0
O003547-1,O003547,P033,2,75.25,44.42,0.1,,0
O003547-2,O003547,P015,1,168.09,101.78,0.05,,0
O003547-3,O003547,P029,1,62.03,33.59,0.2,,0
O003547-4,O003547,P009,1,296.73,204.62,0.05,,0
O003548-1,O003548,P047,3,142.37,88.8,0.1,Not as described,0
O003548-2,O003548,P023,2,195.53,117.52,0.15,Changed mind,0
O003548-3,O003548,P028,1,54.22,32.4,0,Arrived late,0
O003548-4,O003548,P018,1,294.41,187.22,0.05,Wrong item,0
O003549-1,O003549,P043,3,205.47,129.67,0.2,,0
O003549-2,O003549,P015,1,168.09,101.78,0.15,,0
O003550-1,O003550,P033,1,75.25,44.42,0,,0
O003551-1,O003551,P012,4,414.28,288.7,0.05,,0
O003551-2,O003551,P030,4,46.94,28.34,0.05,,0
O003552-1,O003552,P008,4,253.51,162.28,0,,0
O003552-2,O003552,P006,1,244.45,154.75,0.05,,0
O003552-3,O003552,P018,1,294.41,187.22,0.05,,0
O003553-1,O003553,P009,1,296.73,204.62,0.1,,0
O003553-2,O003553,P041,4,78.7,44.75,0,,0
O003553-3,O003553,P033,1,75.25,44.42,0,,0
O003554-1,O003554,P033,1,75.25,44.42,0.1,,0
O003554-2,O003554,P024,1,104.96,63.45,0,,0
O003554-3,O003554,P017,2,198.78,124.13,0.2,,0
O003555-1,O003555,P031,5,8.72,4.67,0.15,,0
O003556-1,O003556,P008,2,253.51,162.28,0.15,,0
O003556-2,O003556,P039,1,49.57,31.45,0,,0
O003556-3,O003556,P042,2,180.79,114.47,0,,1
O003557-1,O003557,P024,1,104.96,63.45,0.2,,0
O003557-2,O003557,P029,1,62.03,33.59,0.05,,0
O003558-1,O003558,P038,1,152.06,96.3,0.05,,0
O003558-2,O003558,P011,1,416.54,268.27,0.05,,0
O003559-1,O003559,P001,2,214.49,142.19,0.2,,0
O003559-2,O003559,P017,1,198.78,124.13,0,,0
O003559-3,O003559,P037,4,81.55,51.15,0,,0
O003559-4,O003559,P006,2,244.45,154.75,0.05,,0
O003560-1,O003560,P042,3,180.79,114.47,0.05,,0
O003560-2,O003560,P024,3,104.96,63.45,0.05,,0
O003561-1,O003561,P044,2,134.21,77.33,0.15,,0
O003561-2,O003561,P011,3,416.54,268.27,0,,0
O003561-3,O003561,P008,2,253.51,162.28,0.2,,0
O003561-4,O003561,P006,4,244.45,154.75,0.1,,0
O003562-1,O003562,P029,2,62.03,33.59,0.05,,0
O003563-1,O003563,P040,5,195.87,114.95,0.2,,0
O003564-1,O003564,P024,1,104.96,63.45,0.15,,0
O003565-1,O003565,P026,3,26.84,15.28,0.1,,0
O003565-2,O003565,P028,1,54.22,32.4,0.2,,0
O003566-1,O003566,P027,3,42.25,24.81,0,,0
O003566-2,O003566,P038,1,152.06,96.3,0,,0
O003566-3,O003566,P025,1,71.76,42.18,0.1,,0
O003567-1,O003567,P023,1,195.53,117.52,0.1,,0
O003568-1,O003568,P037,1,81.55,51.15,0.05,,0
O003568-2,O003568,P012,3,414.28,288.7,0.1,,0
O003569-1,O003569,P029,1,62.03,33.59,0.2,,0
O003570-1,O003570,P021,1,221.99,142.61,0.15,,0
O003570-2,O003570,P025,2,71.76,42.18,0.15,,0
O003571-1,O003571,P047,2,142.37,88.8,0.05,,0
O003571-2,O003571,P007,1,85.33,56.95,0,,0
O003571-3,O003571,P036,1,35.45,21.49,0.05,,0
O003572-1,O003572,P022,1,568.95,369.55,0,,0
O003572-2,O003572,P016,1,630.9,390.58,0.1,,0
O003572-3,O003572,P047,3,142.37,88.8,0.1,,0
O003573-1,O003573,P036,2,35.45,21.49,0.05,,0
O003574-1,O003574,P047,2,142.37,88.8,0.15,,0
O003574-2,O003574,P018,2,294.41,187.22,0.05,,0
O003574-3,O003574,P024,2,104.96,63.45,0,,0
O003575-1,O003575,P040,1,195.87,114.95,0,Changed mind,0
O003576-1,O003576,P021,3,221.99,142.61,0.1,,0
O003576-2,O003576,P019,1,539.67,317.29,0,,0
O003577-1,O003577,P028,2,54.22,32.4,0.1,Changed mind,0
O003577-2,O003577,P012,1,414.28,288.7,0.05,Changed mind,0
O003577-3,O003577,P002,1,120.53,78.28,0.2,Not as described,0
O003578-1,O003578,P004,1,400.96,266.15,0,,0
O003579-1,O003579,P008,1,253.51,162.28,0.15,,0
O003579-2,O003579,P021,3,221.99,142.61,0.1,,0
O003580-1,O003580,P022,1,568.95,369.55,0.15000000000000002,,0
O003580-2,O003580,P001,3,214.49,142.19,0.05,,0
O003581-1,O003581,P025,2,71.76,42.18,0.05,,0
O003582-1,O003582,P001,1,214.49,142.19,0.05,,0
O003582-2,O003582,P047,4,142.37,88.8,0.05,,0
O003583-1,O003583,P042,1,180.79,114.47,0,,0
O003584-1,O003584,P008,2,253.51,162.28,0.1,,0
O003585-1,O003585,P004,4,400.96,266.15,0,,0
O003585-2,O003585,P007,1,85.33,56.95,0.2,,0
O003586-1,O003586,P035,1,41.88,25.54,0.2,,0
O003587-1,O003587,P022,3,568.95,369.55,0.05,Not as described,0
O003588-1,O003588,P038,1,152.06,96.3,0.05,,0
O003589-1,O003589,P017,2,198.78,124.13,0.1,Not as described,0
O003589-2,O003589,P009,2,296.73,204.62,0,Damaged,0
O003590-1,O003590,P001,2,214.49,142.19,0.1,,0
O003591-1,O003591,P040,1,195.87,114.95,0,,0
O003591-2,O003591,P020,1,151.49,90.09,0,,0
O003592-1,O003592,P028,3,54.22,32.4,0,,0
O003592-2,O003592,P012,1,414.28,288.7,0,,0
O003593-1,O003593,P048,1,87.18,54.6,0,,0
O003593-2,O003593,P025,1,71.76,42.18,0.1,,0
O003594-1,O003594,P036,1,35.45,21.49,0.2,,0
O003595-1,O003595,P013,3,418.01,238.98,0.05,,0
O003596-1,O003596,P003,2,139.72,94.93,0.2,,0
O003596-2,O003596,P020,1,151.49,90.09,0.15000000000000002,,0
O003596-3,O003596,P035,2,41.88,25.54,0.1,,0
O003597-1,O003597,P029,1,62.03,33.59,0.05,,0
O003598-1,O003598,P001,5,214.49,142.19,0.1,,0
O003599-1,O003599,P016,3,630.9,390.58,0,,0
O003600-1,O003600,P009,1,296.73,204.62,0.1,,0
O003600-2,O003600,P007,1,85.33,56.95,0.05,,0
O003601-1,O003601,P039,1,49.57,31.45,0,Damaged,0
O003601-2,O003601,P021,1,221.99,142.61,0.05,Damaged,0
O003602-1,O003602,P038,1,152.06,96.3,0.05,,0
O003602-2,O003602,P014,1,100.54,57.99,0.2,,0
O003603-1,O003603,P013,1,418.01,238.98,0,,0
O003603-2,O003603,P038,1,152.06,96.3,0.2,,0
O003604-1,O003604,P007,1,85.33,56.95,0.1,,0
O003604-2,O003604,P035,1,41.88,25.54,0,,0
O003605-1,O003605,P012,5,414.28,288.7,0,,0
O003605-2,O003605,P048,2,87.18,54.6,0.1,,0
O003606-1,O003606,P041,1,78.7,44.75,0,,0
O003606-2,O003606,P027,3,42.25,24.81,0.2,,0
O003607-1,O003607,P022,2,568.95,369.55,0.05,,0
O003607-2,O003607,P002,2,120.53,78.28,0.15,,0
O003608-1,O003608,P011,3,416.54,268.27,0.15,,0
O003608-2,O003608,P021,2,221.99,142.61,0.2,,0
O003609-1,O003609,P020,1,151.49,90.09,0.15000000000000002,,0
O003609-2,O003609,P039,1,49.57,31.45,0.1,,0
O003609-3,O003609,P028,1,54.22,32.4,0.1,,0
O003609-4,O003609,P030,2,46.94,28.34,0.05,,0
O003610-1,O003610,P042,1,180.79,114.47,0.1,,0
O003611-1,O003611,P003,2,139.72,94.93,0.15,,0
O003612-1,O003612,P013,3,418.01,238.98,0.15,,0
O003612-2,O003612,P014,4,100.54,57.99,0.15,,0
O003613-1,O003613,P043,2,205.47,129.67,0.05,,0
O003614-1,O003614,P005,5,183.5,123.78,0.15000000000000002,,0
O003614-2,O003614,P011,4,416.54,268.27,0.1,,0
O003615-1,O003615,P018,1,294.41,187.22,0.1,,0
O003616-1,O003616,P007,1,85.33,56.95,0,,0
O003617-1,O003617,P032,1,45.76,24.77,0.05,,0
O003617-2,O003617,P023,4,195.53,117.52,0.05,,0
O003617-3,O003617,P033,1,75.25,44.42,0.05,,0
O003618-1,O003618,P030,2,46.94,28.34,0.15000000000000002,,0
O003619-1,O003619,P044,1,134.21,77.33,0.05,,0
O003620-1,O003620,P029,2,62.03,33.59,0.05,Damaged,0
O003621-1,O003621,P009,3,296.73,204.62,0.2,,0
O003622-1,O003622,P024,1,104.96,63.45,0.15000000000000002,,0
O003622-2,O003622,P019,1,539.67,317.29,0.1,,0
O003622-3,O003622,P046,1,180.61,102.64,0.05,,0
O003622-4,O003622,P041,4,78.7,44.75,0.05,,0
O003623-1,O003623,P004,1,400.96,266.15,0.05,,0
O003623-2,O003623,P018,2,294.41,187.22,0.05,,0
O003624-1,O003624,P043,1,205.47,129.67,0,Not as described,0
O003625-1,O003625,P041,2,78.7,44.75,0.05,,0
O003625-2,O003625,P045,1,147.73,93.9,0.05,,0
O003626-1,O003626,P014,2,100.54,57.99,0,,0
O003627-1,O003627,P036,1,35.45,21.49,0.1,,0
O003627-2,O003627,P032,1,45.76,24.77,0.15,,0
O003628-1,O003628,P040,1,195.87,114.95,0.2,,0
O003629-1,O003629,P024,1,104.96,63.45,0,,0
O003630-1,O003630,P028,3,54.22,32.4,0.15000000000000002,,0
O003630-2,O003630,P006,1,244.45,154.75,0.05,,0
O003631-1,O003631,P039,1,49.57,31.45,0.05,,0
O003632-1,O003632,P026,2,26.84,15.28,0.15,,0
O003633-1,O003633,P003,3,139.72,94.93,0.15,,1
O003634-1,O003634,P021,2,221.99,142.61,0.2,,0
O003635-1,O003635,P042,1,180.79,114.47,0,,0
O003636-1,O003636,P010,1,60.45,40.54,0.1,,0
O003636-2,O003636,P047,5,142.37,88.8,0,,0
O003637-1,O003637,P038,2,152.06,96.3,0.05,,0
O003638-1,O003638,P039,1,49.57,31.45,0.15000000000000002,,0
O003638-2,O003638,P035,1,41.88,25.54,0.15000000000000002,,0
O003638-3,O003638,P019,3,539.67,317.29,0.05,,0
O003638-4,O003638,P038,1,152.06,96.3,0.05,,0
O003639-1,O003639,P010,1,60.45,40.54,0.15000000000000002,,0
O003640-1,O003640,P040,1,195.87,114.95,0,,0
O003641-1,O003641,P031,1,8.72,4.67,0.05,,0
O003642-1,O003642,P006,2,244.45,154.75,0.15,,0
O003642-2,O003642,P031,1,8.72,4.67,0,,0
O003643-1,O003643,P027,2,42.25,24.81,0,,0
O003643-2,O003643,P004,1,400.96,266.15,0.15,,0
O003643-3,O003643,P033,1,75.25,44.42,0.05,,0
O003643-4,O003643,P045,3,147.73,93.9,0.05,,0
O003644-1,O003644,P009,1,296.73,204.62,0.2,,0
O003644-2,O003644,P027,1,42.25,24.81,0.2,,0
O003644-3,O003644,P022,4,568.95,369.55,0.05,,0
O003645-1,O003645,P041,1,78.7,44.75,0.1,,0
O003646-1,O003646,P008,2,253.51,162.28,0,,0
O003647-1,O003647,P018,1,294.41,187.22,0.05,,0
O003648-1,O003648,P038,2,152.06,96.3,0.15,,0
O003649-1,O003649,P035,4,41.88,25.54,0,,0
O003650-1,O003650,P006,1,244.45,154.75,0,,0
O003650-2,O003650,P007,2,85.33,56.95,0,,0
O003650-3,O003650,P031,1,8.72,4.67,0,,0
O003651-1,O003651,P043,1,205.47,129.67,0.1,,0
O003652-1,O003652,P005,2,183.5,123.78,0.05,,0
O003652-2,O003652,P035,1,41.88,25.54,0.1,,0
O003652-3,O003652,P020,2,151.49,90.09,0.2,,0
O003653-1,O003653,P044,1,134.21,77.33,0.2,,0
O003654-1,O003654,P048,1,87.18,54.6,0.15,Changed mind,0
O003654-2,O003654,P004,3,400.96,266.15,0,Changed mind,0
O003655-1,O003655,P003,4,139.72,94.93,0,,0
O003655-2,O003655,P005,3,183.5,123.78,0,,0
O003656-1,O003656,P001,1,214.49,142.19,0,,0
O003656-2,O003656,P028,1,54.22,32.4,0.2,,0
O003657-1,O003657,P015,2,168.09,101.78,0.2,,0
O003658-1,O003658,P003,1,139.72,94.93,0,,0
O003658-2,O003658,P044,1,134.21,77.33,0.2,,0
O003659-1,O003659,P007,1,85.33,56.95,0,,0
O003660-1,O003660,P034,1,25.32,14.75,0,,0
O003661-1,O003661,P027,1,42.25,24.81,0,,0
O003662-1,O003662,P037,4,81.55,51.15,0,,0
O003662-2,O003662,P048,1,87.18,54.6,0.05,,0
O003663-1,O003663,P035,3,41.88,25.54,0.05,,0
O003664-1,O003664,P018,2,294.41,187.22,0.05,,0
O003665-1,O003665,P035,1,41.88,25.54,0,,0
O003665-2,O003665,P006,3,244.45,154.75,0,,0
O003666-1,O003666,P039,1,49.57,31.45,0.05,,0
O003667-1,O003667,P042,1,180.79,114.47,0.2,,0
O003667-2,O003667,P040,1,195.87,114.95,0,,0
O003667-3,O003667,P035,1,41.88,25.54,0.05,,0
O003668-1,O003668,P015,1,168.09,101.78,0.05,Not as described,0
O003669-1,O003669,P025,1,71.76,42.18,0,,0
O003670-1,O003670,P028,2,54.22,32.4,0.05,,0
O003671-1,O003671,P048,3,87.18,54.6,0,,0
O003671-2,O003671,P022,2,568.95,369.55,0.1,,1
O003672-1,O003672,P042,2,180.79,114.47,0.05,,0
O003673-1,O003673,P011,1,416.54,268.27,0.1,,0
O003673-2,O003673,P013,1,418.01,238.98,0.2,,0
O003674-1,O003674,P020,1,151.49,90.09,0.1,,0
O003674-2,O003674,P016,1,630.9,390.58,0.05,,0
O003674-3,O003674,P008,1,253.51,162.28,0.05,,0
O003675-1,O003675,P022,1,568.95,369.55,0.05,,0
O003675-2,O003675,P044,1,134.21,77.33,0.05,,0
O003676-1,O003676,P030,1,46.94,28.34,0.1,,0
O003676-2,O003676,P025,1,71.76,42.18,0.15,,0
O003676-3,O003676,P002,2,120.53,78.28,0,,0
O003677-1,O003677,P031,4,8.72,4.67,0.05,,0
O003677-2,O003677,P034,1,25.32,14.75,0.1,,0
O003678-1,O003678,P047,1,142.37,88.8,0.2,Wrong item,0
O003678-2,O003678,P038,2,152.06,96.3,0.05,Changed mind,0
O003679-1,O003679,P032,1,45.76,24.77,0,,0
O003680-1,O003680,P042,2,180.79,114.47,0.05,,0
O003680-2,O003680,P032,2,45.76,24.77,0.2,,0
O003680-3,O003680,P028,1,54.22,32.4,0,,0
O003680-4,O003680,P046,2,180.61,102.64,0.1,,0
O003681-1,O003681,P026,2,26.84,15.28,0.15,,0
O003681-2,O003681,P023,1,195.53,117.52,0,,0
O003682-1,O003682,P004,2,400.96,266.15,0.15000000000000002,,0
O003683-1,O003683,P029,4,62.03,33.59,0,,0
O003684-1,O003684,P028,1,54.22,32.4,0,,0
O003684-2,O003684,P045,2,147.73,93.9,0.1,,0
O003685-1,O003685,P038,1,152.06,96.3,0.15,,0
O003685-2,O003685,P042,1,180.79,114.47,0,,0
O003686-1,O003686,P003,1,139.72,94.93,0,Not as described,0
O003687-1,O003687,P012,3,414.28,288.7,0.05,,0
O003687-2,O003687,P013,1,418.01,238.98,0.05,,0
O003687-3,O003687,P020,1,151.49,90.09,0.1,,0
O003688-1,O003688,P046,5,180.61,102.64,0.05,,0
O003688-2,O003688,P030,2,46.94,28.34,0.05,,0
O003689-1,O003689,P010,4,60.45,40.54,0.15,,0
O003689-2,O003689,P033,2,75.25,44.42,0.15,,0
O003689-3,O003689,P020,1,151.49,90.09,0.1,,1
O003690-1,O003690,P026,3,26.84,15.28,0.15000000000000002,,0
O003690-2,O003690,P033,4,75.25,44.42,0.05,,0
O003691-1,O003691,P016,3,630.9,390.58,0.2,,0
O003692-1,O003692,P047,1,142.37,88.8,0.15,,0
O003693-1,O003693,P015,1,168.09,101.78,0.05,,0
O003693-2,O003693,P016,1,630.9,390.58,0.05,,0
O003693-3,O003693,P048,1,87.18,54.6,0.2,,0
O003693-4,O003693,P028,1,54.22,32.4,0.1,,0
O003694-1,O003694,P004,1,400.96,266.15,0.05,,0
O003695-1,O003695,P015,1,168.09,101.78,0,,0
O003695-2,O003695,P006,2,244.45,154.75,0.05,,0
O003695-3,O003695,P025,1,71.76,42.18,0.2,,0
O003696-1,O003696,P033,2,75.25,44.42,0.05,,0
O003697-1,O003697,P002,1,120.53,78.28,0,,1
O003698-1,O003698,P010,2,60.45,40.54,0.05,,0
O003698-2,O003698,P027,2,42.25,24.81,0.2,,0
O003698-3,O003698,P031,1,8.72,4.67,0.05,,0
O003698-4,O003698,P030,1,46.94,28.34,0.05,,0
O003699-1,O003699,P023,2,195.53,117.52,0.05,,0
O003700-1,O003700,P001,2,214.49,142.19,0.05,,0
O003700-2,O003700,P007,1,85.33,56.95,0,,0
O003701-1,O003701,P044,1,134.21,77.33,0.1,,0
O003702-1,O003702,P018,1,294.41,187.22,0,,0
O003702-2,O003702,P021,1,221.99,142.61,0,,0
O003702-3,O003702,P028,5,54.22,32.4,0.15,,0
O003703-1,O003703,P017,4,198.78,124.13,0.05,,0
O003703-2,O003703,P033,2,75.25,44.42,0.05,,0
O003703-3,O003703,P018,3,294.41,187.22,0,,0
O003704-1,O003704,P027,1,42.25,24.81,0,,0
O003704-2,O003704,P003,1,139.72,94.93,0.2,,0
O003704-3,O003704,P046,3,180.61,102.64,0.15,,0
O003705-1,O003705,P002,2,120.53,78.28,0.05,,0
O003705-2,O003705,P042,2,180.79,114.47,0.1,,0
O003706-1,O003706,P036,1,35.45,21.49,0.05,,0
O003706-2,O003706,P024,1,104.96,63.45,0.1,,0
O003707-1,O003707,P003,1,139.72,94.93,0,,0
O003707-2,O003707,P018,4,294.41,187.22,0,,0
O003707-3,O003707,P030,1,46.94,28.34,0,,0
O003708-1,O003708,P034,3,25.32,14.75,0.05,,0
O003709-1,O003709,P012,5,414.28,288.7,0.2,,0
O003709-2,O003709,P014,1,100.54,57.99,0.2,,0
O003710-1,O003710,P020,4,151.49,90.09,0,,1
O003710-2,O003710,P025,2,71.76,42.18,0.05,,1
O003711-1,O003711,P043,3,205.47,129.67,0.05,,0
O003711-2,O003711,P030,1,46.94,28.34,0.1,,0
O003712-1,O003712,P028,2,54.22,32.4,0.05,,0
O003713-1,O003713,P029,1,62.03,33.59,0.1,,0
O003713-2,O003713,P004,1,400.96,266.15,0.05,,0
O003714-1,O003714,P028,1,54.22,32.4,0.15,,0
O003715-1,O003715,P039,1,49.57,31.45,0,,0
O003716-1,O003716,P039,1,49.57,31.45,0.05,,0
O003716-2,O003716,P018,1,294.41,187.22,0.15000000000000002,,0
O003717-1,O003717,P028,2,54.22,32.4,0.05,,0
O003718-1,O003718,P035,2,41.88,25.54,0,,0
O003719-1,O003719,P005,1,183.5,123.78,0.05,Wrong item,0
O003720-1,O003720,P023,1,195.53,117.52,0.1,,0
O003721-1,O003721,P011,4,416.54,268.27,0.1,,0
O003721-2,O003721,P006,1,244.45,154.75,0.15,,0
O003721-3,O003721,P008,4,253.51,162.28,0.05,,0
O003722-1,O003722,P038,3,152.06,96.3,0,,0
O003723-1,O003723,P002,2,120.53,78.28,0.1,,0
O003723-2,O003723,P045,1,147.73,93.9,0.05,,0
O003724-1,O003724,P027,1,42.25,24.81,0.05,,0
O003725-1,O003725,P026,2,26.84,15.28,0,,0
O003725-2,O003725,P041,1,78.7,44.75,0.15,,0
O003725-3,O003725,P033,1,75.25,44.42,0.1,,0
O003725-4,O003725,P048,2,87.18,54.6,0.15,,0
O003726-1,O003726,P036,1,35.45,21.49,0.1,,0
O003727-1,O003727,P008,2,253.51,162.28,0.1,,0
O003728-1,O003728,P009,1,296.73,204.62,0.15,,0
O003728-2,O003728,P031,1,8.72,4.67,0.1,,0
O003728-3,O003728,P005,1,183.5,123.78,0.05,,0
O003729-1,O003729,P044,1,134.21,77.33,0,,0
O003730-1,O003730,P044,1,134.21,77.33,0.1,,0
O003730-2,O003730,P020,3,151.49,90.09,0.05,,0
O003731-1,O003731,P043,1,205.47,129.67,0,,0
O003731-2,O003731,P048,1,87.18,54.6,0.1,,0
O003731-3,O003731,P021,2,221.99,142.61,0,,0
O003731-4,O003731,P017,1,198.78,124.13,0,,0
O003732-1,O003732,P003,1,139.72,94.93,0.2,,0
O003732-2,O003732,P012,2,414.28,288.7,0.1,,0
O003733-1,O003733,P014,1,100.54,57.99,0.15,,0
O003734-1,O003734,P004,1,400.96,266.15,0.2,,0
O003735-1,O003735,P032,4,45.76,24.77,0.15000000000000002,,0
O003735-2,O003735,P014,1,100.54,57.99,0.05,,0
O003735-3,O003735,P030,2,46.94,28.34,0.15000000000000002,,0
O003735-4,O003735,P026,1,26.84,15.28,0.1,,0
O003736-1,O003736,P044,2,134.21,77.33,0.2,,0
O003737-1,O003737,P035,1,41.88,25.54,0,,0
O003738-1,O003738,P026,2,26.84,15.28,0.05,,0
O003739-1,O003739,P026,1,26.84,15.28,0.05,,0
O003740-1,O003740,P013,1,418.01,238.98,0.05,,0
O003741-1,O003741,P028,2,54.22,32.4,0.05,,0
O003741-2,O003741,P005,1,183.5,123.78,0.1,,0
O003741-3,O003741,P006,1,244.45,154.75,0.1,,0
O003742-1,O003742,P020,1,151.49,90.09,0,,0
O003743-1,O003743,P015,1,168.09,101.78,0.05,,0
O003744-1,O003744,P009,4,296.73,204.62,0.2,,0
O003744-2,O003744,P001,1,214.49,142.19,0.15000000000000002,,0
O003745-1,O003745,P003,1,139.72,94.93,0.15,Changed mind,0
O003745-2,O003745,P028,1,54.22,32.4,0,Damaged,0
O003745-3,O003745,P016,1,630.9,390.58,0.05,Wrong item,0
O003746-1,O003746,P040,1,195.87,114.95,0,,0
O003746-2,O003746,P026,1,26.84,15.28,0,,0
O003746-3,O003746,P003,1,139.72,94.93,0,,0
O003746-4,O003746,P020,1,151.49,90.09,0.05,,0
O003747-1,O003747,P025,1,71.76,42.18,0.1,,0
O003747-2,O003747,P001,4,214.49,142.19,0.1,,0
O003747-3,O003747,P033,3,75.25,44.42,0.1,,0
O003747-4,O003747,P023,1,195.53,117.52,0.15000000000000002,,0
O003748-1,O003748,P030,1,46.94,28.34,0.05,,0
O003749-1,O003749,P048,3,87.18,54.6,0.05,,0
O003749-2,O003749,P011,1,416.54,268.27,0.05,,0
O003749-3,O003749,P043,1,205.47,129.67,0.05,,0
O003749-4,O003749,P033,1,75.25,44.42,0.05,,0
O003750-1,O003750,P004,1,400.96,266.15,0.05,,0
O003751-1,O003751,P016,1,630.9,390.58,0.1,Not as described,0
O003752-1,O003752,P034,1,25.32,14.75,0,,0
O003752-2,O003752,P029,2,62.03,33.59,0,,0
O003752-3,O003752,P017,2,198.78,124.13,0.05,,0
O003752-4,O003752,P004,1,400.96,266.15,0.1,,0
O003753-1,O003753,P006,1,244.45,154.75,0.05,,0
O003753-2,O003753,P015,1,168.09,101.78,0.15,,0
O003754-1,O003754,P011,1,416.54,268.27,0.15,Changed mind,0
O003754-2,O003754,P018,2,294.41,187.22,0,Arrived late,0
O003755-1,O003755,P007,1,85.33,56.95,0.1,,0
O003755-2,O003755,P025,1,71.76,42.18,0.15000000000000002,,0
O003756-1,O003756,P025,3,71.76,42.18,0.15,,0
O003756-2,O003756,P005,1,183.5,123.78,0.2,,0
O003757-1,O003757,P025,2,71.76,42.18,0.15,,0
O003757-2,O003757,P039,1,49.57,31.45,0.1,,0
O003758-1,O003758,P002,1,120.53,78.28,0.1,,0
O003758-2,O003758,P007,1,85.33,56.95,0.1,,0
O003759-1,O003759,P014,1,100.54,57.99,0,Changed mind,0
O003760-1,O003760,P044,4,134.21,77.33,0.1,,0
O003761-1,O003761,P029,2,62.03,33.59,0.05,,0
O003762-1,O003762,P042,2,180.79,114.47,0.05,,0
O003762-2,O003762,P007,1,85.33,56.95,0.1,,0
O003762-3,O003762,P005,1,183.5,123.78,0.2,,0
O003763-1,O003763,P014,2,100.54,57.99,0.05,,0
O003764-1,O003764,P045,1,147.73,93.9,0,,0
O003765-1,O003765,P040,2,195.87,114.95,0.1,,0
O003765-2,O003765,P038,1,152.06,96.3,0,,0
O003766-1,O003766,P037,4,81.55,51.15,0,,0
O003766-2,O003766,P032,5,45.76,24.77,0,,0
O003767-1,O003767,P045,2,147.73,93.9,0.05,,0
O003768-1,O003768,P024,3,104.96,63.45,0,,0
O003768-2,O003768,P035,1,41.88,25.54,0,,0
O003769-1,O003769,P013,1,418.01,238.98,0.1,,0
O003769-2,O003769,P005,2,183.5,123.78,0,,0
O003770-1,O003770,P023,1,195.53,117.52,0.05,,0
O003771-1,O003771,P038,1,152.06,96.3,0,,0
O003771-2,O003771,P001,2,214.49,142.19,0.1,,0
O003772-1,O003772,P030,3,46.94,28.34,0.05,,0
O003773-1,O003773,P035,2,41.88,25.54,0.15000000000000002,,0
O003774-1,O003774,P019,1,539.67,317.29,0,,0
O003775-1,O003775,P046,1,180.61,102.64,0.2,,0
O003776-1,O003776,P016,1,630.9,390.58,0.1,,0
O003777-1,O003777,P029,1,62.03,33.59,0.1,,0
O003777-2,O003777,P031,1,8.72,4.67,0,,0
O003777-3,O003777,P033,2,75.25,44.42,0,,1
O003778-1,O003778,P013,1,418.01,238.98,0,,0
O003778-2,O003778,P015,3,168.09,101.78,0.2,,0
O003778-3,O003778,P010,1,60.45,40.54,0.05,,1
O003779-1,O003779,P016,3,630.9,390.58,0,,0
O003780-1,O003780,P003,1,139.72,94.93,0.2,,0
O003780-2,O003780,P010,1,60.45,40.54,0.1,,0
O003781-1,O003781,P031,2,8.72,4.67,0.2,,0
O003782-1,O003782,P004,2,400.96,266.15,0.15,,0
O003782-2,O003782,P045,1,147.73,93.9,0.1,,0
O003782-3,O003782,P019,2,539.67,317.29,0.05,,0
O003783-1,O003783,P041,1,78.7,44.75,0.05,,0
O003783-2,O003783,P037,1,81.55,51.15,0,,0
O003784-1,O003784,P008,1,253.51,162.28,0.05,,0
O003784-2,O003784,P031,4,8.72,4.67,0,,0
O003785-1,O003785,P025,4,71.76,42.18,0.15,,0
O003786-1,O003786,P035,2,41.88,25.54,0,,1
O003787-1,O003787,P016,1,630.9,390.58,0.05,,1
O003787-2,O003787,P033,1,75.25,44.42,0.1,,0
O003787-3,O003787,P032,1,45.76,24.77,0.2,,0
O003788-1,O003788,P011,2,416.54,268.27,0.15,,0
O003788-2,O003788,P034,1,25.32,14.75,0,,0
O003789-1,O003789,P034,2,25.32,14.75,0.05,,1
O003789-2,O003789,P029,1,62.03,33.59,0.05,,0
O003789-3,O003789,P014,1,100.54,57.99,0.15000000000000002,,0
O003789-4,O003789,P016,1,630.9,390.58,0.05,,0
O003790-1,O003790,P006,2,244.45,154.75,0.05,,0
O003791-1,O003791,P027,4,42.25,24.81,0.05,,0
O003791-2,O003791,P031,2,8.72,4.67,0.1,,0
O003792-1,O003792,P015,1,168.09,101.78,0.2,,0
O003792-2,O003792,P008,4,253.51,162.28,0.2,,0
O003793-1,O003793,P008,2,253.51,162.28,0.1,,0
O003793-2,O003793,P003,1,139.72,94.93,0.2,,0
O003794-1,O003794,P023,2,195.53,117.52,0.1,,0
O003794-2,O003794,P034,1,25.32,14.75,0.15000000000000002,,0
O003795-1,O003795,P035,1,41.88,25.54,0,,0
O003796-1,O003796,P034,3,25.32,14.75,0.1,,0
O003797-1,O003797,P040,1,195.87,114.95,0.1,Wrong item,0
O003798-1,O003798,P018,2,294.41,187.22,0,,0
O003799-1,O003799,P008,2,253.51,162.28,0.05,,0
O003799-2,O003799,P015,2,168.09,101.78,0.05,,0
O003800-1,O003800,P017,1,198.78,124.13,0.15,,0
O003800-2,O003800,P024,1,104.96,63.45,0.15,,0
O003801-1,O003801,P029,1,62.03,33.59,0.05,,0
O003801-2,O003801,P005,2,183.5,123.78,0,,0
O003802-1,O003802,P038,1,152.06,96.3,0,Changed mind,0
O003802-2,O003802,P019,1,539.67,317.29,0.15,Arrived late,0
O003803-1,O003803,P047,1,142.37,88.8,0.05,Changed mind,0
O003803-2,O003803,P032,1,45.76,24.77,0.2,Changed mind,0
O003804-1,O003804,P010,1,60.45,40.54,0,,0
O003805-1,O003805,P042,1,180.79,114.47,0.2,,0
O003805-2,O003805,P016,2,630.9,390.58,0.05,,0
O003806-1,O003806,P037,1,81.55,51.15,0,,0
O003807-1,O003807,P032,1,45.76,24.77,0.1,,0
O003808-1,O003808,P018,1,294.41,187.22,0.05,,0
O003809-1,O003809,P023,2,195.53,117.52,0.05,,0
O003809-2,O003809,P015,1,168.09,101.78,0.05,,0
O003810-1,O003810,P047,2,142.37,88.8,0.05,,0
O003811-1,O003811,P028,2,54.22,32.4,0.05,,0
O003811-2,O003811,P048,1,87.18,54.6,0,,0
O003812-1,O003812,P043,4,205.47,129.67,0,,0
O003813-1,O003813,P026,3,26.84,15.28,0.2,,1
O003814-1,O003814,P038,1,152.06,96.3,0.1,,0
O003815-1,O003815,P017,1,198.78,124.13,0.2,,0
O003815-2,O003815,P032,1,45.76,24.77,0.2,,0
O003815-3,O003815,P033,1,75.25,44.42,0.2,,0
O003815-4,O003815,P020,4,151.49,90.09,0.2,,0
O003816-1,O003816,P006,4,244.45,154.75,0.2,,0
O003816-2,O003816,P015,1,168.09,101.78,0.15,,0
O003817-1,O003817,P045,2,147.73,93.9,0,,0
O003818-1,O003818,P047,3,142.37,88.8,0.15,,0
O003818-2,O003818,P014,1,100.54,57.99,0.1,,0
O003819-1,O003819,P028,1,54.22,32.4,0,,0
O003819-2,O003819,P033,1,75.25,44.42,0,,0
O003819-3,O003819,P039,1,49.57,31.45,0,,0
O003819-4,O003819,P025,1,71.76,42.18,0,,0
O003820-1,O003820,P018,1,294.41,187.22,0.15000000000000002,Damaged,0
O003821-1,O003821,P030,3,46.94,28.34,0.1,,0
O003821-2,O003821,P027,3,42.25,24.81,0.1,,0
O003821-3,O003821,P020,2,151.49,90.09,0.1,,0
O003822-1,O003822,P009,4,296.73,204.62,0.15000000000000002,,0
O003822-2,O003822,P011,1,416.54,268.27,0.1,,0
O003823-1,O003823,P033,4,75.25,44.42,0.1,,0
O003823-2,O003823,P045,1,147.73,93.9,0.15,,0
O003824-1,O003824,P027,1,42.25,24.81,0.1,,0
O003825-1,O003825,P035,2,41.88,25.54,0.05,,0
O003825-2,O003825,P023,1,195.53,117.52,0.05,,0
O003826-1,O003826,P001,2,214.49,142.19,0,,0
O003826-2,O003826,P011,1,416.54,268.27,0.2,,0
O003827-1,O003827,P012,4,414.28,288.7,0.1,Wrong item,0
O003827-2,O003827,P021,1,221.99,142.61,0,Not as described,0
O003827-3,O003827,P039,1,49.57,31.45,0.1,Arrived late,0
O003827-4,O003827,P026,1,26.84,15.28,0.1,Arrived late,0
O003828-1,O003828,P035,1,41.88,25.54,0,,0
O003829-1,O003829,P011,2,416.54,268.27,0.15,,0
O003830-1,O003830,P014,4,100.54,57.99,0.15000000000000002,Changed mind,0
O003831-1,O003831,P033,2,75.25,44.42,0.05,,0
O003831-2,O003831,P024,1,104.96,63.45,0.1,,0
O003832-1,O003832,P001,2,214.49,142.19,0.2,,0
O003832-2,O003832,P018,1,294.41,187.22,0.1,,0
O003832-3,O003832,P029,1,62.03,33.59,0.2,,0
O003833-1,O003833,P026,3,26.84,15.28,0.1,Damaged,0
O003833-2,O003833,P046,1,180.61,102.64,0.05,Damaged,0
O003833-3,O003833,P023,2,195.53,117.52,0.05,Damaged,0
O003834-1,O003834,P001,4,214.49,142.19,0.1,,0
O003835-1,O003835,P043,1,205.47,129.67,0.2,,0
O003835-2,O003835,P006,1,244.45,154.75,0,,0
O003836-1,O003836,P040,1,195.87,114.95,0.1,,0
O003837-1,O003837,P034,1,25.32,14.75,0.05,,0
O003838-1,O003838,P032,2,45.76,24.77,0,,0
O003838-2,O003838,P018,2,294.41,187.22,0.15,,0
O003838-3,O003838,P017,3,198.78,124.13,0.15,,0
O003839-1,O003839,P021,3,221.99,142.61,0.1,,0
O003839-2,O003839,P040,1,195.87,114.95,0,,0
O003840-1,O003840,P005,3,183.5,123.78,0,,0
O003841-1,O003841,P010,2,60.45,40.54,0.1,,0
O003841-2,O003841,P042,3,180.79,114.47,0,,0
O003841-3,O003841,P009,1,296.73,204.62,0.2,,0
O003842-1,O003842,P008,1,253.51,162.28,0.1,,0
O003842-2,O003842,P023,1,195.53,117.52,0.1,,0
O003842-3,O003842,P021,1,221.99,142.61,0,,0
O003843-1,O003843,P029,1,62.03,33.59,0.05,,0
O003843-2,O003843,P037,1,81.55,51.15,0,,0
O003844-1,O003844,P043,2,205.47,129.67,0,,0
O003844-2,O003844,P034,2,25.32,14.75,0,,0
O003845-1,O003845,P021,1,221.99,142.61,0.2,,0
O003846-1,O003846,P041,1,78.7,44.75,0.15000000000000002,,0
O003847-1,O003847,P016,2,630.9,390.58,0.2,,0
O003848-1,O003848,P031,1,8.72,4.67,0.1,,0
O003849-1,O003849,P046,1,180.61,102.64,0.1,,0
O003850-1,O003850,P001,1,214.49,142.19,0.15,,0
O003851-1,O003851,P014,1,100.54,57.99,0,,0
O003852-1,O003852,P017,1,198.78,124.13,0,,0
O003853-1,O003853,P032,1,45.76,24.77,0,,0
O003853-2,O003853,P029,1,62.03,33.59,0.05,,0
O003854-1,O003854,P042,1,180.79,114.47,0.1,,0
O003855-1,O003855,P045,1,147.73,93.9,0.05,,0
O003856-1,O003856,P014,1,100.54,57.99,0,,0
O003856-2,O003856,P016,4,630.9,390.58,0.05,,0
O003857-1,O003857,P043,3,205.47,129.67,0,,0
O003857-2,O003857,P012,1,414.28,288.7,0.05,,0
O003858-1,O003858,P006,3,244.45,154.75,0,,0
O003859-1,O003859,P029,1,62.03,33.59,0,,0
O003859-2,O003859,P010,3,60.45,40.54,0,,0
O003859-3,O003859,P011,1,416.54,268.27,0.2,,0
O003860-1,O003860,P026,2,26.84,15.28,0.05,,0
O003861-1,O003861,P031,1,8.72,4.67,0.05,,0
O003861-2,O003861,P015,3,168.09,101.78,0.05,,0
O003862-1,O003862,P004,1,400.96,266.15,0.05,Damaged,0
O003862-2,O003862,P026,3,26.84,15.28,0.05,Changed mind,0
O003862-3,O003862,P048,1,87.18,54.6,0.15,Wrong item,0
O003863-1,O003863,P008,3,253.51,162.28,0.1,Changed mind,0
O003864-1,O003864,P022,3,568.95,369.55,0,,0
O003864-2,O003864,P032,3,45.76,24.77,0.05,,0
O003865-1,O003865,P040,1,195.87,114.95,0.05,,0
O003865-2,O003865,P010,5,60.45,40.54,0,,0
O003865-3,O003865,P018,1,294.41,187.22,0.1,,0
O003866-1,O003866,P010,1,60.45,40.54,0.05,,0
O003867-1,O003867,P038,2,152.06,96.3,0.15,,0
O003868-1,O003868,P004,1,400.96,266.15,0.1,,0
O003869-1,O003869,P017,1,198.78,124.13,0.1,,0
O003870-1,O003870,P021,3,221.99,142.61,0.2,,0
O003870-2,O003870,P031,2,8.72,4.67,0.05,,0
O003871-1,O003871,P037,1,81.55,51.15,0.2,,0
O003872-1,O003872,P027,1,42.25,24.81,0.05,,1
O003873-1,O003873,P004,1,400.96,266.15,0.05,Arrived late,0
O003873-2,O003873,P014,3,100.54,57.99,0.05,Changed mind,0
O003874-1,O003874,P028,4,54.22,32.4,0.15,,1
O003874-2,O003874,P005,2,183.5,123.78,0,,0
O003875-1,O003875,P047,1,142.37,88.8,0.05,,0
O003876-1,O003876,P029,1,62.03,33.59,0.05,,0
O003876-2,O003876,P039,4,49.57,31.45,0,,0
O003876-3,O003876,P016,1,630.9,390.58,0.1,,0
O003876-4,O003876,P025,2,71.76,42.18,0.1,,0
O003877-1,O003877,P022,1,568.95,369.55,0,,0
O003878-1,O003878,P045,2,147.73,93.9,0.1,,0
O003879-1,O003879,P023,2,195.53,117.52,0,,0
O003880-1,O003880,P043,1,205.47,129.67,0.1,,0
O003880-2,O003880,P027,2,42.25,24.81,0.2,,0
O003881-1,O003881,P016,2,630.9,390.58,0.15,,0
O003881-2,O003881,P026,1,26.84,15.28,0.05,,0
O003882-1,O003882,P017,2,198.78,124.13,0,,0
O003882-2,O003882,P027,1,42.25,24.81,0,,0
O003882-3,O003882,P024,1,104.96,63.45,0,,0
O003883-1,O003883,P029,1,62.03,33.59,0.2,,0
O003884-1,O003884,P015,1,168.09,101.78,0.2,,0
O003885-1,O003885,P022,1,568.95,369.55,0.15,,0
O003886-1,O003886,P036,1,35.45,21.49,0,,0
O003886-2,O003886,P032,1,45.76,24.77,0.1,,0
O003887-1,O003887,P008,1,253.51,162.28,0,,0
O003888-1,O003888,P047,1,142.37,88.8,0.15,,0
O003889-1,O003889,P012,2,414.28,288.7,0.1,,0
O003890-1,O003890,P009,4,296.73,204.62,0,,0
O003891-1,O003891,P020,2,151.49,90.09,0.1,Damaged,0
O003891-2,O003891,P040,1,195.87,114.95,0.05,Changed mind,0
O003891-3,O003891,P006,1,244.45,154.75,0,Changed mind,0
O003891-4,O003891,P042,2,180.79,114.47,0.1,Damaged,0
O003892-1,O003892,P034,1,25.32,14.75,0.15,,0
O003893-1,O003893,P025,2,71.76,42.18,0,,0
O003894-1,O003894,P023,1,195.53,117.52,0.15,,0
O003895-1,O003895,P011,3,416.54,268.27,0,,0
O003896-1,O003896,P026,2,26.84,15.28,0,,0
O003896-2,O003896,P022,1,568.95,369.55,0.05,,0
O003897-1,O003897,P023,2,195.53,117.52,0.2,,0
O003898-1,O003898,P028,1,54.22,32.4,0.05,,0
O003898-2,O003898,P045,1,147.73,93.9,0,,0
O003899-1,O003899,P009,1,296.73,204.62,0.2,Arrived late,0
O003900-1,O003900,P001,1,214.49,142.19,0,,0
O003901-1,O003901,P005,2,183.5,123.78,0.05,,0
O003902-1,O003902,P035,2,41.88,25.54,0.1,,0
O003902-2,O003902,P004,2,400.96,266.15,0.05,,0
O003903-1,O003903,P007,1,85.33,56.95,0,,0
O003904-1,O003904,P048,1,87.18,54.6,0.15,,0
O003904-2,O003904,P030,1,46.94,28.34,0,,0
O003904-3,O003904,P027,2,42.25,24.81,0.1,,0
O003905-1,O003905,P017,1,198.78,124.13,0,,0
O003906-1,O003906,P002,2,120.53,78.28,0,Changed mind,0
O003906-2,O003906,P001,1,214.49,142.19,0,Not as described,0
O003907-1,O003907,P047,4,142.37,88.8,0.1,,0
O003908-1,O003908,P031,1,8.72,4.67,0.05,,0
O003909-1,O003909,P005,2,183.5,123.78,0.2,,0
O003909-2,O003909,P015,2,168.09,101.78,0.15000000000000002,,0
O003910-1,O003910,P034,1,25.32,14.75,0.05,,0
O003911-1,O003911,P047,1,142.37,88.8,0.05,,0
O003911-2,O003911,P006,1,244.45,154.75,0.05,,0
O003912-1,O003912,P042,1,180.79,114.47,0,,0
O003913-1,O003913,P020,1,151.49,90.09,0,,0
O003913-2,O003913,P039,2,49.57,31.45,0.15,,0
O003913-3,O003913,P045,1,147.73,93.9,0.05,,0
O003914-1,O003914,P008,1,253.51,162.28,0,Not as described,0
O003914-2,O003914,P014,2,100.54,57.99,0,Damaged,0
O003915-1,O003915,P009,1,296.73,204.62,0.05,,0
O003915-2,O003915,P043,2,205.47,129.67,0.05,,0
O003916-1,O003916,P041,1,78.7,44.75,0.05,,0
O003917-1,O003917,P016,1,630.9,390.58,0,Not as described,0
O003918-1,O003918,P009,1,296.73,204.62,0,,0
O003918-2,O003918,P006,3,244.45,154.75,0.1,,0
O003919-1,O003919,P041,2,78.7,44.75,0,,0
O003919-2,O003919,P015,1,168.09,101.78,0.2,,0
O003920-1,O003920,P035,1,41.88,25.54,0.05,,0
O003920-2,O003920,P014,1,100.54,57.99,0.1,,0
O003921-1,O003921,P019,1,539.67,317.29,0,Wrong item,0
O003922-1,O003922,P004,1,400.96,266.15,0,,0
O003923-1,O003923,P047,1,142.37,88.8,0.05,,0
O003924-1,O003924,P019,1,539.67,317.29,0.15000000000000002,,0
O003924-2,O003924,P010,2,60.45,40.54,0.05,,0
O003924-3,O003924,P041,2,78.7,44.75,0.05,,0
O003925-1,O003925,P007,1,85.33,56.95,0.15,,0
O003926-1,O003926,P023,3,195.53,117.52,0,,0
O003927-1,O003927,P012,2,414.28,288.7,0,,0
O003928-1,O003928,P016,2,630.9,390.58,0.05,,0
O003928-2,O003928,P019,1,539.67,317.29,0,,0
O003928-3,O003928,P036,2,35.45,21.49,0.05,,0
O003929-1,O003929,P026,1,26.84,15.28,0.1,,0
O003930-1,O003930,P041,2,78.7,44.75,0.15000000000000002,,0
O003931-1,O003931,P048,1,87.18,54.6,0,,0
O003931-2,O003931,P019,2,539.67,317.29,0.1,,0
O003932-1,O003932,P020,1,151.49,90.09,0,,0
O003932-2,O003932,P004,1,400.96,266.15,0.05,,0
O003932-3,O003932,P032,2,45.76,24.77,0.2,,0
O003933-1,O003933,P010,1,60.45,40.54,0,,0
O003934-1,O003934,P003,1,139.72,94.93,0.15,,0
O003934-2,O003934,P039,1,49.57,31.45,0.15,,0
O003935-1,O003935,P003,1,139.72,94.93,0,,0
O003935-2,O003935,P020,2,151.49,90.09,0.1,,0
O003935-3,O003935,P012,3,414.28,288.7,0,,0
O003936-1,O003936,P004,2,400.96,266.15,0,,0
O003936-2,O003936,P010,1,60.45,40.54,0.15,,0
O003937-1,O003937,P006,3,244.45,154.75,0.15000000000000002,,0
O003937-2,O003937,P009,1,296.73,204.62,0.05,,0
O003937-3,O003937,P002,2,120.53,78.28,0.2,,0
O003938-1,O003938,P022,2,568.95,369.55,0.15,,0
O003939-1,O003939,P032,1,45.76,24.77,0.1,,0
O003939-2,O003939,P013,3,418.01,238.98,0,,0
O003940-1,O003940,P031,1,8.72,4.67,0,,0
O003941-1,O003941,P027,4,42.25,24.81,0,,0
O003941-2,O003941,P009,3,296.73,204.62,0.05,,0
O003942-1,O003942,P008,1,253.51,162.28,0,,0
O003943-1,O003943,P026,2,26.84,15.28,0,,0
O003943-2,O003943,P039,2,49.57,31.45,0.05,,0
O003944-1,O003944,P029,2,62.03,33.59,0,,0
O003944-2,O003944,P032,4,45.76,24.77,0.05,,0
O003944-3,O003944,P042,1,180.79,114.47,0.1,,0
O003944-4,O003944,P021,4,221.99,142.61,0,,0
O003945-1,O003945,P043,1,205.47,129.67,0.05,,0
O003946-1,O003946,P038,3,152.06,96.3,0,,0
O003946-2,O003946,P018,1,294.41,187.22,0,,0
O003947-1,O003947,P014,1,100.54,57.99,0,,0
O003948-1,O003948,P047,2,142.37,88.8,0,,0
O003948-2,O003948,P002,2,120.53,78.28,0,,0
O003949-1,O003949,P044,1,134.21,77.33,0.05,,0
O003950-1,O003950,P025,3,71.76,42.18,0,,0
O003951-1,O003951,P024,4,104.96,63.45,0.05,,0
O003951-2,O003951,P018,3,294.41,187.22,0,,0
O003952-1,O003952,P041,1,78.7,44.75,0,,0
O003953-1,O003953,P024,1,104.96,63.45,0.05,Wrong item,0
O003953-2,O003953,P029,3,62.03,33.59,0.05,Wrong item,0
O003954-1,O003954,P007,3,85.33,56.95,0,,0
O003954-2,O003954,P030,1,46.94,28.34,0.05,,0
O003954-3,O003954,P032,5,45.76,24.77,0,,0
O003955-1,O003955,P046,1,180.61,102.64,0.1,,0
O003956-1,O003956,P005,1,183.5,123.78,0.15,,0
O003957-1,O003957,P042,1,180.79,114.47,0.15000000000000002,,0
O003957-2,O003957,P038,1,152.06,96.3,0.2,,0
O003957-3,O003957,P048,1,87.18,54.6,0.2,,0
O003958-1,O003958,P039,2,49.57,31.45,0,,0
O003958-2,O003958,P001,1,214.49,142.19,0.1,,0
O003959-1,O003959,P008,3,253.51,162.28,0.05,Changed mind,0
O003959-2,O003959,P016,2,630.9,390.58,0.05,Not as described,0
O003959-3,O003959,P044,1,134.21,77.33,0.1,Wrong item,0
O003960-1,O003960,P012,1,414.28,288.7,0.1,,0
O003961-1,O003961,P039,2,49.57,31.45,0.1,,0
O003962-1,O003962,P033,1,75.25,44.42,0.1,,0
O003963-1,O003963,P001,2,214.49,142.19,0.15,,0
O003963-2,O003963,P014,1,100.54,57.99,0.05,,0
O003964-1,O003964,P022,1,568.95,369.55,0,,0
O003965-1,O003965,P030,1,46.94,28.34,0,,0
O003965-2,O003965,P032,1,45.76,24.77,0,,0
O003966-1,O003966,P007,1,85.33,56.95,0.1,,0
O003967-1,O003967,P047,1,142.37,88.8,0.15,,0
O003967-2,O003967,P022,1,568.95,369.55,0.05,,0
O003968-1,O003968,P036,2,35.45,21.49,0.05,,0
O003968-2,O003968,P027,5,42.25,24.81,0.1,,0
O003969-1,O003969,P011,1,416.54,268.27,0.05,,1
O003970-1,O003970,P030,1,46.94,28.34,0.05,,0
O003971-1,O003971,P002,2,120.53,78.28,0.15,,0
O003971-2,O003971,P015,2,168.09,101.78,0,,0
O003972-1,O003972,P035,1,41.88,25.54,0.15,Not as described,0
O003972-2,O003972,P020,1,151.49,90.09,0.05,Arrived late,0
O003972-3,O003972,P038,2,152.06,96.3,0.1,Wrong item,0
O003972-4,O003972,P014,1,100.54,57.99,0,Changed mind,0
O003973-1,O003973,P034,1,25.32,14.75,0,,0
O003973-2,O003973,P016,1,630.9,390.58,0.2,,0
O003974-1,O003974,P018,1,294.41,187.22,0.15,,0
O003974-2,O003974,P044,1,134.21,77.33,0.1,,0
O003975-1,O003975,P036,1,35.45,21.49,0.2,,0
O003976-1,O003976,P022,1,568.95,369.55,0.05,Damaged,0
O003976-2,O003976,P001,3,214.49,142.19,0.1,Changed mind,0
O003976-3,O003976,P025,1,71.76,42.18,0.15,Arrived late,0
O003977-1,O003977,P032,3,45.76,24.77,0.2,,0
O003977-2,O003977,P042,2,180.79,114.47,0.05,,0
O003977-3,O003977,P030,2,46.94,28.34,0.2,,0
O003977-4,O003977,P039,1,49.57,31.45,0.1,,0
O003978-1,O003978,P026,1,26.84,15.28,0.15,,0
O003979-1,O003979,P032,1,45.76,24.77,0.15000000000000002,,0
O003980-1,O003980,P044,3,134.21,77.33,0.05,,0
O003980-2,O003980,P004,1,400.96,266.15,0,,0
O003981-1,O003981,P013,3,418.01,238.98,0.05,Arrived late,0
O003981-2,O003981,P043,1,205.47,129.67,0.05,Wrong item,1
O003982-1,O003982,P031,4,8.72,4.67,0.2,,0
O003982-2,O003982,P008,4,253.51,162.28,0.15000000000000002,,0
O003983-1,O003983,P028,5,54.22,32.4,0,,1
O003983-2,O003983,P019,1,539.67,317.29,0,,1
O003984-1,O003984,P035,1,41.88,25.54,0,,0
O003984-2,O003984,P029,1,62.03,33.59,0.1,,0
O003985-1,O003985,P029,1,62.03,33.59,0.1,,0
O003985-2,O003985,P024,1,104.96,63.45,0,,0
O003986-1,O003986,P030,2,46.94,28.34,0.05,,0
O003987-1,O003987,P008,3,253.51,162.28,0,,0
O003988-1,O003988,P025,5,71.76,42.18,0.1,,0
O003989-1,O003989,P022,1,568.95,369.55,0.1,,0
O003989-2,O003989,P033,1,75.25,44.42,0.15,,0
O003990-1,O003990,P027,1,42.25,24.81,0,,0
O003991-1,O003991,P042,1,180.79,114.47,0,,0
O003992-1,O003992,P048,1,87.18,54.6,0,,0
O003992-2,O003992,P041,1,78.7,44.75,0,,0
O003992-3,O003992,P029,1,62.03,33.59,0.1,,0
O003993-1,O003993,P020,2,151.49,90.09,0.05,,0
O003993-2,O003993,P045,2,147.73,93.9,0.15,,0
O003993-3,O003993,P036,3,35.45,21.49,0.15,,0
O003993-4,O003993,P028,2,54.22,32.4,0.15,,0
O003994-1,O003994,P034,1,25.32,14.75,0.05,,0
O003995-1,O003995,P024,2,104.96,63.45,0.05,,0
O003996-1,O003996,P041,3,78.7,44.75,0.05,,0
O003996-2,O003996,P024,1,104.96,63.45,0,,0
O003997-1,O003997,P018,1,294.41,187.22,0,,0
O003997-2,O003997,P023,1,195.53,117.52,0.1,,0
O003998-1,O003998,P042,1,180.79,114.47,0,,0
O003998-2,O003998,P036,2,35.45,21.49,0.05,,0
O003998-3,O003998,P008,1,253.51,162.28,0.2,,0
O003999-1,O003999,P048,1,87.18,54.6,0.1,,0
O003999-2,O003999,P041,1,78.7,44.75,0,,0
O003999-3,O003999,P034,3,25.32,14.75,0.1,,0
O004000-1,O004000,P037,1,81.55,51.15,0.1,,0
O004000-2,O004000,P036,2,35.45,21.49,0.05,,0
O004000-3,O004000,P033,1,75.25,44.42,0.1,,0
O004001-1,O004001,P012,2,414.28,288.7,0.15000000000000002,,0
O004002-1,O004002,P041,1,78.7,44.75,0.05,,0
O004003-1,O004003,P017,2,198.78,124.13,0.2,,0
O004004-1,O004004,P014,5,100.54,57.99,0,,0
O004004-2,O004004,P029,2,62.03,33.59,0,,0
O004005-1,O004005,P022,1,568.95,369.55,0,,0
O004006-1,O004006,P014,1,100.54,57.99,0.1,,0
O004007-1,O004007,P009,1,296.73,204.62,0,Not as described,0
O004007-2,O004007,P047,1,142.37,88.8,0,Changed mind,0
O004008-1,O004008,P043,1,205.47,129.67,0.2,,0
O004008-2,O004008,P031,1,8.72,4.67,0,,0
O004009-1,O004009,P046,1,180.61,102.64,0.05,,0
O004010-1,O004010,P041,1,78.7,44.75,0.05,,0
O004010-2,O004010,P010,1,60.45,40.54,0.05,,0
O004010-3,O004010,P002,1,120.53,78.28,0.1,,0
O004011-1,O004011,P048,2,87.18,54.6,0.2,Changed mind,0
O004012-1,O004012,P035,2,41.88,25.54,0,,0
O004012-2,O004012,P037,1,81.55,51.15,0.1,,0
O004013-1,O004013,P011,2,416.54,268.27,0.05,,0
O004013-2,O004013,P021,1,221.99,142.61,0.05,,0
O004013-3,O004013,P001,2,214.49,142.19,0,,0
O004013-4,O004013,P039,1,49.57,31.45,0.05,,0
O004014-1,O004014,P043,1,205.47,129.67,0,,0
O004015-1,O004015,P005,1,183.5,123.78,0,,0
O004015-2,O004015,P021,2,221.99,142.61,0.15,,0
O004016-1,O004016,P025,2,71.76,42.18,0.05,,0
O004017-1,O004017,P025,1,71.76,42.18,0.1,,0
O004018-1,O004018,P012,1,414.28,288.7,0.15,,0
O004019-1,O004019,P043,1,205.47,129.67,0.1,,0
O004019-2,O004019,P010,1,60.45,40.54,0.15,,0
O004020-1,O004020,P047,4,142.37,88.8,0,,0
O004021-1,O004021,P036,2,35.45,21.49,0,,0
O004021-2,O004021,P043,2,205.47,129.67,0,,0
O004022-1,O004022,P025,4,71.76,42.18,0,,0
O004022-2,O004022,P004,1,400.96,266.15,0,,0
O004023-1,O004023,P007,1,85.33,56.95,0.05,,0
O004024-1,O004024,P035,1,41.88,25.54,0,,0
O004024-2,O004024,P015,2,168.09,101.78,0.1,,0
O004025-1,O004025,P035,1,41.88,25.54,0,,0
O004026-1,O004026,P006,1,244.45,154.75,0.05,,0
O004027-1,O004027,P027,3,42.25,24.81,0.05,,0
O004028-1,O004028,P006,1,244.45,154.75,0.1,Not as described,0
O004029-1,O004029,P029,1,62.03,33.59,0.1,,0
O004029-2,O004029,P042,4,180.79,114.47,0.1,,0
O004030-1,O004030,P027,2,42.25,24.81,0.05,,0
O004030-2,O004030,P047,1,142.37,88.8,0.15,,0
O004031-1,O004031,P026,4,26.84,15.28,0.05,,0
O004032-1,O004032,P038,1,152.06,96.3,0.05,,0
O004033-1,O004033,P031,1,8.72,4.67,0.1,,0
O004034-1,O004034,P024,1,104.96,63.45,0.05,,1
O004035-1,O004035,P002,2,120.53,78.28,0.05,,0
O004035-2,O004035,P003,1,139.72,94.93,0,,0
O004036-1,O004036,P039,1,49.57,31.45,0,Damaged,0
O004036-2,O004036,P022,1,568.95,369.55,0,Not as described,0
O004037-1,O004037,P017,1,198.78,124.13,0.05,,0
O004038-1,O004038,P031,1,8.72,4.67,0.15,,0
O004039-1,O004039,P013,3,418.01,238.98,0,,0
O004039-2,O004039,P009,1,296.73,204.62,0,,0
O004039-3,O004039,P036,2,35.45,21.49,0,,0
O004040-1,O004040,P037,1,81.55,51.15,0.05,,0
O004040-2,O004040,P035,2,41.88,25.54,0.15,,0
O004041-1,O004041,P010,2,60.45,40.54,0.15,,0
O004042-1,O004042,P033,1,75.25,44.42,0.1,,0
O004043-1,O004043,P013,1,418.01,238.98,0.1,,0
O004044-1,O004044,P007,3,85.33,56.95,0,,0
O004045-1,O004045,P045,1,147.73,93.9,0.15000000000000002,,0
O004046-1,O004046,P036,1,35.45,21.49,0,,0
O004046-2,O004046,P022,3,568.95,369.55,0,,0
O004046-3,O004046,P004,1,400.96,266.15,0,,0
O004047-1,O004047,P037,1,81.55,51.15,0,,0
O004048-1,O004048,P046,1,180.61,102.64,0,Wrong item,0
O004049-1,O004049,P025,2,71.76,42.18,0.15,,0
O004050-1,O004050,P046,1,180.61,102.64,0,,0
O004050-2,O004050,P045,1,147.73,93.9,0.1,,0
O004051-1,O004051,P044,1,134.21,77.33,0.1,,0
O004052-1,O004052,P020,2,151.49,90.09,0.15000000000000002,,0
O004052-2,O004052,P035,1,41.88,25.54,0.05,,0
O004053-1,O004053,P008,1,253.51,162.28,0,,0
O004053-2,O004053,P019,1,539.67,317.29,0.2,,0
O004054-1,O004054,P028,2,54.22,32.4,0.05,,0
O004054-2,O004054,P011,1,416.54,268.27,0.1,,0
O004054-3,O004054,P036,1,35.45,21.49,0.2,,0
O004055-1,O004055,P032,1,45.76,24.77,0,,0
O004056-1,O004056,P001,2,214.49,142.19,0.05,,0
O004056-2,O004056,P045,1,147.73,93.9,0.05,,0
O004056-3,O004056,P019,2,539.67,317.29,0.15,,0
O004056-4,O004056,P044,3,134.21,77.33,0.05,,0
O004057-1,O004057,P035,1,41.88,25.54,0,,0
O004058-1,O004058,P028,4,54.22,32.4,0,,0
O004059-1,O004059,P045,2,147.73,93.9,0,,0
O004060-1,O004060,P041,1,78.7,44.75,0.15,,0
O004060-2,O004060,P031,1,8.72,4.67,0.1,,0
O004061-1,O004061,P030,1,46.94,28.34,0.1,,0
O004062-1,O004062,P040,2,195.87,114.95,0.2,,0
O004063-1,O004063,P035,1,41.88,25.54,0.05,,0
O004063-2,O004063,P027,1,42.25,24.81,0.1,,0
O004064-1,O004064,P042,3,180.79,114.47,0.15000000000000002,,0
O004064-2,O004064,P019,2,539.67,317.29,0.05,,0
O004065-1,O004065,P039,2,49.57,31.45,0.05,,0
O004066-1,O004066,P026,2,26.84,15.28,0.1,,0
O004066-2,O004066,P024,1,104.96,63.45,0.05,,0
O004067-1,O004067,P048,2,87.18,54.6,0,,0
O004067-2,O004067,P033,1,75.25,44.42,0.05,,0
O004068-1,O004068,P008,2,253.51,162.28,0.15,,0
O004068-2,O004068,P032,1,45.76,24.77,0.15,,0
O004069-1,O004069,P005,3,183.5,123.78,0,,0
O004070-1,O004070,P020,2,151.49,90.09,0,Not as described,0
O004070-2,O004070,P005,3,183.5,123.78,0.2,Wrong item,0
O004070-3,O004070,P044,5,134.21,77.33,0,Wrong item,0
O004071-1,O004071,P035,1,41.88,25.54,0.1,,0
O004072-1,O004072,P037,3,81.55,51.15,0.15000000000000002,,0
O004073-1,O004073,P020,2,151.49,90.09,0.15000000000000002,,0
O004073-2,O004073,P040,3,195.87,114.95,0.05,,0
O004074-1,O004074,P037,1,81.55,51.15,0,,0
O004075-1,O004075,P029,1,62.03,33.59,0,,1
O004076-1,O004076,P031,3,8.72,4.67,0,,0
O004077-1,O004077,P036,4,35.45,21.49,0.1,,0
O004077-2,O004077,P030,2,46.94,28.34,0.05,,0
O004078-1,O004078,P027,2,42.25,24.81,0.05,,0
O004079-1,O004079,P001,1,214.49,142.19,0.1,,0
O004079-2,O004079,P005,1,183.5,123.78,0.05,,0
O004079-3,O004079,P018,1,294.41,187.22,0.05,,0
O004080-1,O004080,P014,2,100.54,57.99,0.1,,0
O004080-2,O004080,P033,2,75.25,44.42,0.15,,0
O004081-1,O004081,P004,2,400.96,266.15,0,,0
O004081-2,O004081,P013,2,418.01,238.98,0,,0
O004082-1,O004082,P030,3,46.94,28.34,0.1,,0
O004083-1,O004083,P020,1,151.49,90.09,0.2,,0
O004084-1,O004084,P037,2,81.55,51.15,0.1,,0
O004084-2,O004084,P004,1,400.96,266.15,0,,0
O004085-1,O004085,P034,1,25.32,14.75,0,,0
O004085-2,O004085,P009,2,296.73,204.62,0,,0
O004086-1,O004086,P006,1,244.45,154.75,0,,0
O004086-2,O004086,P046,2,180.61,102.64,0,,0
O004086-3,O004086,P010,1,60.45,40.54,0,,0
O004087-1,O004087,P045,5,147.73,93.9,0.15000000000000002,,0
O004088-1,O004088,P022,1,568.95,369.55,0,,0
O004088-2,O004088,P007,3,85.33,56.95,0,,0
O004088-3,O004088,P010,1,60.45,40.54,0.1,,0
O004089-1,O004089,P014,1,100.54,57.99,0.15000000000000002,,0
O004090-1,O004090,P009,2,296.73,204.62,0.05,,0
O004090-2,O004090,P004,2,400.96,266.15,0.1,,0
O004090-3,O004090,P006,2,244.45,154.75,0.1,,0
O004091-1,O004091,P027,1,42.25,24.81,0.05,,0
O004091-2,O004091,P009,1,296.73,204.62,0.15000000000000002,,0
O004092-1,O004092,P012,3,414.28,288.7,0.05,,0
O004093-1,O004093,P038,1,152.06,96.3,0,,0
O004093-2,O004093,P028,2,54.22,32.4,0,,0
O004094-1,O004094,P006,2,244.45,154.75,0.05,,0
O004094-2,O004094,P004,1,400.96,266.15,0.2,,0
O004095-1,O004095,P005,2,183.5,123.78,0.1,,0
O004095-2,O004095,P015,1,168.09,101.78,0.1,,0
O004096-1,O004096,P026,2,26.84,15.28,0,,0
O004097-1,O004097,P021,1,221.99,142.61,0.05,,0
O004098-1,O004098,P033,3,75.25,44.42,0.05,,0
O004099-1,O004099,P034,4,25.32,14.75,0.2,,0
O004100-1,O004100,P036,2,35.45,21.49,0,,0
O004101-1,O004101,P036,3,35.45,21.49,0.15,,0
O004101-2,O004101,P039,1,49.57,31.45,0,,0
O004102-1,O004102,P044,2,134.21,77.33,0,,0
O004102-2,O004102,P011,4,416.54,268.27,0,,0
O004103-1,O004103,P038,2,152.06,96.3,0.05,,0
O004103-2,O004103,P025,2,71.76,42.18,0.1,,0
O004104-1,O004104,P012,3,414.28,288.7,0.05,,0
O004104-2,O004104,P037,2,81.55,51.15,0.05,,0
O004105-1,O004105,P019,1,539.67,317.29,0,,0
O004105-2,O004105,P010,1,60.45,40.54,0.2,,0
O004106-1,O004106,P024,2,104.96,63.45,0.1,,0
O004107-1,O004107,P035,1,41.88,25.54,0,,0
O004108-1,O004108,P044,1,134.21,77.33,0.05,,0
O004109-1,O004109,P003,1,139.72,94.93,0.15,,0
O004110-1,O004110,P025,2,71.76,42.18,0.05,,0
O004111-1,O004111,P044,2,134.21,77.33,0.2,,0
O004112-1,O004112,P005,1,183.5,123.78,0.15,,0
O004113-1,O004113,P048,1,87.18,54.6,0.05,,0
O004114-1,O004114,P018,1,294.41,187.22,0.15,,0
O004115-1,O004115,P005,1,183.5,123.78,0.1,,0
O004116-1,O004116,P033,2,75.25,44.42,0.2,,0
O004116-2,O004116,P048,1,87.18,54.6,0.05,,0
O004117-1,O004117,P015,1,168.09,101.78,0.15,,0
O004118-1,O004118,P028,2,54.22,32.4,0.05,,0
O004119-1,O004119,P018,1,294.41,187.22,0.05,,0
O004120-1,O004120,P028,1,54.22,32.4,0.05,,0
O004120-2,O004120,P029,3,62.03,33.59,0.05,,0
O004121-1,O004121,P025,1,71.76,42.18,0.1,,0
O004121-2,O004121,P024,2,104.96,63.45,0.05,,0
O004122-1,O004122,P001,4,214.49,142.19,0.1,,0
O004122-2,O004122,P047,2,142.37,88.8,0.1,,0
O004123-1,O004123,P033,2,75.25,44.42,0,,0
O004124-1,O004124,P035,2,41.88,25.54,0,,0
O004125-1,O004125,P035,4,41.88,25.54,0.15,,0
O004126-1,O004126,P021,1,221.99,142.61,0.05,,1
O004126-2,O004126,P015,1,168.09,101.78,0,,1
O004127-1,O004127,P032,1,45.76,24.77,0.05,,0
O004127-2,O004127,P043,1,205.47,129.67,0.05,,0
O004128-1,O004128,P005,1,183.5,123.78,0.05,,0
O004129-1,O004129,P028,1,54.22,32.4,0.05,,0
O004129-2,O004129,P047,1,142.37,88.8,0.1,,0
O004130-1,O004130,P017,2,198.78,124.13,0,,0
O004130-2,O004130,P024,2,104.96,63.45,0,,0
O004131-1,O004131,P036,1,35.45,21.49,0.1,Wrong item,0
O004132-1,O004132,P037,1,81.55,51.15,0.05,,0
O004133-1,O004133,P004,2,400.96,266.15,0.1,,0
O004134-1,O004134,P016,2,630.9,390.58,0.2,,0
O004134-2,O004134,P020,1,151.49,90.09,0.15,,0
O004134-3,O004134,P006,1,244.45,154.75,0.1,,0
O004134-4,O004134,P010,1,60.45,40.54,0,,0
O004135-1,O004135,P017,2,198.78,124.13,0,,0
O004136-1,O004136,P003,2,139.72,94.93,0.05,,0
O004136-2,O004136,P025,2,71.76,42.18,0.1,,0
O004136-3,O004136,P002,1,120.53,78.28,0.05,,0
O004136-4,O004136,P045,1,147.73,93.9,0.1,,0
O004137-1,O004137,P014,1,100.54,57.99,0.15,,0
O004138-1,O004138,P032,1,45.76,24.77,0.15000000000000002,,0
O004139-1,O004139,P046,5,180.61,102.64,0,,0
O004140-1,O004140,P010,1,60.45,40.54,0.05,Changed mind,0
O004141-1,O004141,P035,2,41.88,25.54,0,,0
O004141-2,O004141,P029,1,62.03,33.59,0.2,,0
O004142-1,O004142,P013,1,418.01,238.98,0,,0
O004142-2,O004142,P018,2,294.41,187.22,0,,0
O004143-1,O004143,P028,1,54.22,32.4,0.2,,0
O004144-1,O004144,P001,1,214.49,142.19,0.05,,0
O004144-2,O004144,P014,1,100.54,57.99,0.1,,0
O004144-3,O004144,P039,1,49.57,31.45,0,,0
O004145-1,O004145,P035,1,41.88,25.54,0.1,,0
O004146-1,O004146,P008,1,253.51,162.28,0.1,,0
O004146-2,O004146,P005,3,183.5,123.78,0,,0
O004146-3,O004146,P010,1,60.45,40.54,0.05,,0
O004147-1,O004147,P006,5,244.45,154.75,0.05,,0
O004147-2,O004147,P013,2,418.01,238.98,0,,0
O004147-3,O004147,P047,2,142.37,88.8,0.05,,0
O004148-1,O004148,P001,2,214.49,142.19,0.05,,0
O004148-2,O004148,P026,2,26.84,15.28,0.15000000000000002,,0
O004148-3,O004148,P031,3,8.72,4.67,0.05,,0
O004149-1,O004149,P048,2,87.18,54.6,0,,0
O004150-1,O004150,P041,2,78.7,44.75,0.05,,0
O004150-2,O004150,P028,1,54.22,32.4,0.05,,0
O004151-1,O004151,P045,2,147.73,93.9,0,,0
O004151-2,O004151,P036,2,35.45,21.49,0.05,,0
O004151-3,O004151,P022,2,568.95,369.55,0,,0
O004152-1,O004152,P044,1,134.21,77.33,0.1,Arrived late,0
O004152-2,O004152,P024,2,104.96,63.45,0.2,Changed mind,0
O004153-1,O004153,P027,4,42.25,24.81,0.05,,0
O004154-1,O004154,P042,3,180.79,114.47,0.2,,0
O004154-2,O004154,P019,2,539.67,317.29,0.2,,0
O004154-3,O004154,P005,2,183.5,123.78,0.2,,0
O004155-1,O004155,P026,3,26.84,15.28,0.1,,0
O004156-1,O004156,P006,1,244.45,154.75,0.2,,0
O004157-1,O004157,P006,2,244.45,154.75,0.1,,0
O004158-1,O004158,P032,4,45.76,24.77,0.05,,0
O004158-2,O004158,P018,2,294.41,187.22,0.1,,0
O004158-3,O004158,P012,3,414.28,288.7,0.05,,0
O004159-1,O004159,P007,1,85.33,56.95,0,,0
O004159-2,O004159,P024,1,104.96,63.45,0.1,,0
O004159-3,O004159,P031,1,8.72,4.67,0.1,,0
O004160-1,O004160,P025,1,71.76,42.18,0.05,,0
O004160-2,O004160,P037,2,81.55,51.15,0,,0
O004160-3,O004160,P001,1,214.49,142.19,0.1,,0
O004161-1,O004161,P042,2,180.79,114.47,0.05,,0
O004161-2,O004161,P033,1,75.25,44.42,0.05,,0
O004161-3,O004161,P015,2,168.09,101.78,0.05,,0
O004161-4,O004161,P032,1,45.76,24.77,0.05,,0
O004162-1,O004162,P001,1,214.49,142.19,0,,0
O004162-2,O004162,P027,2,42.25,24.81,0.1,,0
O004163-1,O004163,P026,3,26.84,15.28,0.05,,0
O004164-1,O004164,P033,2,75.25,44.42,0,,0
O004164-2,O004164,P007,1,85.33,56.95,0.2,,0
O004164-3,O004164,P014,2,100.54,57.99,0.05,,0
O004165-1,O004165,P008,1,253.51,162.28,0,Changed mind,0
O004165-2,O004165,P016,1,630.9,390.58,0.1,Not as described,0
O004166-1,O004166,P004,2,400.96,266.15,0.1,,0
O004166-2,O004166,P036,1,35.45,21.49,0.15000000000000002,,0
O004167-1,O004167,P005,2,183.5,123.78,0.15,Wrong item,0
O004168-1,O004168,P041,3,78.7,44.75,0.05,,0
O004168-2,O004168,P034,1,25.32,14.75,0.1,,0
O004169-1,O004169,P027,1,42.25,24.81,0.2,,0
O004170-1,O004170,P011,1,416.54,268.27,0.1,,0
O004171-1,O004171,P009,2,296.73,204.62,0.1,,0
O004172-1,O004172,P003,1,139.72,94.93,0,,0
O004172-2,O004172,P043,1,205.47,129.67,0,,0
O004173-1,O004173,P038,1,152.06,96.3,0.15000000000000002,,0
O004173-2,O004173,P005,1,183.5,123.78,0.2,,0
O004174-1,O004174,P027,1,42.25,24.81,0.05,,0
O004175-1,O004175,P025,1,71.76,42.18,0.1,,0
O004175-2,O004175,P035,2,41.88,25.54,0.05,,0
O004176-1,O004176,P014,4,100.54,57.99,0.1,,0
O004176-2,O004176,P034,1,25.32,14.75,0.05,,0
O004177-1,O004177,P005,1,183.5,123.78,0.1,,0
O004177-2,O004177,P026,1,26.84,15.28,0.2,,0
O004177-3,O004177,P046,4,180.61,102.64,0.15,,0
O004178-1,O004178,P029,1,62.03,33.59,0.15000000000000002,,0
O004179-1,O004179,P025,3,71.76,42.18,0,Wrong item,0
O004180-1,O004180,P020,2,151.49,90.09,0.05,,0
O004180-2,O004180,P018,2,294.41,187.22,0.05,,0
O004181-1,O004181,P035,1,41.88,25.54,0.05,,0
O004181-2,O004181,P008,1,253.51,162.28,0,,0
O004182-1,O004182,P032,1,45.76,24.77,0.15000000000000002,,1
O004183-1,O004183,P026,2,26.84,15.28,0.1,,1
O004184-1,O004184,P048,1,87.18,54.6,0.1,,0
O004184-2,O004184,P022,2,568.95,369.55,0,,0
O004184-3,O004184,P036,3,35.45,21.49,0.05,,0
O004185-1,O004185,P048,2,87.18,54.6,0.05,,0
O004185-2,O004185,P009,1,296.73,204.62,0.05,,0
O004185-3,O004185,P028,1,54.22,32.4,0.1,,0
O004186-1,O004186,P032,2,45.76,24.77,0.15,,0
O004186-2,O004186,P008,1,253.51,162.28,0.05,,0
O004187-1,O004187,P024,1,104.96,63.45,0.05,,0
O004187-2,O004187,P048,2,87.18,54.6,0.1,,0
O004187-3,O004187,P006,2,244.45,154.75,0.2,,0
O004188-1,O004188,P041,1,78.7,44.75,0.2,,0
O004188-2,O004188,P034,2,25.32,14.75,0.05,,0
O004188-3,O004188,P002,1,120.53,78.28,0.05,,0
O004189-1,O004189,P020,1,151.49,90.09,0,,0
O004190-1,O004190,P046,1,180.61,102.64,0.15,,0
O004191-1,O004191,P046,3,180.61,102.64,0,,0
O004191-2,O004191,P035,1,41.88,25.54,0.1,,0
O004192-1,O004192,P031,1,8.72,4.67,0.15000000000000002,,0
O004193-1,O004193,P006,1,244.45,154.75,0.15,,0
O004193-2,O004193,P044,1,134.21,77.33,0,,0
O004194-1,O004194,P042,3,180.79,114.47,0.2,,0
O004194-2,O004194,P043,1,205.47,129.67,0.15,,0
O004195-1,O004195,P032,2,45.76,24.77,0,,0
O004196-1,O004196,P012,1,414.28,288.7,0.15000000000000002,,0
O004196-2,O004196,P021,4,221.99,142.61,0.2,,0
O004196-3,O004196,P026,1,26.84,15.28,0.1,,0
O004197-1,O004197,P036,2,35.45,21.49,0,Not as described,0
O004198-1,O004198,P035,2,41.88,25.54,0.15,,0
O004199-1,O004199,P019,1,539.67,317.29,0,,0
O004199-2,O004199,P030,1,46.94,28.34,0.05,,0
O004200-1,O004200,P048,1,87.18,54.6,0.05,,1
O004201-1,O004201,P011,1,416.54,268.27,0.15,,0
O004202-1,O004202,P003,1,139.72,94.93,0.05,,0
O004202-2,O004202,P033,1,75.25,44.42,0,,0
O004203-1,O004203,P037,1,81.55,51.15,0.2,,0
O004204-1,O004204,P026,1,26.84,15.28,0,,0
O004205-1,O004205,P025,2,71.76,42.18,0,,0
O004205-2,O004205,P007,1,85.33,56.95,0,,0
O004206-1,O004206,P039,1,49.57,31.45,0.15,,0
O004206-2,O004206,P009,1,296.73,204.62,0,,0
O004207-1,O004207,P045,1,147.73,93.9,0.1,,0
O004207-2,O004207,P014,2,100.54,57.99,0,,0
O004208-1,O004208,P039,1,49.57,31.45,0.1,,0
O004209-1,O004209,P020,3,151.49,90.09,0.05,,0
O004210-1,O004210,P013,3,418.01,238.98,0,,0
O004211-1,O004211,P001,1,214.49,142.19,0.15,,0
O004211-2,O004211,P031,3,8.72,4.67,0,,0
O004211-3,O004211,P016,2,630.9,390.58,0.05,,0
O004212-1,O004212,P037,1,81.55,51.15,0.1,,0
O004212-2,O004212,P013,3,418.01,238.98,0,,0
O004212-3,O004212,P043,1,205.47,129.67,0.1,,0
O004213-1,O004213,P029,1,62.03,33.59,0,,0
O004214-1,O004214,P040,2,195.87,114.95,0.05,,0
O004215-1,O004215,P016,1,630.9,390.58,0.05,Changed mind,0
O004216-1,O004216,P042,4,180.79,114.47,0,,0
O004217-1,O004217,P045,3,147.73,93.9,0.15,,0
O004217-2,O004217,P010,1,60.45,40.54,0.1,,0
O004218-1,O004218,P044,1,134.21,77.33,0.2,,0
O004219-1,O004219,P026,1,26.84,15.28,0.15,,0
O004219-2,O004219,P046,5,180.61,102.64,0.05,,0
O004220-1,O004220,P016,2,630.9,390.58,0,,0
O004220-2,O004220,P024,1,104.96,63.45,0.15,,0
O004221-1,O004221,P006,4,244.45,154.75,0.1,,0
O004222-1,O004222,P013,4,418.01,238.98,0.05,,0
O004223-1,O004223,P040,1,195.87,114.95,0.05,,0
O004224-1,O004224,P009,3,296.73,204.62,0.15000000000000002,,0
O004225-1,O004225,P018,2,294.41,187.22,0.15000000000000002,Damaged,0
O004225-2,O004225,P034,1,25.32,14.75,0.05,Arrived late,0
O004225-3,O004225,P026,2,26.84,15.28,0.05,Wrong item,0
O004226-1,O004226,P003,2,139.72,94.93,0.05,,0
O004226-2,O004226,P027,1,42.25,24.81,0.15000000000000002,,0
O004227-1,O004227,P006,2,244.45,154.75,0.05,,0
O004227-2,O004227,P021,1,221.99,142.61,0,,0
O004228-1,O004228,P033,1,75.25,44.42,0.15000000000000002,,0
O004228-2,O004228,P025,1,71.76,42.18,0.15000000000000002,,0
O004228-3,O004228,P046,1,180.61,102.64,0.05,,0
O004229-1,O004229,P040,1,195.87,114.95,0.05,,0
O004230-1,O004230,P031,2,8.72,4.67,0,,0
O004230-2,O004230,P034,1,25.32,14.75,0.1,,0
O004230-3,O004230,P006,3,244.45,154.75,0.15,,0
O004231-1,O004231,P007,1,85.33,56.95,0.15000000000000002,,0
O004231-2,O004231,P042,1,180.79,114.47,0.1,,0
O004231-3,O004231,P025,1,71.76,42.18,0.2,,0
O004231-4,O004231,P020,1,151.49,90.09,0.05,,0
O004232-1,O004232,P019,4,539.67,317.29,0.05,Changed mind,0
O004233-1,O004233,P035,2,41.88,25.54,0.15000000000000002,,0
O004233-2,O004233,P037,3,81.55,51.15,0.05,,0
O004234-1,O004234,P010,1,60.45,40.54,0.2,,0
O004235-1,O004235,P004,3,400.96,266.15,0.05,,0
O004235-2,O004235,P002,2,120.53,78.28,0,,0
O004236-1,O004236,P009,3,296.73,204.62,0.1,,0
O004237-1,O004237,P034,1,25.32,14.75,0,,0
O004238-1,O004238,P009,1,296.73,204.62,0.05,,0
O004238-2,O004238,P031,2,8.72,4.67,0.05,,0
O004238-3,O004238,P002,4,120.53,78.28,0.1,,0
O004239-1,O004239,P009,1,296.73,204.62,0.15,,0
O004239-2,O004239,P025,2,71.76,42.18,0.05,,0
O004240-1,O004240,P030,1,46.94,28.34,0.1,,0
O004241-1,O004241,P046,1,180.61,102.64,0,,0
O004242-1,O004242,P011,2,416.54,268.27,0.2,,0
O004243-1,O004243,P031,1,8.72,4.67,0,,0
O004244-1,O004244,P031,1,8.72,4.67,0.15,,0
O004244-2,O004244,P005,1,183.5,123.78,0,,0
O004244-3,O004244,P002,2,120.53,78.28,0.1,,0
O004245-1,O004245,P027,1,42.25,24.81,0,,0
O004246-1,O004246,P002,1,120.53,78.28,0.05,,0
O004247-1,O004247,P003,1,139.72,94.93,0.05,,0
O004247-2,O004247,P007,2,85.33,56.95,0.1,,0
O004247-3,O004247,P048,1,87.18,54.6,0.05,,0
O004248-1,O004248,P015,2,168.09,101.78,0.05,,0
O004248-2,O004248,P024,1,104.96,63.45,0.15000000000000002,,0
O004249-1,O004249,P022,1,568.95,369.55,0.2,,0
O004250-1,O004250,P042,1,180.79,114.47,0.2,,0
O004251-1,O004251,P036,3,35.45,21.49,0.1,,0
O004251-2,O004251,P006,1,244.45,154.75,0.1,,0
O004252-1,O004252,P044,3,134.21,77.33,0.05,,0
O004253-1,O004253,P014,1,100.54,57.99,0,,0
O004254-1,O004254,P019,1,539.67,317.29,0,,0
O004254-2,O004254,P007,1,85.33,56.95,0.05,,0
O004255-1,O004255,P047,1,142.37,88.8,0,,0
O004255-2,O004255,P027,1,42.25,24.81,0,,0
O004256-1,O004256,P013,1,418.01,238.98,0.1,,0
O004257-1,O004257,P029,1,62.03,33.59,0.05,,0
O004258-1,O004258,P033,1,75.25,44.42,0.2,,0
O004259-1,O004259,P014,1,100.54,57.99,0,,0
O004260-1,O004260,P010,2,60.45,40.54,0.1,,0
O004261-1,O004261,P033,1,75.25,44.42,0.05,,0
O004261-2,O004261,P008,5,253.51,162.28,0.05,,0
O004262-1,O004262,P040,1,195.87,114.95,0,,0
O004262-2,O004262,P037,1,81.55,51.15,0,,0
O004263-1,O004263,P035,1,41.88,25.54,0.05,,0
O004264-1,O004264,P033,1,75.25,44.42,0.15,,0
O004264-2,O004264,P030,1,46.94,28.34,0,,0
O004265-1,O004265,P039,1,49.57,31.45,0,,0
O004265-2,O004265,P012,3,414.28,288.7,0,,0
O004266-1,O004266,P020,3,151.49,90.09,0.05,,0
O004267-1,O004267,P046,1,180.61,102.64,0.05,,0
O004267-2,O004267,P028,2,54.22,32.4,0.1,,0
O004267-3,O004267,P030,4,46.94,28.34,0,,0
O004268-1,O004268,P031,1,8.72,4.67,0.05,Wrong item,0
O004268-2,O004268,P012,2,414.28,288.7,0,Not as described,0
O004269-1,O004269,P040,1,195.87,114.95,0.2,,0
O004269-2,O004269,P024,2,104.96,63.45,0.05,,0
O004270-1,O004270,P013,2,418.01,238.98,0.1,,0
O004270-2,O004270,P009,5,296.73,204.62,0.05,,0
O004271-1,O004271,P003,4,139.72,94.93,0.05,,0
O004271-2,O004271,P044,1,134.21,77.33,0,,0
O004272-1,O004272,P022,1,568.95,369.55,0.05,,0
O004272-2,O004272,P019,1,539.67,317.29,0.05,,0
O004273-1,O004273,P012,1,414.28,288.7,0.15000000000000002,,0
O004274-1,O004274,P031,1,8.72,4.67,0.05,,0
O004274-2,O004274,P007,1,85.33,56.95,0,,0
O004274-3,O004274,P016,1,630.9,390.58,0.1,,0
O004274-4,O004274,P029,1,62.03,33.59,0.1,,0
O004275-1,O004275,P040,3,195.87,114.95,0.2,,0
O004275-2,O004275,P041,2,78.7,44.75,0.05,,0
O004276-1,O004276,P019,1,539.67,317.29,0.1,,0
O004276-2,O004276,P034,2,25.32,14.75,0.1,,0
O004276-3,O004276,P043,1,205.47,129.67,0.05,,0
O004277-1,O004277,P017,3,198.78,124.13,0.2,,0
O004278-1,O004278,P021,1,221.99,142.61,0.1,,0
O004279-1,O004279,P006,1,244.45,154.75,0.1,,0
O004279-2,O004279,P035,2,41.88,25.54,0,,0
O004279-3,O004279,P021,1,221.99,142.61,0.05,,0
O004279-4,O004279,P027,1,42.25,24.81,0.05,,0
O004280-1,O004280,P029,1,62.03,33.59,0.1,,0
O004280-2,O004280,P036,2,35.45,21.49,0.2,,0
O004281-1,O004281,P048,3,87.18,54.6,0.15,,0
O004281-2,O004281,P012,1,414.28,288.7,0.05,,0
O004282-1,O004282,P029,1,62.03,33.59,0,,0
O004283-1,O004283,P033,1,75.25,44.42,0,,0
O004284-1,O004284,P031,3,8.72,4.67,0,,0
O004284-2,O004284,P012,2,414.28,288.7,0,,0
O004285-1,O004285,P003,1,139.72,94.93,0.05,,0
O004286-1,O004286,P006,4,244.45,154.75,0.2,,0
O004286-2,O004286,P048,1,87.18,54.6,0.1,,0
O004287-1,O004287,P010,4,60.45,40.54,0,,0
O004287-2,O004287,P014,1,100.54,57.99,0.1,,0
O004287-3,O004287,P029,1,62.03,33.59,0,,0
O004288-1,O004288,P032,1,45.76,24.77,0,,0
O004288-2,O004288,P040,1,195.87,114.95,0.05,,0
O004289-1,O004289,P004,2,400.96,266.15,0.05,,0
O004290-1,O004290,P034,4,25.32,14.75,0.05,,0
O004290-2,O004290,P032,2,45.76,24.77,0,,0
O004290-3,O004290,P004,2,400.96,266.15,0.2,,0
O004290-4,O004290,P008,2,253.51,162.28,0,,0
O004291-1,O004291,P043,1,205.47,129.67,0.05,,0
O004292-1,O004292,P006,3,244.45,154.75,0.2,,0
O004293-1,O004293,P032,2,45.76,24.77,0.05,,0
O004293-2,O004293,P047,1,142.37,88.8,0.1,,0
O004294-1,O004294,P031,1,8.72,4.67,0.1,,0
O004295-1,O004295,P004,1,400.96,266.15,0,,0
O004295-2,O004295,P002,2,120.53,78.28,0,,0
O004296-1,O004296,P034,1,25.32,14.75,0.05,Changed mind,0
O004296-2,O004296,P021,1,221.99,142.61,0,Wrong item,0
O004297-1,O004297,P023,1,195.53,117.52,0.1,,0
O004297-2,O004297,P021,1,221.99,142.61,0.05,,0
O004298-1,O004298,P007,2,85.33,56.95,0.1,,0
O004299-1,O004299,P026,1,26.84,15.28,0,,0
O004299-2,O004299,P009,4,296.73,204.62,0.1,,0
O004300-1,O004300,P043,1,205.47,129.67,0.05,,0
O004300-2,O004300,P007,1,85.33,56.95,0,,0
O004301-1,O004301,P004,1,400.96,266.15,0.1,,0
O004302-1,O004302,P006,4,244.45,154.75,0.05,,0
O004303-1,O004303,P012,3,414.28,288.7,0.05,,0
O004303-2,O004303,P029,3,62.03,33.59,0.1,,0
O004303-3,O004303,P023,3,195.53,117.52,0.15000000000000002,,0
O004303-4,O004303,P034,2,25.32,14.75,0.05,,0
O004304-1,O004304,P009,1,296.73,204.62,0.1,Not as described,0
O004305-1,O004305,P004,3,400.96,266.15,0.05,,0
O004305-2,O004305,P022,4,568.95,369.55,0.2,,0
O004306-1,O004306,P036,1,35.45,21.49,0,,0
O004307-1,O004307,P041,4,78.7,44.75,0.2,,0
O004307-2,O004307,P034,1,25.32,14.75,0.2,,0
O004307-3,O004307,P039,1,49.57,31.45,0.15000000000000002,,0
O004308-1,O004308,P013,1,418.01,238.98,0.2,,0
O004309-1,O004309,P012,3,414.28,288.7,0.15000000000000002,,0
O004309-2,O004309,P023,1,195.53,117.52,0.1,,0
O004310-1,O004310,P008,2,253.51,162.28,0.15,,0
O004311-1,O004311,P032,1,45.76,24.77,0.15,,0
O004312-1,O004312,P023,1,195.53,117.52,0.05,,0
O004312-2,O004312,P047,2,142.37,88.8,0.15,,0
O004312-3,O004312,P006,3,244.45,154.75,0,,0
O004312-4,O004312,P001,1,214.49,142.19,0,,0
O004313-1,O004313,P045,1,147.73,93.9,0,,0
O004313-2,O004313,P013,5,418.01,238.98,0,,0
O004314-1,O004314,P040,1,195.87,114.95,0,,0
O004314-2,O004314,P031,2,8.72,4.67,0.05,,0
O004315-1,O004315,P010,4,60.45,40.54,0.15,,0
O004315-2,O004315,P025,5,71.76,42.18,0,,0
O004315-3,O004315,P030,1,46.94,28.34,0.05,,0
O004316-1,O004316,P005,3,183.5,123.78,0.1,,0
O004317-1,O004317,P011,4,416.54,268.27,0,Changed mind,0
O004317-2,O004317,P002,2,120.53,78.28,0.1,Changed mind,0
O004317-3,O004317,P034,2,25.32,14.75,0.05,Wrong item,0
O004318-1,O004318,P036,2,35.45,21.49,0.15,,0
O004318-2,O004318,P003,1,139.72,94.93,0,,0
O004318-3,O004318,P001,1,214.49,142.19,0,,0
O004319-1,O004319,P028,3,54.22,32.4,0.05,,0
O004319-2,O004319,P024,3,104.96,63.45,0.15000000000000002,,1
O004320-1,O004320,P025,1,71.76,42.18,0,,0
O004320-2,O004320,P001,1,214.49,142.19,0.05,,0
O004320-3,O004320,P002,1,120.53,78.28,0.05,,0
O004321-1,O004321,P013,2,418.01,238.98,0.1,Damaged,0
O004322-1,O004322,P019,1,539.67,317.29,0.05,,0
O004322-2,O004322,P002,1,120.53,78.28,0.05,,0
O004322-3,O004322,P034,4,25.32,14.75,0.05,,0
O004323-1,O004323,P027,1,42.25,24.81,0,,0
O004324-1,O004324,P013,1,418.01,238.98,0.05,,0
O004325-1,O004325,P016,1,630.9,390.58,0.15000000000000002,Damaged,0
O004325-2,O004325,P045,1,147.73,93.9,0.2,Changed mind,0
O004325-3,O004325,P010,1,60.45,40.54,0.1,Damaged,0
O004326-1,O004326,P009,3,296.73,204.62,0.1,,0
O004327-1,O004327,P005,3,183.5,123.78,0,,0
O004328-1,O004328,P041,1,78.7,44.75,0.1,,0
O004329-1,O004329,P036,1,35.45,21.49,0.1,,0
O004330-1,O004330,P027,1,42.25,24.81,0,,0
O004331-1,O004331,P003,1,139.72,94.93,0.05,,0
O004331-2,O004331,P029,2,62.03,33.59,0.05,,0
O004332-1,O004332,P013,1,418.01,238.98,0.1,,0
O004332-2,O004332,P009,3,296.73,204.62,0,,0
O004333-1,O004333,P043,3,205.47,129.67,0.1,,0
O004333-2,O004333,P028,1,54.22,32.4,0,,0
O004334-1,O004334,P010,4,60.45,40.54,0.05,,0
O004335-1,O004335,P048,2,87.18,54.6,0.1,,0
O004335-2,O004335,P024,4,104.96,63.45,0,,0
O004336-1,O004336,P008,1,253.51,162.28,0.05,,0
O004337-1,O004337,P040,3,195.87,114.95,0,,0
O004337-2,O004337,P037,1,81.55,51.15,0.1,,0
O004338-1,O004338,P034,4,25.32,14.75,0.15,,0
O004339-1,O004339,P020,2,151.49,90.09,0.1,,0
O004339-2,O004339,P002,2,120.53,78.28,0.15,,0
O004339-3,O004339,P024,1,104.96,63.45,0,,0
O004340-1,O004340,P015,2,168.09,101.78,0.2,,0
O004340-2,O004340,P011,1,416.54,268.27,0.15000000000000002,,0
O004340-3,O004340,P028,2,54.22,32.4,0.05,,1
O004340-4,O004340,P035,4,41.88,25.54,0.1,,0
O004341-1,O004341,P041,1,78.7,44.75,0.15,,0
O004342-1,O004342,P003,1,139.72,94.93,0.05,Wrong item,0
O004342-2,O004342,P002,1,120.53,78.28,0.1,Changed mind,0
O004343-1,O004343,P038,1,152.06,96.3,0.05,,0
O004343-2,O004343,P030,2,46.94,28.34,0.2,,0
O004343-3,O004343,P026,3,26.84,15.28,0,,0
O004344-1,O004344,P027,2,42.25,24.81,0,,0
O004344-2,O004344,P039,3,49.57,31.45,0,,0
O004345-1,O004345,P036,1,35.45,21.49,0.05,,0
O004345-2,O004345,P015,3,168.09,101.78,0,,0
O004345-3,O004345,P006,1,244.45,154.75,0.1,,0
O004345-4,O004345,P024,3,104.96,63.45,0.05,,0
O004346-1,O004346,P039,1,49.57,31.45,0,,0
O004347-1,O004347,P016,2,630.9,390.58,0,,1
O004347-2,O004347,P003,2,139.72,94.93,0.1,,0
O004347-3,O004347,P013,1,418.01,238.98,0,,0
O004347-4,O004347,P031,1,8.72,4.67,0.05,,0
O004348-1,O004348,P040,1,195.87,114.95,0,,0
O004348-2,O004348,P045,2,147.73,93.9,0,,0
O004349-1,O004349,P025,1,71.76,42.18,0.05,,0
O004349-2,O004349,P029,1,62.03,33.59,0.1,,0
O004349-3,O004349,P027,1,42.25,24.81,0.05,,0
O004350-1,O004350,P015,2,168.09,101.78,0.1,,0
O004350-2,O004350,P041,1,78.7,44.75,0,,0
O004351-1,O004351,P038,1,152.06,96.3,0.15,Not as described,0
O004352-1,O004352,P010,1,60.45,40.54,0.1,,0
O004353-1,O004353,P030,2,46.94,28.34,0.15,,0
O004354-1,O004354,P044,2,134.21,77.33,0.1,,0
O004354-2,O004354,P020,2,151.49,90.09,0.1,,0
O004355-1,O004355,P006,3,244.45,154.75,0,,0
O004355-2,O004355,P044,1,134.21,77.33,0,,0
O004356-1,O004356,P009,1,296.73,204.62,0,,0
O004356-2,O004356,P042,2,180.79,114.47,0.1,,0
O004357-1,O004357,P040,1,195.87,114.95,0.1,,0
O004358-1,O004358,P039,4,49.57,31.45,0.05,,0
O004358-2,O004358,P008,2,253.51,162.28,0.05,,0
O004358-3,O004358,P001,2,214.49,142.19,0.2,,0
O004358-4,O004358,P026,2,26.84,15.28,0.15000000000000002,,0
O004359-1,O004359,P033,1,75.25,44.42,0,,0
O004359-2,O004359,P001,2,214.49,142.19,0.05,,0
O004360-1,O004360,P003,2,139.72,94.93,0,,0
O004361-1,O004361,P006,1,244.45,154.75,0,,0
O004361-2,O004361,P007,1,85.33,56.95,0.05,,0
O004361-3,O004361,P013,1,418.01,238.98,0,,0
O004362-1,O004362,P032,2,45.76,24.77,0.05,,0
O004362-2,O004362,P035,2,41.88,25.54,0.15000000000000002,,0
O004363-1,O004363,P017,3,198.78,124.13,0,,0
O004363-2,O004363,P006,1,244.45,154.75,0.15,,0
O004363-3,O004363,P001,1,214.49,142.19,0.15,,0
O004364-1,O004364,P031,1,8.72,4.67,0.05,,0
O004364-2,O004364,P027,1,42.25,24.81,0.15000000000000002,,0
O004365-1,O004365,P024,1,104.96,63.45,0.2,,0
O004365-2,O004365,P020,1,151.49,90.09,0.2,,0
O004366-1,O004366,P034,2,25.32,14.75,0.2,,0
O004366-2,O004366,P019,1,539.67,317.29,0,,0
O004367-1,O004367,P011,2,416.54,268.27,0,,0
O004368-1,O004368,P028,1,54.22,32.4,0.05,,0
O004368-2,O004368,P041,1,78.7,44.75,0,,0
O004368-3,O004368,P011,1,416.54,268.27,0.05,,0
O004369-1,O004369,P005,3,183.5,123.78,0.15,,0
O004370-1,O004370,P003,1,139.72,94.93,0.05,Not as described,0
O004371-1,O004371,P013,1,418.01,238.98,0,,0
O004371-2,O004371,P041,2,78.7,44.75,0,,0
O004372-1,O004372,P047,1,142.37,88.8,0.1,,0
O004372-2,O004372,P045,1,147.73,93.9,0,,0
O004373-1,O004373,P014,3,100.54,57.99,0.05,Not as described,0
O004373-2,O004373,P048,1,87.18,54.6,0.15000000000000002,Changed mind,0
O004374-1,O004374,P019,2,539.67,317.29,0,,0
O004375-1,O004375,P045,2,147.73,93.9,0,,0
O004376-1,O004376,P035,2,41.88,25.54,0.05,,0
O004377-1,O004377,P038,2,152.06,96.3,0.05,,0
O004377-2,O004377,P034,1,25.32,14.75,0.1,,0
O004378-1,O004378,P011,1,416.54,268.27,0.05,,0
O004379-1,O004379,P011,1,416.54,268.27,0.05,,0
O004379-2,O004379,P009,3,296.73,204.62,0.05,,0
O004379-3,O004379,P028,2,54.22,32.4,0.05,,0
O004379-4,O004379,P023,5,195.53,117.52,0.05,,0
O004380-1,O004380,P041,2,78.7,44.75,0.05,,0
O004381-1,O004381,P026,2,26.84,15.28,0.05,,0
O004382-1,O004382,P009,3,296.73,204.62,0,Damaged,0
O004382-2,O004382,P001,2,214.49,142.19,0,Not as described,0
O004382-3,O004382,P028,1,54.22,32.4,0,Arrived late,0
O004382-4,O004382,P018,2,294.41,187.22,0.05,Damaged,0
O004383-1,O004383,P019,1,539.67,317.29,0.1,,0
O004383-2,O004383,P025,4,71.76,42.18,0,,0
O004384-1,O004384,P046,2,180.61,102.64,0.05,,0
O004385-1,O004385,P003,1,139.72,94.93,0.1,,0
O004385-2,O004385,P012,1,414.28,288.7,0,,0
O004386-1,O004386,P001,1,214.49,142.19,0.05,,0
O004387-1,O004387,P025,4,71.76,42.18,0.15,,0
O004387-2,O004387,P042,1,180.79,114.47,0.1,,0
O004388-1,O004388,P002,3,120.53,78.28,0.15000000000000002,,0
O004388-2,O004388,P022,1,568.95,369.55,0.05,,0
O004389-1,O004389,P016,1,630.9,390.58,0,Not as described,0
O004389-2,O004389,P015,1,168.09,101.78,0.15,Not as described,0
O004390-1,O004390,P047,3,142.37,88.8,0.05,,0
O004391-1,O004391,P003,1,139.72,94.93,0.05,,0
O004392-1,O004392,P043,1,205.47,129.67,0.15000000000000002,,0
O004392-2,O004392,P039,1,49.57,31.45,0.15000000000000002,,0
O004392-3,O004392,P004,1,400.96,266.15,0.05,,0
O004393-1,O004393,P037,2,81.55,51.15,0.15000000000000002,,0
O004393-2,O004393,P038,4,152.06,96.3,0.1,,0
O004393-3,O004393,P031,2,8.72,4.67,0.05,,0
O004394-1,O004394,P017,2,198.78,124.13,0,,0
O004395-1,O004395,P023,2,195.53,117.52,0.2,,0
O004395-2,O004395,P034,3,25.32,14.75,0.1,,0
O004395-3,O004395,P045,1,147.73,93.9,0.05,,0
O004396-1,O004396,P033,5,75.25,44.42,0,,0
O004396-2,O004396,P041,5,78.7,44.75,0,,0
O004397-1,O004397,P039,4,49.57,31.45,0.05,,0
O004398-1,O004398,P013,1,418.01,238.98,0.05,,0
O004399-1,O004399,P045,1,147.73,93.9,0,,0
O004400-1,O004400,P015,1,168.09,101.78,0.1,,0
O004400-2,O004400,P005,2,183.5,123.78,0.1,,0
O004401-1,O004401,P037,4,81.55,51.15,0.2,,0
O004401-2,O004401,P004,2,400.96,266.15,0.15000000000000002,,0
O004402-1,O004402,P027,2,42.25,24.81,0.05,,0
O004402-2,O004402,P004,2,400.96,266.15,0,,0
O004403-1,O004403,P015,2,168.09,101.78,0.1,Damaged,0
O004404-1,O004404,P035,1,41.88,25.54,0.15000000000000002,,0
O004404-2,O004404,P028,1,54.22,32.4,0.05,,0
O004404-3,O004404,P041,3,78.7,44.75,0.1,,0
O004405-1,O004405,P038,3,152.06,96.3,0.2,,0
O004406-1,O004406,P035,1,41.88,25.54,0.05,Not as described,0
O004406-2,O004406,P014,2,100.54,57.99,0.2,Not as described,0
O004406-3,O004406,P037,1,81.55,51.15,0.05,Arrived late,0
O004406-4,O004406,P006,2,244.45,154.75,0.15000000000000002,Damaged,0
O004407-1,O004407,P004,1,400.96,266.15,0,,0
O004408-1,O004408,P002,4,120.53,78.28,0,,0
O004408-2,O004408,P037,1,81.55,51.15,0.05,,0
O004409-1,O004409,P024,1,104.96,63.45,0,,0
O004410-1,O004410,P009,2,296.73,204.62,0,,0
O004411-1,O004411,P040,1,195.87,114.95,0,,0
O004412-1,O004412,P031,1,8.72,4.67,0,,0
O004413-1,O004413,P042,1,180.79,114.47,0,,0
O004414-1,O004414,P029,1,62.03,33.59,0.2,,0
O004415-1,O004415,P025,1,71.76,42.18,0.1,,0
O004416-1,O004416,P021,1,221.99,142.61,0.05,,0
O004417-1,O004417,P037,1,81.55,51.15,0.05,,0
O004418-1,O004418,P043,1,205.47,129.67,0.1,,0
O004419-1,O004419,P022,1,568.95,369.55,0.1,,0
O004419-2,O004419,P031,4,8.72,4.67,0,,0
O004419-3,O004419,P016,1,630.9,390.58,0.05,,0
O004420-1,O004420,P033,3,75.25,44.42,0.1,,0
O004420-2,O004420,P037,1,81.55,51.15,0.2,,1
O004421-1,O004421,P032,1,45.76,24.77,0.2,,0
O004422-1,O004422,P010,1,60.45,40.54,0,,0
O004422-2,O004422,P009,1,296.73,204.62,0.05,,0
O004422-3,O004422,P030,1,46.94,28.34,0,,0
O004423-1,O004423,P019,3,539.67,317.29,0.2,,0
O004423-2,O004423,P043,1,205.47,129.67,0.1,,0
O004424-1,O004424,P047,1,142.37,88.8,0.15000000000000002,,0
O004424-2,O004424,P036,3,35.45,21.49,0.1,,0
O004425-1,O004425,P035,3,41.88,25.54,0.1,,0
O004426-1,O004426,P004,1,400.96,266.15,0.2,,0
O004427-1,O004427,P010,2,60.45,40.54,0.1,,0
O004428-1,O004428,P024,4,104.96,63.45,0,,0
O004429-1,O004429,P010,2,60.45,40.54,0.1,Arrived late,0
O004430-1,O004430,P047,2,142.37,88.8,0,,0
O004430-2,O004430,P034,4,25.32,14.75,0.1,,0
O004430-3,O004430,P035,2,41.88,25.54,0.15,,0
O004431-1,O004431,P016,3,630.9,390.58,0.1,Not as described,0
O004432-1,O004432,P007,1,85.33,56.95,0.15,,0
O004433-1,O004433,P031,1,8.72,4.67,0.05,,0
O004433-2,O004433,P041,2,78.7,44.75,0.05,,0
O004434-1,O004434,P029,1,62.03,33.59,0.15000000000000002,,0
O004435-1,O004435,P016,1,630.9,390.58,0.05,Wrong item,0
O004436-1,O004436,P009,1,296.73,204.62,0.05,Wrong item,0
O004437-1,O004437,P002,1,120.53,78.28,0.1,,0
O004438-1,O004438,P036,1,35.45,21.49,0.05,,0
O004438-2,O004438,P006,1,244.45,154.75,0.05,,0
O004438-3,O004438,P010,1,60.45,40.54,0.05,,0
O004438-4,O004438,P042,1,180.79,114.47,0,,0
O004439-1,O004439,P022,1,568.95,369.55,0.05,,0
O004440-1,O004440,P020,2,151.49,90.09,0.15000000000000002,,0
O004441-1,O004441,P037,1,81.55,51.15,0.15000000000000002,,0
O004441-2,O004441,P002,1,120.53,78.28,0.2,,0
O004442-1,O004442,P007,1,85.33,56.95,0.05,,1
O004442-2,O004442,P035,1,41.88,25.54,0,,0
O004442-3,O004442,P039,2,49.57,31.45,0.1,,0
O004443-1,O004443,P042,1,180.79,114.47,0,,0
O004443-2,O004443,P016,3,630.9,390.58,0.2,,0
O004443-3,O004443,P047,1,142.37,88.8,0,,0
O004444-1,O004444,P001,1,214.49,142.19,0.05,,0
O004444-2,O004444,P034,3,25.32,14.75,0.15000000000000002,,0
O004444-3,O004444,P036,1,35.45,21.49,0.1,,0
O004445-1,O004445,P012,4,414.28,288.7,0.1,,1
O004446-1,O004446,P003,1,139.72,94.93,0.1,,0
O004446-2,O004446,P048,1,87.18,54.6,0,,0
O004447-1,O004447,P010,3,60.45,40.54,0,,0
O004447-2,O004447,P030,1,46.94,28.34,0.2,,0
O004448-1,O004448,P017,1,198.78,124.13,0.15,,0
O004449-1,O004449,P043,2,205.47,129.67,0,,0
O004450-1,O004450,P009,2,296.73,204.62,0.2,,0
O004451-1,O004451,P040,2,195.87,114.95,0.1,,0
O004451-2,O004451,P020,1,151.49,90.09,0.05,,0
O004452-1,O004452,P024,2,104.96,63.45,0.05,Damaged,0
O004453-1,O004453,P029,2,62.03,33.59,0.1,,0
O004454-1,O004454,P035,2,41.88,25.54,0,,0
O004454-2,O004454,P043,5,205.47,129.67,0.05,,0
O004455-1,O004455,P022,1,568.95,369.55,0.05,,0
O004455-2,O004455,P002,4,120.53,78.28,0.05,,0
O004455-3,O004455,P011,1,416.54,268.27,0.2,,0
O004456-1,O004456,P014,3,100.54,57.99,0,Wrong item,1
O004456-2,O004456,P033,2,75.25,44.42,0,Wrong item,0
O004457-1,O004457,P034,1,25.32,14.75,0.15,,0
O004458-1,O004458,P028,1,54.22,32.4,0.05,,0
O004459-1,O004459,P027,1,42.25,24.81,0,,0
O004460-1,O004460,P025,3,71.76,42.18,0,,0
O004461-1,O004461,P013,1,418.01,238.98,0.15,,0
O004462-1,O004462,P035,1,41.88,25.54,0,,0
O004463-1,O004463,P036,2,35.45,21.49,0.05,,0
O004463-2,O004463,P007,1,85.33,56.95,0.05,,0
O004464-1,O004464,P014,2,100.54,57.99,0,,0
O004465-1,O004465,P030,1,46.94,28.34,0.05,,0
O004465-2,O004465,P039,3,49.57,31.45,0.15,,0
O004466-1,O004466,P015,3,168.09,101.78,0.1,,0
O004466-2,O004466,P033,1,75.25,44.42,0.1,,0
O004467-1,O004467,P010,1,60.45,40.54,0,,0
O004468-1,O004468,P006,1,244.45,154.75,0.05,,1
O004468-2,O004468,P047,1,142.37,88.8,0.15,,0
O004468-3,O004468,P030,3,46.94,28.34,0,,0
O004469-1,O004469,P006,1,244.45,154.75,0.1,,0
O004470-1,O004470,P014,2,100.54,57.99,0.1,,0
O004470-2,O004470,P009,1,296.73,204.62,0.15000000000000002,,0
O004470-3,O004470,P035,2,41.88,25.54,0.05,,0
O004471-1,O004471,P025,1,71.76,42.18,0,,0
O004471-2,O004471,P034,3,25.32,14.75,0.15,,0
O004472-1,O004472,P007,1,85.33,56.95,0.05,,0
O004472-2,O004472,P030,2,46.94,28.34,0.2,,0
O004472-3,O004472,P004,1,400.96,266.15,0.05,,0
O004473-1,O004473,P021,1,221.99,142.61,0.1,,1
O004474-1,O004474,P026,2,26.84,15.28,0.2,,0
O004475-1,O004475,P046,2,180.61,102.64,0.05,,0
O004476-1,O004476,P003,1,139.72,94.93,0.05,,0
O004476-2,O004476,P035,2,41.88,25.54,0.05,,0
O004476-3,O004476,P009,1,296.73,204.62,0,,0
O004477-1,O004477,P036,4,35.45,21.49,0.05,,0
O004478-1,O004478,P002,4,120.53,78.28,0.2,,0
O004478-2,O004478,P006,4,244.45,154.75,0.2,,0
O004478-3,O004478,P022,3,568.95,369.55,0.15000000000000002,,0
O004479-1,O004479,P028,1,54.22,32.4,0.1,,0
O004479-2,O004479,P038,1,152.06,96.3,0.05,,0
O004480-1,O004480,P031,2,8.72,4.67,0.05,,0
O004481-1,O004481,P031,2,8.72,4.67,0,,0
O004481-2,O004481,P032,1,45.76,24.77,0.15,,0
O004482-1,O004482,P041,5,78.7,44.75,0.15,,0
O004482-2,O004482,P042,2,180.79,114.47,0.15,,0
O004483-1,O004483,P001,2,214.49,142.19,0,,0
O004484-1,O004484,P024,2,104.96,63.45,0.15,,0
O004484-2,O004484,P028,1,54.22,32.4,0,,1
O004484-3,O004484,P035,2,41.88,25.54,0.15,,0
O004485-1,O004485,P028,3,54.22,32.4,0.05,,0
O004485-2,O004485,P036,1,35.45,21.49,0.05,,0
O004485-3,O004485,P032,2,45.76,24.77,0.05,,0
O004486-1,O004486,P043,2,205.47,129.67,0.05,,0
O004487-1,O004487,P029,4,62.03,33.59,0.05,Changed mind,0
O004488-1,O004488,P041,2,78.7,44.75,0,,0
O004489-1,O004489,P033,3,75.25,44.42,0.1,,0
O004490-1,O004490,P040,2,195.87,114.95,0.1,,0
O004491-1,O004491,P031,1,8.72,4.67,0.05,,0
O004491-2,O004491,P018,1,294.41,187.22,0,,0
O004492-1,O004492,P017,2,198.78,124.13,0.1,,0
O004493-1,O004493,P037,2,81.55,51.15,0.15,,0
O004494-1,O004494,P013,1,418.01,238.98,0.1,,0
O004495-1,O004495,P016,3,630.9,390.58,0.05,,0
O004496-1,O004496,P027,1,42.25,24.81,0,,0
O004497-1,O004497,P028,2,54.22,32.4,0.15,,0
O004497-2,O004497,P024,1,104.96,63.45,0,,0
O004497-3,O004497,P040,1,195.87,114.95,0,,0
O004498-1,O004498,P037,1,81.55,51.15,0.2,,0
O004499-1,O004499,P021,1,221.99,142.61,0.05,,0
O004500-1,O004500,P048,1,87.18,54.6,0.1,,0
O004500-2,O004500,P033,2,75.25,44.42,0.1,,1
O004500-3,O004500,P041,1,78.7,44.75,0.05,,0
O004501-1,O004501,P027,1,42.25,24.81,0.05,,0
O004502-1,O004502,P009,3,296.73,204.62,0,,0
O004503-1,O004503,P025,3,71.76,42.18,0,,0
O004504-1,O004504,P048,5,87.18,54.6,0.2,,0
O004505-1,O004505,P035,2,41.88,25.54,0,,0
O004505-2,O004505,P019,1,539.67,317.29,0.15,,0
O004506-1,O004506,P036,4,35.45,21.49,0.15000000000000002,,0
O004507-1,O004507,P019,2,539.67,317.29,0.1,,0
O004508-1,O004508,P015,2,168.09,101.78,0.1,,0
O004509-1,O004509,P001,1,214.49,142.19,0,,0
O004510-1,O004510,P018,4,294.41,187.22,0.1,,0
O004511-1,O004511,P037,1,81.55,51.15,0.05,,0
O004511-2,O004511,P047,4,142.37,88.8,0,,0
O004511-3,O004511,P031,2,8.72,4.67,0,,0
O004511-4,O004511,P001,3,214.49,142.19,0,,0
O004512-1,O004512,P021,4,221.99,142.61,0.1,,0
O004512-2,O004512,P026,3,26.84,15.28,0,,0
O004512-3,O004512,P004,1,400.96,266.15,0.05,,0
O004513-1,O004513,P015,2,168.09,101.78,0.05,,0
O004514-1,O004514,P047,1,142.37,88.8,0,,0
O004515-1,O004515,P032,1,45.76,24.77,0,,0
O004516-1,O004516,P022,1,568.95,369.55,0.2,,0
O004516-2,O004516,P015,1,168.09,101.78,0.1,,0
O004517-1,O004517,P027,1,42.25,24.81,0,,0
O004518-1,O004518,P008,2,253.51,162.28,0.15000000000000002,,0
O004518-2,O004518,P016,1,630.9,390.58,0.1,,0
O004518-3,O004518,P028,1,54.22,32.4,0.2,,0
O004519-1,O004519,P011,3,416.54,268.27,0,,0
O004519-2,O004519,P032,3,45.76,24.77,0.1,,0
O004520-1,O004520,P023,2,195.53,117.52,0.05,,0
O004521-1,O004521,P005,1,183.5,123.78,0.05,,0
O004522-1,O004522,P045,4,147.73,93.9,0.05,,0
O004523-1,O004523,P020,1,151.49,90.09,0.05,,0
O004523-2,O004523,P036,1,35.45,21.49,0.2,,0
O004524-1,O004524,P008,1,253.51,162.28,0.15000000000000002,,0
O004524-2,O004524,P011,2,416.54,268.27,0.15000000000000002,,0
O004525-1,O004525,P035,1,41.88,25.54,0.05,,0
O004525-2,O004525,P022,3,568.95,369.55,0.05,,0
O004526-1,O004526,P012,1,414.28,288.7,0,,0
O004526-2,O004526,P025,3,71.76,42.18,0,,0
O004527-1,O004527,P038,1,152.06,96.3,0.05,,0
O004527-2,O004527,P028,3,54.22,32.4,0.1,,0
O004527-3,O004527,P009,2,296.73,204.62,0.1,,0
O004527-4,O004527,P008,1,253.51,162.28,0,,0
O004528-1,O004528,P004,2,400.96,266.15,0.2,,0
O004529-1,O004529,P029,1,62.03,33.59,0.05,,0
O004529-2,O004529,P004,1,400.96,266.15,0.15,,0
O004530-1,O004530,P010,1,60.45,40.54,0.05,,0
O004530-2,O004530,P006,1,244.45,154.75,0.2,,0
O004530-3,O004530,P008,1,253.51,162.28,0.05,,0
O004531-1,O004531,P044,1,134.21,77.33,0.15,,0
O004531-2,O004531,P027,2,42.25,24.81,0.15,,0
O004532-1,O004532,P003,2,139.72,94.93,0.05,,0
O004533-1,O004533,P048,1,87.18,54.6,0.15000000000000002,,0
O004534-1,O004534,P021,1,221.99,142.61,0,,0
O004534-2,O004534,P003,1,139.72,94.93,0,,0
O004535-1,O004535,P020,2,151.49,90.09,0.15,,0
O004535-2,O004535,P018,1,294.41,187.22,0.15,,0
O004535-3,O004535,P004,1,400.96,266.15,0.1,,0
O004535-4,O004535,P033,2,75.25,44.42,0.05,,0
O004536-1,O004536,P003,1,139.72,94.93,0.1,,0
O004537-1,O004537,P022,3,568.95,369.55,0.15,,0
O004538-1,O004538,P031,4,8.72,4.67,0,Arrived late,0
O004538-2,O004538,P035,1,41.88,25.54,0.15,Changed mind,0
O004539-1,O004539,P002,1,120.53,78.28,0.1,,0
O004539-2,O004539,P004,3,400.96,266.15,0.05,,0
O004540-1,O004540,P035,1,41.88,25.54,0,,0
O004541-1,O004541,P020,3,151.49,90.09,0.15000000000000002,,0
O004542-1,O004542,P034,1,25.32,14.75,0,,0
O004542-2,O004542,P016,2,630.9,390.58,0,,0
O004543-1,O004543,P031,4,8.72,4.67,0,,0
O004544-1,O004544,P036,1,35.45,21.49,0.05,,0
O004545-1,O004545,P026,1,26.84,15.28,0.05,,0
O004545-2,O004545,P008,2,253.51,162.28,0,,0
O004546-1,O004546,P002,1,120.53,78.28,0.05,,0
O004546-2,O004546,P029,2,62.03,33.59,0,,0
O004547-1,O004547,P025,2,71.76,42.18,0.05,,0
O004548-1,O004548,P010,1,60.45,40.54,0.1,,0
O004549-1,O004549,P045,1,147.73,93.9,0.05,Not as described,0
O004549-2,O004549,P017,2,198.78,124.13,0,Wrong item,0
O004550-1,O004550,P046,4,180.61,102.64,0,,0
O004550-2,O004550,P019,1,539.67,317.29,0,,0
O004550-3,O004550,P015,1,168.09,101.78,0.05,,0
O004551-1,O004551,P031,2,8.72,4.67,0.2,,0
O004552-1,O004552,P048,1,87.18,54.6,0,,0
O004553-1,O004553,P035,1,41.88,25.54,0.05,,0
O004553-2,O004553,P015,1,168.09,101.78,0.1,,0
O004553-3,O004553,P031,2,8.72,4.67,0.05,,0
O004554-1,O004554,P017,1,198.78,124.13,0.1,,0
O004555-1,O004555,P020,1,151.49,90.09,0.05,,0
O004555-2,O004555,P014,2,100.54,57.99,0.2,,0
O004555-3,O004555,P046,1,180.61,102.64,0.1,,0
O004556-1,O004556,P041,1,78.7,44.75,0.05,,0
O004557-1,O004557,P002,1,120.53,78.28,0,,0
O004558-1,O004558,P040,2,195.87,114.95,0.15000000000000002,,0
O004559-1,O004559,P028,2,54.22,32.4,0.1,,0
O004560-1,O004560,P010,1,60.45,40.54,0,,0
O004560-2,O004560,P001,1,214.49,142.19,0.05,,0
O004561-1,O004561,P028,1,54.22,32.4,0.1,,0
O004561-2,O004561,P008,4,253.51,162.28,0.15,,0
O004562-1,O004562,P039,1,49.57,31.45,0.15,,0
O004562-2,O004562,P017,1,198.78,124.13,0,,0
O004563-1,O004563,P028,1,54.22,32.4,0,,0
O004564-1,O004564,P026,1,26.84,15.28,0,Changed mind,0
O004565-1,O004565,P047,2,142.37,88.8,0.1,,0
O004566-1,O004566,P043,2,205.47,129.67,0,,0
O004566-2,O004566,P017,2,198.78,124.13,0,,0
O004566-3,O004566,P045,3,147.73,93.9,0,,0
O004567-1,O004567,P045,1,147.73,93.9,0,,0
O004567-2,O004567,P007,2,85.33,56.95,0,,0
O004567-3,O004567,P021,3,221.99,142.61,0,,1
O004568-1,O004568,P033,3,75.25,44.42,0.05,,0
O004569-1,O004569,P044,2,134.21,77.33,0.15,,0
O004569-2,O004569,P026,1,26.84,15.28,0,,0
O004569-3,O004569,P003,1,139.72,94.93,0.05,,0
O004570-1,O004570,P041,2,78.7,44.75,0,,0
O004570-2,O004570,P034,1,25.32,14.75,0.05,,0
O004570-3,O004570,P044,2,134.21,77.33,0.05,,0
O004571-1,O004571,P027,3,42.25,24.81,0.2,,0
O004572-1,O004572,P043,1,205.47,129.67,0.1,,0
O004572-2,O004572,P011,3,416.54,268.27,0.1,,0
O004573-1,O004573,P041,2,78.7,44.75,0.05,,0
O004574-1,O004574,P001,1,214.49,142.19,0,,0
O004575-1,O004575,P014,1,100.54,57.99,0,,0
O004575-2,O004575,P034,1,25.32,14.75,0.2,,0
O004575-3,O004575,P015,2,168.09,101.78,0.15,,0
O004576-1,O004576,P016,1,630.9,390.58,0.05,,0
O004577-1,O004577,P009,2,296.73,204.62,0.15000000000000002,,0
O004578-1,O004578,P036,2,35.45,21.49,0.1,,0
O004579-1,O004579,P015,1,168.09,101.78,0,,0
O004580-1,O004580,P036,1,35.45,21.49,0.05,,0
O004580-2,O004580,P046,1,180.61,102.64,0.05,,0
O004580-3,O004580,P013,1,418.01,238.98,0.05,,0
O004581-1,O004581,P031,2,8.72,4.67,0.1,,0
O004581-2,O004581,P041,3,78.7,44.75,0,,0
O004582-1,O004582,P029,2,62.03,33.59,0.05,,0
O004582-2,O004582,P047,1,142.37,88.8,0.15,,0
O004583-1,O004583,P044,2,134.21,77.33,0.1,,0
O004583-2,O004583,P048,4,87.18,54.6,0,,0
O004583-3,O004583,P016,1,630.9,390.58,0.05,,0
O004583-4,O004583,P033,1,75.25,44.42,0.15,,0
O004584-1,O004584,P016,1,630.9,390.58,0,,0
O004585-1,O004585,P024,2,104.96,63.45,0.2,,0
O004586-1,O004586,P035,1,41.88,25.54,0.15000000000000002,,0
O004586-2,O004586,P048,3,87.18,54.6,0.1,,0
O004587-1,O004587,P025,1,71.76,42.18,0.1,,0
O004587-2,O004587,P015,1,168.09,101.78,0.15000000000000002,,0
O004587-3,O004587,P008,1,253.51,162.28,0.15000000000000002,,0
O004588-1,O004588,P001,4,214.49,142.19,0.05,,0
O004589-1,O004589,P015,2,168.09,101.78,0.05,,0
O004590-1,O004590,P001,1,214.49,142.19,0,,0
O004590-2,O004590,P014,1,100.54,57.99,0,,0
O004591-1,O004591,P010,1,60.45,40.54,0,,0
O004592-1,O004592,P028,1,54.22,32.4,0.2,,0
O004593-1,O004593,P037,1,81.55,51.15,0.15000000000000002,,0
O004593-2,O004593,P027,2,42.25,24.81,0.05,,0
O004594-1,O004594,P018,1,294.41,187.22,0.05,Not as described,0
O004594-2,O004594,P020,4,151.49,90.09,0.1,Damaged,0
O004595-1,O004595,P045,1,147.73,93.9,0,,0
O004595-2,O004595,P007,1,85.33,56.95,0.05,,0
O004596-1,O004596,P030,2,46.94,28.34,0,,0
O004597-1,O004597,P031,3,8.72,4.67,0,,0
O004597-2,O004597,P042,1,180.79,114.47,0,,0
O004597-3,O004597,P040,4,195.87,114.95,0.05,,0
O004597-4,O004597,P028,1,54.22,32.4,0.05,,0
O004598-1,O004598,P048,1,87.18,54.6,0,,0
O004598-2,O004598,P020,3,151.49,90.09,0,,0
O004598-3,O004598,P025,4,71.76,42.18,0,,0
O004598-4,O004598,P018,2,294.41,187.22,0.05,,0
O004599-1,O004599,P005,2,183.5,123.78,0.05,,0
O004600-1,O004600,P048,2,87.18,54.6,0.05,,0
O004600-2,O004600,P020,2,151.49,90.09,0.05,,0
O004601-1,O004601,P041,1,78.7,44.75,0.05,,0
O004601-2,O004601,P038,1,152.06,96.3,0.05,,0
O004602-1,O004602,P032,1,45.76,24.77,0.2,,0
O004602-2,O004602,P041,2,78.7,44.75,0.2,,0
O004603-1,O004603,P035,1,41.88,25.54,0.05,,0
O004603-2,O004603,P016,1,630.9,390.58,0,,0
O004604-1,O004604,P028,1,54.22,32.4,0.05,,0
O004605-1,O004605,P023,1,195.53,117.52,0.15,,0
O004605-2,O004605,P036,2,35.45,21.49,0,,0
O004606-1,O004606,P039,2,49.57,31.45,0.05,,0
O004606-2,O004606,P016,1,630.9,390.58,0,,0
O004606-3,O004606,P010,2,60.45,40.54,0.05,,0
O004607-1,O004607,P013,2,418.01,238.98,0.1,,0
O004608-1,O004608,P007,1,85.33,56.95,0,,0
O004608-2,O004608,P048,1,87.18,54.6,0.05,,0
O004609-1,O004609,P033,1,75.25,44.42,0.05,,0
O004610-1,O004610,P002,2,120.53,78.28,0,,0
O004611-1,O004611,P004,2,400.96,266.15,0.1,,0
O004612-1,O004612,P042,1,180.79,114.47,0.2,,0
O004613-1,O004613,P031,1,8.72,4.67,0,,0
O004614-1,O004614,P044,1,134.21,77.33,0,,0
O004614-2,O004614,P016,4,630.9,390.58,0.05,,0
O004614-3,O004614,P032,1,45.76,24.77,0,,0
O004615-1,O004615,P012,1,414.28,288.7,0.05,Changed mind,0
O004615-2,O004615,P039,1,49.57,31.45,0,Changed mind,0
O004616-1,O004616,P007,2,85.33,56.95,0,,0
O004616-2,O004616,P033,1,75.25,44.42,0,,0
O004616-3,O004616,P045,1,147.73,93.9,0,,0
O004617-1,O004617,P020,5,151.49,90.09,0,,0
O004617-2,O004617,P028,4,54.22,32.4,0,,0
O004618-1,O004618,P023,1,195.53,117.52,0.1,,0
O004618-2,O004618,P031,2,8.72,4.67,0.1,,0
O004619-1,O004619,P048,1,87.18,54.6,0.05,Arrived late,0
O004620-1,O004620,P040,2,195.87,114.95,0.2,,0
O004620-2,O004620,P016,1,630.9,390.58,0.05,,0
O004620-3,O004620,P012,2,414.28,288.7,0.05,,0
O004620-4,O004620,P003,2,139.72,94.93,0.15,,0
O004621-1,O004621,P029,1,62.03,33.59,0.2,,0
O004621-2,O004621,P020,1,151.49,90.09,0.05,,0
O004621-3,O004621,P035,1,41.88,25.54,0.15000000000000002,,0
O004621-4,O004621,P025,1,71.76,42.18,0.15000000000000002,,0
O004622-1,O004622,P041,2,78.7,44.75,0.1,,0
O004623-1,O004623,P036,1,35.45,21.49,0.2,,0
O004624-1,O004624,P005,1,183.5,123.78,0.1,,0
O004625-1,O004625,P037,1,81.55,51.15,0.1,,0
O004626-1,O004626,P004,2,400.96,266.15,0,,0
O004627-1,O004627,P048,1,87.18,54.6,0.1,,0
O004627-2,O004627,P034,2,25.32,14.75,0.05,,0
O004627-3,O004627,P009,3,296.73,204.62,0,,0
O004628-1,O004628,P034,1,25.32,14.75,0.1,,0
O004629-1,O004629,P007,2,85.33,56.95,0.1,,0
O004629-2,O004629,P044,1,134.21,77.33,0,,0
O004629-3,O004629,P021,1,221.99,142.61,0.05,,0
O004630-1,O004630,P041,2,78.7,44.75,0.15,,0
O004630-2,O004630,P019,1,539.67,317.29,0,,0
O004631-1,O004631,P036,2,35.45,21.49,0.1,,0
O004631-2,O004631,P009,1,296.73,204.62,0.05,,0
O004632-1,O004632,P038,2,152.06,96.3,0,,0
O004632-2,O004632,P027,3,42.25,24.81,0,,0
O004633-1,O004633,P026,1,26.84,15.28,0,,0
O004634-1,O004634,P009,1,296.73,204.62,0.1,,0
O004635-1,O004635,P047,2,142.37,88.8,0,,0
O004636-1,O004636,P048,1,87.18,54.6,0.1,,0
O004637-1,O004637,P028,1,54.22,32.4,0.05,,0
O004638-1,O004638,P035,2,41.88,25.54,0.05,,0
O004639-1,O004639,P026,1,26.84,15.28,0.05,,0
O004640-1,O004640,P001,3,214.49,142.19,0.1,,0
O004641-1,O004641,P031,2,8.72,4.67,0.15,,0
O004641-2,O004641,P036,1,35.45,21.49,0,,0
O004641-3,O004641,P011,2,416.54,268.27,0.2,,0
O004642-1,O004642,P015,4,168.09,101.78,0.1,,0
O004642-2,O004642,P027,1,42.25,24.81,0.05,,0
O004642-3,O004642,P028,1,54.22,32.4,0.2,,0
O004643-1,O004643,P038,2,152.06,96.3,0,,0
O004644-1,O004644,P036,1,35.45,21.49,0.15000000000000002,,0
O004644-2,O004644,P009,3,296.73,204.62,0.05,,0
O004645-1,O004645,P036,1,35.45,21.49,0.2,,0
O004645-2,O004645,P040,1,195.87,114.95,0.05,,0
O004646-1,O004646,P023,1,195.53,117.52,0.05,Changed mind,0
O004646-2,O004646,P016,1,630.9,390.58,0.1,Damaged,0
O004647-1,O004647,P008,1,253.51,162.28,0.05,,0
O004647-2,O004647,P003,2,139.72,94.93,0.05,,0
O004647-3,O004647,P036,3,35.45,21.49,0.05,,0
O004648-1,O004648,P045,3,147.73,93.9,0,,0
O004649-1,O004649,P017,1,198.78,124.13,0,,0
O004649-2,O004649,P018,1,294.41,187.22,0,,0
O004649-3,O004649,P007,2,85.33,56.95,0,,0
O004649-4,O004649,P035,1,41.88,25.54,0.05,,0
O004650-1,O004650,P008,2,253.51,162.28,0.1,,0
O004650-2,O004650,P036,2,35.45,21.49,0.05,,0
O004651-1,O004651,P005,1,183.5,123.78,0,,0
O004652-1,O004652,P011,2,416.54,268.27,0.15,,0
O004652-2,O004652,P039,3,49.57,31.45,0.1,,0
O004653-1,O004653,P008,3,253.51,162.28,0.1,,0
O004653-2,O004653,P001,1,214.49,142.19,0.05,,0
O004653-3,O004653,P014,1,100.54,57.99,0.15000000000000002,,0
O004654-1,O004654,P031,2,8.72,4.67,0,,0
O004654-2,O004654,P018,4,294.41,187.22,0,,0
O004654-3,O004654,P016,4,630.9,390.58,0.05,,0
O004655-1,O004655,P013,2,418.01,238.98,0,,0
O004655-2,O004655,P001,1,214.49,142.19,0.15,,0
O004655-3,O004655,P023,3,195.53,117.52,0.05,,0
O004656-1,O004656,P015,4,168.09,101.78,0.2,Arrived late,0
O004657-1,O004657,P029,2,62.03,33.59,0.1,,0
O004658-1,O004658,P011,1,416.54,268.27,0.2,,0
O004659-1,O004659,P017,5,198.78,124.13,0,,0
O004660-1,O004660,P012,1,414.28,288.7,0.05,,0
O004661-1,O004661,P026,5,26.84,15.28,0,,1
O004662-1,O004662,P004,2,400.96,266.15,0.1,,0
O004663-1,O004663,P029,4,62.03,33.59,0.1,,0
O004663-2,O004663,P031,1,8.72,4.67,0.15000000000000002,,0
O004663-3,O004663,P039,4,49.57,31.45,0.05,,0
O004664-1,O004664,P031,2,8.72,4.67,0,,0
O004664-2,O004664,P019,1,539.67,317.29,0,,0
O004665-1,O004665,P026,2,26.84,15.28,0.15000000000000002,,0
O004665-2,O004665,P039,1,49.57,31.45,0.2,,0
O004666-1,O004666,P017,2,198.78,124.13,0,,0
O004667-1,O004667,P005,1,183.5,123.78,0.15,,0
O004667-2,O004667,P019,2,539.67,317.29,0.05,,0
O004668-1,O004668,P009,2,296.73,204.62,0.2,,0
O004668-2,O004668,P031,4,8.72,4.67,0.1,,0
O004668-3,O004668,P034,1,25.32,14.75,0.2,,0
O004669-1,O004669,P033,2,75.25,44.42,0.15,,0
O004669-2,O004669,P005,1,183.5,123.78,0.1,,0
O004670-1,O004670,P039,1,49.57,31.45,0.1,,0
O004670-2,O004670,P022,1,568.95,369.55,0,,0
O004671-1,O004671,P038,1,152.06,96.3,0.05,,0
O004672-1,O004672,P039,1,49.57,31.45,0,,0
O004672-2,O004672,P025,2,71.76,42.18,0,,0
O004673-1,O004673,P019,1,539.67,317.29,0,,0
O004674-1,O004674,P030,3,46.94,28.34,0.2,,0
O004674-2,O004674,P028,1,54.22,32.4,0.1,,0
O004675-1,O004675,P010,2,60.45,40.54,0,,0
O004675-2,O004675,P026,1,26.84,15.28,0.1,,0
O004675-3,O004675,P035,1,41.88,25.54,0,,0
O004675-4,O004675,P002,1,120.53,78.28,0,,0
O004676-1,O004676,P001,1,214.49,142.19,0,,0
O004677-1,O004677,P009,1,296.73,204.62,0.05,,0
O004677-2,O004677,P001,2,214.49,142.19,0.05,,0
O004678-1,O004678,P017,1,198.78,124.13,0,,0
O004678-2,O004678,P040,2,195.87,114.95,0.05,,0
O004679-1,O004679,P033,2,75.25,44.42,0.1,,0
O004680-1,O004680,P003,1,139.72,94.93,0.1,,0
O004681-1,O004681,P022,1,568.95,369.55,0,Not as described,0
O004681-2,O004681,P003,1,139.72,94.93,0.15,Changed mind,0
O004682-1,O004682,P004,1,400.96,266.15,0.15,,0
O004682-2,O004682,P042,2,180.79,114.47,0.15,,0
O004683-1,O004683,P034,2,25.32,14.75,0.1,,0
O004683-2,O004683,P040,2,195.87,114.95,0.05,,0
O004683-3,O004683,P037,2,81.55,51.15,0,,0
O004684-1,O004684,P040,2,195.87,114.95,0,,0
O004685-1,O004685,P037,2,81.55,51.15,0.05,,0
O004685-2,O004685,P041,2,78.7,44.75,0.1,,0
O004686-1,O004686,P028,3,54.22,32.4,0.15,,0
O004687-1,O004687,P041,1,78.7,44.75,0.15000000000000002,,0
O004687-2,O004687,P042,5,180.79,114.47,0.05,,0
O004688-1,O004688,P001,1,214.49,142.19,0,,0
O004688-2,O004688,P011,2,416.54,268.27,0,,0
O004689-1,O004689,P018,3,294.41,187.22,0,,0
O004690-1,O004690,P007,3,85.33,56.95,0,,0
O004690-2,O004690,P036,1,35.45,21.49,0,,0
O004690-3,O004690,P001,2,214.49,142.19,0,,0
O004691-1,O004691,P045,2,147.73,93.9,0.15,,0
O004692-1,O004692,P005,1,183.5,123.78,0,,0
O004692-2,O004692,P036,1,35.45,21.49,0.1,,0
O004692-3,O004692,P015,1,168.09,101.78,0.05,,0
O004693-1,O004693,P005,1,183.5,123.78,0.05,,0
O004693-2,O004693,P007,1,85.33,56.95,0,,0
O004694-1,O004694,P048,1,87.18,54.6,0.05,,0
O004695-1,O004695,P025,1,71.76,42.18,0.05,,0
O004696-1,O004696,P026,1,26.84,15.28,0.1,,0
O004696-2,O004696,P047,1,142.37,88.8,0,,0
O004697-1,O004697,P011,3,416.54,268.27,0.1,,0
O004698-1,O004698,P009,1,296.73,204.62,0.05,,0
O004698-2,O004698,P014,1,100.54,57.99,0.15000000000000002,,0
O004698-3,O004698,P035,1,41.88,25.54,0.15000000000000002,,0
O004699-1,O004699,P023,3,195.53,117.52,0.05,,0
O004700-1,O004700,P040,1,195.87,114.95,0.05,,0
O004700-2,O004700,P003,1,139.72,94.93,0.05,,0
O004700-3,O004700,P008,1,253.51,162.28,0.1,,0
O004701-1,O004701,P033,2,75.25,44.42,0.1,,0
O004701-2,O004701,P031,1,8.72,4.67,0.1,,1
O004702-1,O004702,P045,1,147.73,93.9,0.1,,0
O004703-1,O004703,P032,3,45.76,24.77,0,,0
O004703-2,O004703,P036,1,35.45,21.49,0.05,,0
O004703-3,O004703,P017,1,198.78,124.13,0.15,,0
O004704-1,O004704,P003,1,139.72,94.93,0,,0
O004705-1,O004705,P014,1,100.54,57.99,0.05,,0
O004706-1,O004706,P042,2,180.79,114.47,0.05,,0
O004707-1,O004707,P028,1,54.22,32.4,0.05,,0
O004707-2,O004707,P014,1,100.54,57.99,0,,0
O004708-1,O004708,P026,2,26.84,15.28,0.15,,0
O004708-2,O004708,P023,2,195.53,117.52,0.05,,0
O004708-3,O004708,P009,1,296.73,204.62,0.05,,0
O004709-1,O004709,P017,2,198.78,124.13,0,,0
O004710-1,O004710,P034,1,25.32,14.75,0.15000000000000002,,0
O004710-2,O004710,P038,1,152.06,96.3,0.15000000000000002,,0
O004710-3,O004710,P041,4,78.7,44.75,0.05,,0
O004711-1,O004711,P025,2,71.76,42.18,0,,0
O004711-2,O004711,P034,1,25.32,14.75,0.1,,0
O004712-1,O004712,P012,2,414.28,288.7,0.05,,0
O004712-2,O004712,P030,2,46.94,28.34,0,,0
O004713-1,O004713,P005,2,183.5,123.78,0.05,,0
O004714-1,O004714,P047,1,142.37,88.8,0.1,,0
O004715-1,O004715,P027,1,42.25,24.81,0,,0
O004716-1,O004716,P039,1,49.57,31.45,0.2,,0
O004717-1,O004717,P019,1,539.67,317.29,0.1,,0
O004718-1,O004718,P044,2,134.21,77.33,0,,0
O004719-1,O004719,P031,1,8.72,4.67,0.2,,0
O004720-1,O004720,P005,2,183.5,123.78,0.05,,0
O004720-2,O004720,P037,1,81.55,51.15,0.15000000000000002,,0
O004721-1,O004721,P043,2,205.47,129.67,0.15,,0
O004722-1,O004722,P035,1,41.88,25.54,0,,0
O004722-2,O004722,P016,4,630.9,390.58,0.1,,0
O004722-3,O004722,P033,3,75.25,44.42,0.05,,0
O004722-4,O004722,P012,1,414.28,288.7,0,,0
O004723-1,O004723,P041,1,78.7,44.75,0.2,,0
O004723-2,O004723,P025,1,71.76,42.18,0.1,,0
O004724-1,O004724,P029,1,62.03,33.59,0.1,,0
O004725-1,O004725,P026,1,26.84,15.28,0,,0
O004725-2,O004725,P006,1,244.45,154.75,0,,0
O004726-1,O004726,P038,1,152.06,96.3,0.1,,1
O004726-2,O004726,P012,2,414.28,288.7,0.15,,0
O004727-1,O004727,P047,1,142.37,88.8,0.2,,0
O004727-2,O004727,P023,2,195.53,117.52,0,,0
O004727-3,O004727,P006,2,244.45,154.75,0,,0
O004728-1,O004728,P022,1,568.95,369.55,0.1,,0
O004728-2,O004728,P031,1,8.72,4.67,0,,0
O004729-1,O004729,P026,5,26.84,15.28,0,,0
O004729-2,O004729,P041,1,78.7,44.75,0,,0
O004729-3,O004729,P048,3,87.18,54.6,0,,0
O004730-1,O004730,P011,4,416.54,268.27,0.05,Changed mind,0
O004730-2,O004730,P021,1,221.99,142.61,0.1,Changed mind,0
O004731-1,O004731,P028,3,54.22,32.4,0.05,,0
O004732-1,O004732,P009,1,296.73,204.62,0.1,,0
O004733-1,O004733,P036,4,35.45,21.49,0.1,,0
O004734-1,O004734,P007,3,85.33,56.95,0.15,,0
O004734-2,O004734,P003,1,139.72,94.93,0.1,,0
O004734-3,O004734,P017,5,198.78,124.13,0.1,,0
O004735-1,O004735,P004,1,400.96,266.15,0.15,,1
O004736-1,O004736,P024,2,104.96,63.45,0,,0
O004737-1,O004737,P011,1,416.54,268.27,0.05,,0
O004738-1,O004738,P019,1,539.67,317.29,0.1,Changed mind,0
O004738-2,O004738,P011,3,416.54,268.27,0,Wrong item,0
O004739-1,O004739,P044,1,134.21,77.33,0,,0
O004740-1,O004740,P010,1,60.45,40.54,0.05,,0
O004740-2,O004740,P015,3,168.09,101.78,0.05,,1
O004740-3,O004740,P018,1,294.41,187.22,0.1,,0
O004740-4,O004740,P040,1,195.87,114.95,0.05,,0
O004741-1,O004741,P028,1,54.22,32.4,0.1,,0
O004742-1,O004742,P030,1,46.94,28.34,0,Wrong item,0
O004742-2,O004742,P009,3,296.73,204.62,0.05,Arrived late,0
O004743-1,O004743,P047,3,142.37,88.8,0,,0
O004744-1,O004744,P014,1,100.54,57.99,0.05,,0
O004745-1,O004745,P010,1,60.45,40.54,0.1,,0
O004746-1,O004746,P018,1,294.41,187.22,0.05,,0
O004746-2,O004746,P016,3,630.9,390.58,0,,0
O004747-1,O004747,P031,2,8.72,4.67,0,,0
O004748-1,O004748,P018,1,294.41,187.22,0.15,,0
O004748-2,O004748,P031,1,8.72,4.67,0,,0
O004748-3,O004748,P006,2,244.45,154.75,0.1,,0
O004748-4,O004748,P048,2,87.18,54.6,0.05,,0
O004749-1,O004749,P042,1,180.79,114.47,0.1,,0
O004749-2,O004749,P033,2,75.25,44.42,0,,0
O004750-1,O004750,P040,3,195.87,114.95,0.15,Changed mind,0
O004751-1,O004751,P009,1,296.73,204.62,0.1,,0
O004751-2,O004751,P039,4,49.57,31.45,0.05,,0
O004752-1,O004752,P021,3,221.99,142.61,0,,0
O004753-1,O004753,P022,1,568.95,369.55,0.15,Changed mind,0
O004754-1,O004754,P013,1,418.01,238.98,0,,0
O004754-2,O004754,P023,3,195.53,117.52,0.1,,0
O004755-1,O004755,P018,2,294.41,187.22,0.1,,0
O004756-1,O004756,P023,1,195.53,117.52,0.1,,0
O004757-1,O004757,P024,1,104.96,63.45,0.05,,0
O004757-2,O004757,P048,2,87.18,54.6,0.2,,0
O004757-3,O004757,P033,1,75.25,44.42,0.1,,0
O004757-4,O004757,P045,1,147.73,93.9,0.2,,0
O004758-1,O004758,P013,4,418.01,238.98,0,,0
O004759-1,O004759,P010,1,60.45,40.54,0.1,,0
O004759-2,O004759,P026,2,26.84,15.28,0.15,,0
O004759-3,O004759,P003,1,139.72,94.93,0,,0
O004759-4,O004759,P047,2,142.37,88.8,0,,0
O004760-1,O004760,P032,1,45.76,24.77,0,,1
O004761-1,O004761,P046,1,180.61,102.64,0.1,,0
O004761-2,O004761,P001,1,214.49,142.19,0.1,,0
O004761-3,O004761,P043,4,205.47,129.67,0.2,,0
O004762-1,O004762,P041,1,78.7,44.75,0.05,,0
O004762-2,O004762,P027,3,42.25,24.81,0,,0
O004763-1,O004763,P014,1,100.54,57.99,0.15,,0
O004764-1,O004764,P009,2,296.73,204.62,0.1,,0
O004764-2,O004764,P001,1,214.49,142.19,0.15,,0
O004765-1,O004765,P001,2,214.49,142.19,0.1,,0
O004765-2,O004765,P002,1,120.53,78.28,0,,0
O004766-1,O004766,P011,1,416.54,268.27,0.15,,0
O004767-1,O004767,P030,3,46.94,28.34,0.2,,0
O004768-1,O004768,P026,1,26.84,15.28,0.1,,0
O004768-2,O004768,P013,1,418.01,238.98,0,,0
O004768-3,O004768,P043,2,205.47,129.67,0,,0
O004768-4,O004768,P032,3,45.76,24.77,0,,0
O004769-1,O004769,P034,1,25.32,14.75,0,,0
O004769-2,O004769,P017,1,198.78,124.13,0.05,,0
O004770-1,O004770,P021,2,221.99,142.61,0.2,,0
O004771-1,O004771,P007,1,85.33,56.95,0,,1
O004772-1,O004772,P047,4,142.37,88.8,0,,0
O004772-2,O004772,P032,1,45.76,24.77,0,,0
O004773-1,O004773,P027,1,42.25,24.81,0.1,,0
O004773-2,O004773,P040,2,195.87,114.95,0.05,,0
O004773-3,O004773,P005,3,183.5,123.78,0.1,,0
O004774-1,O004774,P032,1,45.76,24.77,0.05,,0
O004775-1,O004775,P033,1,75.25,44.42,0.05,,1
O004776-1,O004776,P004,2,400.96,266.15,0.05,,0
O004777-1,O004777,P024,1,104.96,63.45,0,,0
O004778-1,O004778,P006,1,244.45,154.75,0,,0
O004779-1,O004779,P031,2,8.72,4.67,0.15,,0
O004779-2,O004779,P003,2,139.72,94.93,0,,0
O004780-1,O004780,P035,1,41.88,25.54,0,,0
O004780-2,O004780,P048,2,87.18,54.6,0.05,,0
O004780-3,O004780,P040,1,195.87,114.95,0.05,,0
O004780-4,O004780,P036,1,35.45,21.49,0.2,,0
O004781-1,O004781,P043,4,205.47,129.67,0,,0
O004782-1,O004782,P038,3,152.06,96.3,0.1,,0
O004783-1,O004783,P007,3,85.33,56.95,0.05,Wrong item,0
O004783-2,O004783,P048,2,87.18,54.6,0.1,Damaged,0
O004783-3,O004783,P027,1,42.25,24.81,0.1,Not as described,0
O004783-4,O004783,P014,5,100.54,57.99,0.2,Arrived late,0
O004784-1,O004784,P029,1,62.03,33.59,0.2,,0
O004785-1,O004785,P034,4,25.32,14.75,0,,0
O004786-1,O004786,P010,1,60.45,40.54,0.05,,0
O004787-1,O004787,P044,1,134.21,77.33,0.15,,0
O004787-2,O004787,P028,1,54.22,32.4,0,,0
O004787-3,O004787,P029,1,62.03,33.59,0.05,,0
O004788-1,O004788,P016,3,630.9,390.58,0.05,,0
O004789-1,O004789,P012,1,414.28,288.7,0.05,,0
O004790-1,O004790,P032,3,45.76,24.77,0,,0
O004790-2,O004790,P020,1,151.49,90.09,0.15,,0
O004791-1,O004791,P003,1,139.72,94.93,0.05,,0
O004792-1,O004792,P001,1,214.49,142.19,0.1,,0
O004793-1,O004793,P008,1,253.51,162.28,0.1,,0
O004793-2,O004793,P014,1,100.54,57.99,0,,0
O004793-3,O004793,P045,1,147.73,93.9,0,,0
O004794-1,O004794,P004,2,400.96,266.15,0,,0
O004794-2,O004794,P043,1,205.47,129.67,0.05,,0
O004795-1,O004795,P024,1,104.96,63.45,0.1,,0
O004795-2,O004795,P026,1,26.84,15.28,0,,0
O004796-1,O004796,P028,1,54.22,32.4,0.05,,0
O004797-1,O004797,P012,2,414.28,288.7,0,,0
O004797-2,O004797,P022,2,568.95,369.55,0.05,,0
O004798-1,O004798,P027,2,42.25,24.81,0.05,,0
O004799-1,O004799,P027,1,42.25,24.81,0.15,,0
O004799-2,O004799,P016,1,630.9,390.58,0,,0
O004800-1,O004800,P030,3,46.94,28.34,0,,0
O004800-2,O004800,P002,3,120.53,78.28,0,,0
O004800-3,O004800,P011,1,416.54,268.27,0.05,,0
O004800-4,O004800,P036,1,35.45,21.49,0.05,,0
O004801-1,O004801,P006,1,244.45,154.75,0.05,,0
O004802-1,O004802,P034,2,25.32,14.75,0.05,,0
O004803-1,O004803,P039,1,49.57,31.45,0.2,,0
O004803-2,O004803,P021,2,221.99,142.61,0,,0
O004803-3,O004803,P043,4,205.47,129.67,0.05,,0
O004804-1,O004804,P008,1,253.51,162.28,0.05,,0
O004805-1,O004805,P012,1,414.28,288.7,0.2,,1
O004805-2,O004805,P005,1,183.5,123.78,0,,0
O004805-3,O004805,P002,1,120.53,78.28,0,,0
O004806-1,O004806,P039,1,49.57,31.45,0.05,,0
O004806-2,O004806,P044,1,134.21,77.33,0,,0
O004807-1,O004807,P013,1,418.01,238.98,0,,0
O004808-1,O004808,P018,2,294.41,187.22,0.05,,0
O004808-2,O004808,P034,1,25.32,14.75,0.15,,0
O004809-1,O004809,P044,1,134.21,77.33,0.15000000000000002,,0
O004809-2,O004809,P029,1,62.03,33.59,0.05,,0
O004810-1,O004810,P010,1,60.45,40.54,0.2,,1
O004811-1,O004811,P048,1,87.18,54.6,0.05,,0
O004811-2,O004811,P013,3,418.01,238.98,0.05,,0
O004811-3,O004811,P042,1,180.79,114.47,0.15000000000000002,,0
O004812-1,O004812,P006,1,244.45,154.75,0,,0
O004813-1,O004813,P002,3,120.53,78.28,0,,0
O004813-2,O004813,P017,1,198.78,124.13,0,,1
O004814-1,O004814,P045,1,147.73,93.9,0,,0
O004814-2,O004814,P035,4,41.88,25.54,0.2,,0
O004814-3,O004814,P029,3,62.03,33.59,0,,0
O004815-1,O004815,P013,3,418.01,238.98,0.05,,0
O004816-1,O004816,P007,3,85.33,56.95,0,,0
O004816-2,O004816,P037,1,81.55,51.15,0,,0
O004817-1,O004817,P039,1,49.57,31.45,0.15,,0
O004818-1,O004818,P031,1,8.72,4.67,0,,0
O004819-1,O004819,P039,1,49.57,31.45,0.15,,0
O004819-2,O004819,P029,1,62.03,33.59,0.15,,0
O004819-3,O004819,P042,1,180.79,114.47,0.1,,0
O004819-4,O004819,P030,1,46.94,28.34,0.1,,0
O004820-1,O004820,P048,2,87.18,54.6,0.2,,0
O004820-2,O004820,P029,2,62.03,33.59,0.2,,0
O004821-1,O004821,P046,1,180.61,102.64,0.15000000000000002,,0
O004821-2,O004821,P013,1,418.01,238.98,0.05,,0
O004822-1,O004822,P037,2,81.55,51.15,0,,0
O004822-2,O004822,P039,1,49.57,31.45,0.2,,0
O004823-1,O004823,P017,1,198.78,124.13,0.2,,1
O004823-2,O004823,P005,1,183.5,123.78,0,,0
O004824-1,O004824,P011,1,416.54,268.27,0.05,Damaged,0
O004825-1,O004825,P018,1,294.41,187.22,0.1,,0
O004826-1,O004826,P028,1,54.22,32.4,0,,0
O004826-2,O004826,P002,2,120.53,78.28,0.1,,0
O004827-1,O004827,P012,1,414.28,288.7,0,,0
O004828-1,O004828,P004,3,400.96,266.15,0.1,,0
O004829-1,O004829,P036,1,35.45,21.49,0.05,,0
O004830-1,O004830,P008,1,253.51,162.28,0.15000000000000002,,0
O004831-1,O004831,P046,2,180.61,102.64,0,,0
O004832-1,O004832,P034,1,25.32,14.75,0.05,,0
O004832-2,O004832,P010,1,60.45,40.54,0,,0
O004832-3,O004832,P030,2,46.94,28.34,0,,0
O004833-1,O004833,P031,1,8.72,4.67,0,,0
O004833-2,O004833,P008,5,253.51,162.28,0.2,,0
O004834-1,O004834,P018,1,294.41,187.22,0.05,,0
O004834-2,O004834,P007,1,85.33,56.95,0,,0
O004834-3,O004834,P012,1,414.28,288.7,0,,0
O004835-1,O004835,P044,3,134.21,77.33,0.2,,0
O004836-1,O004836,P030,2,46.94,28.34,0.1,,0
O004837-1,O004837,P047,1,142.37,88.8,0.1,,0
O004838-1,O004838,P008,4,253.51,162.28,0,,0
O004838-2,O004838,P012,2,414.28,288.7,0.1,,0
O004839-1,O004839,P011,1,416.54,268.27,0,,0
O004839-2,O004839,P035,1,41.88,25.54,0,,0
O004839-3,O004839,P006,1,244.45,154.75,0,,0
O004839-4,O004839,P026,1,26.84,15.28,0.05,,0
O004840-1,O004840,P003,2,139.72,94.93,0.1,,0
O004841-1,O004841,P048,1,87.18,54.6,0,,0
O004842-1,O004842,P004,1,400.96,266.15,0.05,,0
O004843-1,O004843,P030,3,46.94,28.34,0.1,,0
O004844-1,O004844,P024,1,104.96,63.45,0.15000000000000002,,0
O004845-1,O004845,P010,2,60.45,40.54,0.05,,0
O004846-1,O004846,P041,1,78.7,44.75,0.05,,0
O004847-1,O004847,P037,4,81.55,51.15,0,,0
O004847-2,O004847,P031,1,8.72,4.67,0.15,,0
O004847-3,O004847,P018,2,294.41,187.22,0.15,,0
O004848-1,O004848,P027,1,42.25,24.81,0.05,,1
O004848-2,O004848,P045,1,147.73,93.9,0.05,,1
O004849-1,O004849,P030,2,46.94,28.34,0.05,,0
O004849-2,O004849,P028,2,54.22,32.4,0.2,,0
O004850-1,O004850,P018,1,294.41,187.22,0.15,,0
O004850-2,O004850,P007,1,85.33,56.95,0.1,,0
O004850-3,O004850,P047,5,142.37,88.8,0.15,,0
O004851-1,O004851,P016,1,630.9,390.58,0,,0
O004851-2,O004851,P002,1,120.53,78.28,0,,0
O004851-3,O004851,P025,2,71.76,42.18,0.1,,0
O004851-4,O004851,P046,1,180.61,102.64,0,,0
O004852-1,O004852,P040,3,195.87,114.95,0.05,,0
O004853-1,O004853,P020,1,151.49,90.09,0,,0
O004854-1,O004854,P040,3,195.87,114.95,0.05,,0
O004854-2,O004854,P022,2,568.95,369.55,0.15,,0
O004854-3,O004854,P039,1,49.57,31.45,0.1,,0
O004855-1,O004855,P007,1,85.33,56.95,0.1,,0
O004856-1,O004856,P010,1,60.45,40.54,0.15,,0
O004856-2,O004856,P047,1,142.37,88.8,0.15,,0
O004857-1,O004857,P016,1,630.9,390.58,0.05,,0
O004857-2,O004857,P040,3,195.87,114.95,0.05,,0
O004858-1,O004858,P025,1,71.76,42.18,0.05,,0
O004858-2,O004858,P031,2,8.72,4.67,0,,0
O004858-3,O004858,P035,4,41.88,25.54,0,,0
O004858-4,O004858,P037,3,81.55,51.15,0,,0
O004859-1,O004859,P006,3,244.45,154.75,0.1,,0
O004860-1,O004860,P040,3,195.87,114.95,0.05,,0
O004860-2,O004860,P038,3,152.06,96.3,0.05,,0
O004861-1,O004861,P030,2,46.94,28.34,0.05,,0
O004862-1,O004862,P029,4,62.03,33.59,0,,0
O004863-1,O004863,P035,1,41.88,25.54,0,Arrived late,0
O004864-1,O004864,P033,2,75.25,44.42,0,,0
O004865-1,O004865,P035,1,41.88,25.54,0,,0
O004866-1,O004866,P027,2,42.25,24.81,0,,0
O004866-2,O004866,P033,1,75.25,44.42,0,,0
O004867-1,O004867,P035,1,41.88,25.54,0.1,,0
O004868-1,O004868,P030,1,46.94,28.34,0,,0
O004868-2,O004868,P004,4,400.96,266.15,0,,0
O004869-1,O004869,P008,3,253.51,162.28,0.15000000000000002,,0
O004870-1,O004870,P045,2,147.73,93.9,0.2,,0
O004870-2,O004870,P044,1,134.21,77.33,0,,0
O004871-1,O004871,P046,1,180.61,102.64,0.1,,0
O004871-2,O004871,P027,2,42.25,24.81,0,,0
O004872-1,O004872,P008,1,253.51,162.28,0.05,,0
O004872-2,O004872,P047,2,142.37,88.8,0.1,,0
O004873-1,O004873,P037,1,81.55,51.15,0.15,,0
O004874-1,O004874,P009,1,296.73,204.62,0.15000000000000002,,0
O004874-2,O004874,P038,1,152.06,96.3,0.15000000000000002,,0
O004875-1,O004875,P042,1,180.79,114.47,0.05,,0
O004875-2,O004875,P025,3,71.76,42.18,0.05,,0
O004876-1,O004876,P021,1,221.99,142.61,0.15,,0
O004877-1,O004877,P048,2,87.18,54.6,0.1,,0
O004877-2,O004877,P028,5,54.22,32.4,0.05,,0
O004878-1,O004878,P010,1,60.45,40.54,0.1,,0
O004879-1,O004879,P041,1,78.7,44.75,0,,0
O004880-1,O004880,P036,1,35.45,21.49,0,,0
O004881-1,O004881,P009,2,296.73,204.62,0,,0
O004881-2,O004881,P029,3,62.03,33.59,0,,0
O004882-1,O004882,P030,1,46.94,28.34,0.1,,0
O004883-1,O004883,P046,1,180.61,102.64,0.1,,0
O004884-1,O004884,P018,1,294.41,187.22,0.05,,0
O004885-1,O004885,P045,1,147.73,93.9,0.15,,0
O004886-1,O004886,P042,3,180.79,114.47,0,,0
O004887-1,O004887,P027,1,42.25,24.81,0,,0
O004888-1,O004888,P031,1,8.72,4.67,0.05,,0
O004889-1,O004889,P017,1,198.78,124.13,0,,0
O004889-2,O004889,P032,1,45.76,24.77,0,,0
O004889-3,O004889,P007,1,85.33,56.95,0.05,,0
O004889-4,O004889,P047,2,142.37,88.8,0.05,,0
O004890-1,O004890,P039,3,49.57,31.45,0.1,,0
O004890-2,O004890,P024,1,104.96,63.45,0.1,,0
O004891-1,O004891,P005,2,183.5,123.78,0.15000000000000002,,0
O004892-1,O004892,P028,2,54.22,32.4,0.2,,0
O004892-2,O004892,P012,2,414.28,288.7,0.1,,0
O004892-3,O004892,P033,1,75.25,44.42,0.15,,0
O004893-1,O004893,P012,1,414.28,288.7,0.05,,0
O004894-1,O004894,P015,1,168.09,101.78,0.2,,0
O004894-2,O004894,P014,3,100.54,57.99,0.05,,0
O004895-1,O004895,P029,2,62.03,33.59,0.1,,0
O004895-2,O004895,P026,4,26.84,15.28,0,,0
O004896-1,O004896,P039,1,49.57,31.45,0.05,,0
O004896-2,O004896,P004,1,400.96,266.15,0,,0
O004896-3,O004896,P002,2,120.53,78.28,0,,0
O004897-1,O004897,P035,3,41.88,25.54,0.05,,0
O004897-2,O004897,P012,2,414.28,288.7,0.05,,0
O004897-3,O004897,P030,1,46.94,28.34,0.05,,0
O004897-4,O004897,P025,1,71.76,42.18,0.2,,0
O004898-1,O004898,P036,1,35.45,21.49,0.05,,1
O004898-2,O004898,P032,1,45.76,24.77,0,,0
O004899-1,O004899,P035,1,41.88,25.54,0,,0
O004900-1,O004900,P001,1,214.49,142.19,0,,0
O004901-1,O004901,P014,1,100.54,57.99,0.05,,0
O004901-2,O004901,P031,1,8.72,4.67,0.15000000000000002,,0
O004901-3,O004901,P038,1,152.06,96.3,0.2,,0
O004902-1,O004902,P045,1,147.73,93.9,0.1,,0
O004902-2,O004902,P008,1,253.51,162.28,0,,0
O004903-1,O004903,P046,2,180.61,102.64,0,,0
O004903-2,O004903,P009,1,296.73,204.62,0,,0
O004904-1,O004904,P048,1,87.18,54.6,0,,0
O004904-2,O004904,P027,2,42.25,24.81,0,,0
O004905-1,O004905,P025,2,71.76,42.18,0.15,,0
O004905-2,O004905,P027,1,42.25,24.81,0.05,,0
O004906-1,O004906,P029,2,62.03,33.59,0.15000000000000002,,0
O004907-1,O004907,P041,2,78.7,44.75,0.05,,0
O004908-1,O004908,P036,2,35.45,21.49,0.2,,0
O004909-1,O004909,P006,2,244.45,154.75,0.05,,0
O004909-2,O004909,P038,1,152.06,96.3,0.2,,0
O004909-3,O004909,P011,1,416.54,268.27,0.15000000000000002,,0
O004910-1,O004910,P014,1,100.54,57.99,0.1,,0
O004910-2,O004910,P011,1,416.54,268.27,0.2,,0
O004910-3,O004910,P040,1,195.87,114.95,0.15000000000000002,,0
O004911-1,O004911,P016,1,630.9,390.58,0.2,,0
O004912-1,O004912,P012,3,414.28,288.7,0.1,,0
O004913-1,O004913,P017,1,198.78,124.13,0.05,Not as described,0
O004914-1,O004914,P041,4,78.7,44.75,0.1,,0
O004914-2,O004914,P038,2,152.06,96.3,0,,0
O004915-1,O004915,P034,1,25.32,14.75,0.15000000000000002,,0
O004915-2,O004915,P014,4,100.54,57.99,0.05,,0
O004916-1,O004916,P047,1,142.37,88.8,0.05,,0
O004916-2,O004916,P027,2,42.25,24.81,0.15000000000000002,,0
O004916-3,O004916,P029,2,62.03,33.59,0.1,,0
O004917-1,O004917,P018,1,294.41,187.22,0.05,,0
O004917-2,O004917,P008,2,253.51,162.28,0.15000000000000002,,0
O004918-1,O004918,P010,1,60.45,40.54,0.15,,0
O004918-2,O004918,P034,1,25.32,14.75,0.2,,0
O004918-3,O004918,P008,1,253.51,162.28,0,,0
O004919-1,O004919,P017,2,198.78,124.13,0,Changed mind,0
O004919-2,O004919,P029,1,62.03,33.59,0,Not as described,0
O004920-1,O004920,P001,2,214.49,142.19,0.1,,0
O004921-1,O004921,P020,3,151.49,90.09,0,,0
O004921-2,O004921,P011,1,416.54,268.27,0.05,,0
O004922-1,O004922,P044,3,134.21,77.33,0.05,,0
O004923-1,O004923,P017,1,198.78,124.13,0.05,,0
O004924-1,O004924,P021,1,221.99,142.61,0,,0
O004924-2,O004924,P015,2,168.09,101.78,0,,0
O004924-3,O004924,P036,1,35.45,21.49,0.2,,0
O004925-1,O004925,P008,1,253.51,162.28,0,,0
O004925-2,O004925,P005,1,183.5,123.78,0.1,,0
O004926-1,O004926,P005,4,183.5,123.78,0,,0
O004926-2,O004926,P022,1,568.95,369.55,0.05,,0
O004927-1,O004927,P023,1,195.53,117.52,0,,0
O004928-1,O004928,P029,3,62.03,33.59,0,,0
O004929-1,O004929,P009,2,296.73,204.62,0,,0
O004930-1,O004930,P046,3,180.61,102.64,0,,0
O004931-1,O004931,P037,1,81.55,51.15,0.05,,0
O004931-2,O004931,P009,2,296.73,204.62,0.1,,0
O004932-1,O004932,P023,1,195.53,117.52,0.05,,0
O004932-2,O004932,P035,1,41.88,25.54,0.05,,0
O004933-1,O004933,P009,3,296.73,204.62,0.1,,1
O004934-1,O004934,P002,2,120.53,78.28,0.15,,0
O004934-2,O004934,P027,2,42.25,24.81,0,,0
O004935-1,O004935,P028,1,54.22,32.4,0,,0
O004935-2,O004935,P011,1,416.54,268.27,0,,1
O004935-3,O004935,P036,1,35.45,21.49,0,,0
O004935-4,O004935,P029,1,62.03,33.59,0.05,,0
O004936-1,O004936,P006,1,244.45,154.75,0.05,,0
O004936-2,O004936,P047,1,142.37,88.8,0.05,,0
O004937-1,O004937,P031,1,8.72,4.67,0.1,,0
O004938-1,O004938,P043,2,205.47,129.67,0.1,,0
O004939-1,O004939,P033,4,75.25,44.42,0.1,,0
O004939-2,O004939,P046,1,180.61,102.64,0.15,,0
O004939-3,O004939,P021,1,221.99,142.61,0.15,,0
O004940-1,O004940,P009,3,296.73,204.62,0.2,,0
O004940-2,O004940,P017,1,198.78,124.13,0.05,,0
O004940-3,O004940,P003,1,139.72,94.93,0.2,,0
O004941-1,O004941,P001,5,214.49,142.19,0.1,,0
O004942-1,O004942,P024,1,104.96,63.45,0.15,,0
O004943-1,O004943,P030,4,46.94,28.34,0,,0
O004944-1,O004944,P030,1,46.94,28.34,0.1,,0
O004944-2,O004944,P038,1,152.06,96.3,0.1,,0
O004945-1,O004945,P015,1,168.09,101.78,0,,0
O004946-1,O004946,P040,2,195.87,114.95,0,,0
O004947-1,O004947,P042,2,180.79,114.47,0,,0
O004948-1,O004948,P018,3,294.41,187.22,0.05,,0
O004949-1,O004949,P031,1,8.72,4.67,0.2,Arrived late,0
O004949-2,O004949,P045,1,147.73,93.9,0.05,Arrived late,0
O004950-1,O004950,P024,2,104.96,63.45,0,,0
O004951-1,O004951,P043,1,205.47,129.67,0.1,,0
O004952-1,O004952,P038,1,152.06,96.3,0.05,,0
O004952-2,O004952,P030,1,46.94,28.34,0,,0
O004953-1,O004953,P023,1,195.53,117.52,0.2,,0
O004954-1,O004954,P048,2,87.18,54.6,0.1,,0
O004954-2,O004954,P011,2,416.54,268.27,0.05,,0
O004955-1,O004955,P033,1,75.25,44.42,0,,0
O004955-2,O004955,P013,1,418.01,238.98,0,,0
O004956-1,O004956,P006,2,244.45,154.75,0,,0
O004956-2,O004956,P048,1,87.18,54.6,0,,0
O004956-3,O004956,P017,1,198.78,124.13,0,,0
O004957-1,O004957,P006,4,244.45,154.75,0.05,,0
O004958-1,O004958,P012,2,414.28,288.7,0.15,,0
O004959-1,O004959,P021,1,221.99,142.61,0.2,,0
O004960-1,O004960,P040,1,195.87,114.95,0.1,,0
O004960-2,O004960,P048,2,87.18,54.6,0.15000000000000002,,0
O004961-1,O004961,P026,1,26.84,15.28,0.2,,0
O004961-2,O004961,P003,1,139.72,94.93,0.05,,0
O004961-3,O004961,P047,2,142.37,88.8,0.1,,0
O004961-4,O004961,P004,1,400.96,266.15,0.1,,0
O004962-1,O004962,P011,2,416.54,268.27,0.2,,0
O004963-1,O004963,P018,2,294.41,187.22,0.05,,0
O004963-2,O004963,P027,5,42.25,24.81,0,,1
O004963-3,O004963,P041,4,78.7,44.75,0.05,,0
O004963-4,O004963,P032,2,45.76,24.77,0.1,,0
O004964-1,O004964,P013,1,418.01,238.98,0,,0
O004964-2,O004964,P017,1,198.78,124.13,0.05,,0
O004965-1,O004965,P010,1,60.45,40.54,0,,0
O004966-1,O004966,P026,5,26.84,15.28,0.2,,0
O004967-1,O004967,P028,2,54.22,32.4,0.05,,0
O004968-1,O004968,P035,4,41.88,25.54,0.15000000000000002,,0
O004969-1,O004969,P035,2,41.88,25.54,0,,0
O004970-1,O004970,P015,3,168.09,101.78,0,,0
O004970-2,O004970,P043,4,205.47,129.67,0,,0
O004970-3,O004970,P013,1,418.01,238.98,0.1,,0
O004971-1,O004971,P030,4,46.94,28.34,0.05,,1
O004972-1,O004972,P045,3,147.73,93.9,0.15000000000000002,,0
O004972-2,O004972,P040,1,195.87,114.95,0.15000000000000002,,0
O004973-1,O004973,P015,4,168.09,101.78,0,,0
O004973-2,O004973,P001,1,214.49,142.19,0.15,,0
O004973-3,O004973,P036,3,35.45,21.49,0.15,,0
O004973-4,O004973,P030,1,46.94,28.34,0,,0
O004974-1,O004974,P010,2,60.45,40.54,0,,0
O004974-2,O004974,P038,1,152.06,96.3,0,,0
O004974-3,O004974,P003,1,139.72,94.93,0,,0
O004975-1,O004975,P003,3,139.72,94.93,0,,0
O004976-1,O004976,P048,2,87.18,54.6,0.05,Changed mind,0
O004976-2,O004976,P005,2,183.5,123.78,0.1,Arrived late,0
O004976-3,O004976,P020,3,151.49,90.09,0.05,Changed mind,0
O004977-1,O004977,P023,1,195.53,117.52,0,,0
O004977-2,O004977,P022,1,568.95,369.55,0.05,,0
O004977-3,O004977,P009,1,296.73,204.62,0,,0
O004977-4,O004977,P033,1,75.25,44.42,0.05,,0
O004978-1,O004978,P034,1,25.32,14.75,0,,0
O004979-1,O004979,P033,1,75.25,44.42,0,,0
O004980-1,O004980,P043,3,205.47,129.67,0,,0
O004981-1,O004981,P014,1,100.54,57.99,0.05,,0
O004982-1,O004982,P037,5,81.55,51.15,0.05,,0
O004983-1,O004983,P018,2,294.41,187.22,0.05,,0
O004983-2,O004983,P048,1,87.18,54.6,0.05,,0
O004984-1,O004984,P020,2,151.49,90.09,0,,0
O004985-1,O004985,P025,1,71.76,42.18,0,Arrived late,0
O004986-1,O004986,P022,2,568.95,369.55,0.05,Arrived late,0
O004987-1,O004987,P027,1,42.25,24.81,0,,0
O004987-2,O004987,P031,1,8.72,4.67,0,,0
O004987-3,O004987,P017,1,198.78,124.13,0.05,,0
O004988-1,O004988,P047,2,142.37,88.8,0.05,,0
O004988-2,O004988,P006,1,244.45,154.75,0,,0
O004989-1,O004989,P001,2,214.49,142.19,0.2,Arrived late,0
O004989-2,O004989,P015,1,168.09,101.78,0,Damaged,0
O004989-3,O004989,P032,1,45.76,24.77,0.15,Damaged,0
O004990-1,O004990,P010,2,60.45,40.54,0.2,,0
O004991-1,O004991,P036,1,35.45,21.49,0.1,,0
O004991-2,O004991,P035,2,41.88,25.54,0,,0
O004992-1,O004992,P026,1,26.84,15.28,0.05,,0
O004992-2,O004992,P001,1,214.49,142.19,0.05,,0
O004993-1,O004993,P029,1,62.03,33.59,0.15000000000000002,,0
O004993-2,O004993,P013,2,418.01,238.98,0.1,,0
O004993-3,O004993,P046,2,180.61,102.64,0.15000000000000002,,0
O004994-1,O004994,P033,4,75.25,44.42,0,,0
O004995-1,O004995,P030,1,46.94,28.34,0.15000000000000002,,0
O004995-2,O004995,P009,1,296.73,204.62,0.15000000000000002,,0
O004995-3,O004995,P005,2,183.5,123.78,0.1,,0
O004996-1,O004996,P031,4,8.72,4.67,0.1,,0
O004996-2,O004996,P014,1,100.54,57.99,0.1,,0
O004996-3,O004996,P023,1,195.53,117.52,0,,0
O004996-4,O004996,P005,2,183.5,123.78,0.05,,0
O004997-1,O004997,P005,1,183.5,123.78,0,,0
O004997-2,O004997,P014,1,100.54,57.99,0.1,,0
O004997-3,O004997,P031,1,8.72,4.67,0.05,,0
O004998-1,O004998,P037,2,81.55,51.15,0,,0
O004999-1,O004999,P043,3,205.47,129.67,0.2,,0
O005000-1,O005000,P025,3,71.76,42.18,0,,0
O005001-1,O005001,P026,5,26.84,15.28,0.1,,0
O005002-1,O005002,P013,1,418.01,238.98,0.05,,0
O005002-2,O005002,P042,1,180.79,114.47,0.05,,0
O005002-3,O005002,P019,1,539.67,317.29,0.15000000000000002,,0
O005002-4,O005002,P043,2,205.47,129.67,0.1,,0
O005003-1,O005003,P010,4,60.45,40.54,0.2,,0
O005004-1,O005004,P002,2,120.53,78.28,0.05,,0
O005004-2,O005004,P023,2,195.53,117.52,0.05,,0
O005005-1,O005005,P034,1,25.32,14.75,0,Changed mind,0
O005006-1,O005006,P048,2,87.18,54.6,0.05,,0
O005006-2,O005006,P012,2,414.28,288.7,0.1,,0
O005007-1,O005007,P030,2,46.94,28.34,0.1,,0
O005007-2,O005007,P048,1,87.18,54.6,0.05,,0
O005007-3,O005007,P038,1,152.06,96.3,0.05,,0
O005007-4,O005007,P017,1,198.78,124.13,0,,0
O005008-1,O005008,P008,1,253.51,162.28,0.2,,0
O005009-1,O005009,P047,1,142.37,88.8,0.05,,0
O005010-1,O005010,P035,3,41.88,25.54,0.1,,0
O005011-1,O005011,P027,2,42.25,24.81,0,,0
O005011-2,O005011,P009,2,296.73,204.62,0.1,,0
O005012-1,O005012,P013,2,418.01,238.98,0.1,,0
O005013-1,O005013,P010,3,60.45,40.54,0.05,,0
O005014-1,O005014,P003,1,139.72,94.93,0.2,,0
O005015-1,O005015,P005,5,183.5,123.78,0,,0
O005015-2,O005015,P031,1,8.72,4.67,0.05,,0
O005015-3,O005015,P035,1,41.88,25.54,0,,0
O005016-1,O005016,P028,1,54.22,32.4,0.15,,0
O005016-2,O005016,P032,2,45.76,24.77,0,,0
O005017-1,O005017,P023,3,195.53,117.52,0.05,,0
O005017-2,O005017,P037,5,81.55,51.15,0.05,,0
O005017-3,O005017,P032,1,45.76,24.77,0.05,,0
O005018-1,O005018,P023,2,195.53,117.52,0,,0
O005018-2,O005018,P034,1,25.32,14.75,0,,0
O005019-1,O005019,P020,1,151.49,90.09,0.05,,0
O005019-2,O005019,P039,3,49.57,31.45,0.15000000000000002,,0
O005020-1,O005020,P012,2,414.28,288.7,0.15000000000000002,,0
O005020-2,O005020,P009,4,296.73,204.62,0.05,,0
O005021-1,O005021,P026,1,26.84,15.28,0.05,,1
O005021-2,O005021,P035,1,41.88,25.54,0.05,,0
O005022-1,O005022,P029,1,62.03,33.59,0.05,,0
O005022-2,O005022,P031,1,8.72,4.67,0.2,,0
O005023-1,O005023,P041,3,78.7,44.75,0.1,,0
O005024-1,O005024,P024,1,104.96,63.45,0,,0
O005024-2,O005024,P034,1,25.32,14.75,0.05,,0
O005024-3,O005024,P026,1,26.84,15.28,0.1,,0
O005025-1,O005025,P020,1,151.49,90.09,0.15,,0
O005025-2,O005025,P040,1,195.87,114.95,0,,0
O005025-3,O005025,P033,2,75.25,44.42,0,,0
O005026-1,O005026,P011,1,416.54,268.27,0,,0
O005026-2,O005026,P006,2,244.45,154.75,0.15,,0
O005027-1,O005027,P048,4,87.18,54.6,0,,0
O005027-2,O005027,P008,1,253.51,162.28,0,,0
O005028-1,O005028,P021,1,221.99,142.61,0,,0
O005029-1,O005029,P030,1,46.94,28.34,0.2,,0
O005029-2,O005029,P003,4,139.72,94.93,0.05,,0
O005029-3,O005029,P025,3,71.76,42.18,0.05,,0
O005029-4,O005029,P048,1,87.18,54.6,0.1,,0
O005030-1,O005030,P010,2,60.45,40.54,0.2,,0
O005031-1,O005031,P029,3,62.03,33.59,0.05,,0
O005031-2,O005031,P043,1,205.47,129.67,0.05,,0
O005032-1,O005032,P043,3,205.47,129.67,0.15000000000000002,,0
O005032-2,O005032,P033,1,75.25,44.42,0.05,,0
O005033-1,O005033,P005,1,183.5,123.78,0.1,,1
O005034-1,O005034,P021,3,221.99,142.61,0.05,,0
O005035-1,O005035,P033,1,75.25,44.42,0.15,,0
O005035-2,O005035,P013,1,418.01,238.98,0,,0
O005036-1,O005036,P002,2,120.53,78.28,0,,0
O005036-2,O005036,P015,1,168.09,101.78,0,,0
O005037-1,O005037,P020,1,151.49,90.09,0.1,,0
O005038-1,O005038,P025,1,71.76,42.18,0.2,,0
O005038-2,O005038,P020,2,151.49,90.09,0.15000000000000002,,0
O005038-3,O005038,P036,1,35.45,21.49,0.15000000000000002,,0
O005038-4,O005038,P039,3,49.57,31.45,0.05,,0
O005039-1,O005039,P030,1,46.94,28.34,0,,0
O005040-1,O005040,P042,2,180.79,114.47,0.15,Changed mind,0
O005040-2,O005040,P019,1,539.67,317.29,0.1,Changed mind,0
O005041-1,O005041,P032,1,45.76,24.77,0,,0
O005041-2,O005041,P012,1,414.28,288.7,0,,0
O005041-3,O005041,P033,1,75.25,44.42,0.1,,0
O005042-1,O005042,P024,1,104.96,63.45,0,,0
O005042-2,O005042,P042,1,180.79,114.47,0.15,,0
O005043-1,O005043,P001,2,214.49,142.19,0.1,,0
O005043-2,O005043,P010,1,60.45,40.54,0.05,,0
O005044-1,O005044,P027,2,42.25,24.81,0.05,,0
O005045-1,O005045,P045,2,147.73,93.9,0.05,Wrong item,0
O005046-1,O005046,P045,1,147.73,93.9,0.05,,0
O005046-2,O005046,P030,3,46.94,28.34,0,,0
O005047-1,O005047,P036,2,35.45,21.49,0.05,,0
O005048-1,O005048,P038,2,152.06,96.3,0,,0
O005049-1,O005049,P034,5,25.32,14.75,0,Arrived late,0
O005049-2,O005049,P026,1,26.84,15.28,0.05,Wrong item,0
O005050-1,O005050,P029,1,62.03,33.59,0.2,,0
O005050-2,O005050,P044,1,134.21,77.33,0.05,,0
O005051-1,O005051,P003,5,139.72,94.93,0,,0
O005052-1,O005052,P009,4,296.73,204.62,0,,0
O005053-1,O005053,P017,1,198.78,124.13,0,,0
O005053-2,O005053,P015,3,168.09,101.78,0.05,,0
O005054-1,O005054,P048,1,87.18,54.6,0.05,,0
O005055-1,O005055,P035,1,41.88,25.54,0,,0
O005055-2,O005055,P034,1,25.32,14.75,0.1,,0
O005056-1,O005056,P041,2,78.7,44.75,0,,0
O005056-2,O005056,P006,1,244.45,154.75,0.1,,0
O005057-1,O005057,P047,1,142.37,88.8,0.05,,0
O005058-1,O005058,P003,1,139.72,94.93,0,,0
O005059-1,O005059,P010,3,60.45,40.54,0.05,,0
O005059-2,O005059,P013,1,418.01,238.98,0,,0
O005060-1,O005060,P048,1,87.18,54.6,0.1,,0
O005061-1,O005061,P011,1,416.54,268.27,0.2,,0
O005061-2,O005061,P041,2,78.7,44.75,0.05,,0
O005061-3,O005061,P040,1,195.87,114.95,0.15000000000000002,,0
O005061-4,O005061,P027,2,42.25,24.81,0.15000000000000002,,0
O005062-1,O005062,P038,2,152.06,96.3,0.2,,0
O005063-1,O005063,P014,2,100.54,57.99,0,,0
O005064-1,O005064,P033,1,75.25,44.42,0,,0
O005064-2,O005064,P005,3,183.5,123.78,0.15,,0
O005064-3,O005064,P026,3,26.84,15.28,0,,0
O005064-4,O005064,P042,1,180.79,114.47,0.1,,0
O005065-1,O005065,P004,1,400.96,266.15,0,,0
O005065-2,O005065,P042,2,180.79,114.47,0,,0
O005066-1,O005066,P002,2,120.53,78.28,0.15000000000000002,,0
O005066-2,O005066,P020,1,151.49,90.09,0.1,,0
O005067-1,O005067,P041,1,78.7,44.75,0,,0
O005068-1,O005068,P046,2,180.61,102.64,0.15,,0
O005069-1,O005069,P048,1,87.18,54.6,0,,0
O005070-1,O005070,P034,1,25.32,14.75,0.05,,0
O005070-2,O005070,P012,2,414.28,288.7,0.15000000000000002,,0
O005070-3,O005070,P009,1,296.73,204.62,0.1,,0
O005071-1,O005071,P003,2,139.72,94.93,0,,0
O005072-1,O005072,P011,2,416.54,268.27,0,,1
O005072-2,O005072,P006,1,244.45,154.75,0,,1
O005072-3,O005072,P002,1,120.53,78.28,0.2,,1
O005072-4,O005072,P031,3,8.72,4.67,0,,1
O005073-1,O005073,P007,1,85.33,56.95,0,,0
O005074-1,O005074,P041,1,78.7,44.75,0.05,,0
O005074-2,O005074,P047,1,142.37,88.8,0.05,,0
O005074-3,O005074,P043,2,205.47,129.67,0.1,,0
O005075-1,O005075,P025,1,71.76,42.18,0.05,,1
O005076-1,O005076,P029,2,62.03,33.59,0.1,,0
O005076-2,O005076,P038,1,152.06,96.3,0.1,,0
O005077-1,O005077,P026,2,26.84,15.28,0,,0
O005078-1,O005078,P017,2,198.78,124.13,0.2,,0
O005079-1,O005079,P033,1,75.25,44.42,0,,0
O005079-2,O005079,P023,1,195.53,117.52,0.1,,0
O005079-3,O005079,P046,1,180.61,102.64,0,,0
O005080-1,O005080,P025,4,71.76,42.18,0.1,,0
O005081-1,O005081,P030,1,46.94,28.34,0.2,,0
O005082-1,O005082,P041,2,78.7,44.75,0.05,,0
O005082-2,O005082,P001,1,214.49,142.19,0.15,,0
O005083-1,O005083,P022,2,568.95,369.55,0,,0
O005083-2,O005083,P035,1,41.88,25.54,0.1,,0
O005084-1,O005084,P039,1,49.57,31.45,0.05,,0
O005085-1,O005085,P046,2,180.61,102.64,0.05,,1
O005086-1,O005086,P006,1,244.45,154.75,0,,0
O005086-2,O005086,P038,1,152.06,96.3,0.15,,0
O005087-1,O005087,P024,2,104.96,63.45,0.15,,0
O005087-2,O005087,P001,1,214.49,142.19,0,,0
O005088-1,O005088,P001,2,214.49,142.19,0,,0
O005088-2,O005088,P035,1,41.88,25.54,0.1,,0
O005089-1,O005089,P048,1,87.18,54.6,0,,0
O005090-1,O005090,P025,1,71.76,42.18,0.05,,0
O005091-1,O005091,P005,1,183.5,123.78,0.1,Not as described,0
O005092-1,O005092,P029,1,62.03,33.59,0,,0
O005092-2,O005092,P025,1,71.76,42.18,0,,0
O005092-3,O005092,P034,2,25.32,14.75,0.1,,0
O005093-1,O005093,P001,1,214.49,142.19,0.05,,0
O005093-2,O005093,P020,1,151.49,90.09,0.1,,0
O005094-1,O005094,P012,1,414.28,288.7,0.15000000000000002,,0
O005095-1,O005095,P028,1,54.22,32.4,0.2,,0
O005096-1,O005096,P024,2,104.96,63.45,0.1,,0
O005096-2,O005096,P032,1,45.76,24.77,0.05,,0
O005096-3,O005096,P022,1,568.95,369.55,0.05,,0
O005096-4,O005096,P030,1,46.94,28.34,0.05,,0
O005097-1,O005097,P037,2,81.55,51.15,0.05,,0
O005097-2,O005097,P001,1,214.49,142.19,0.05,,0
O005098-1,O005098,P040,1,195.87,114.95,0.2,Damaged,0
O005098-2,O005098,P042,2,180.79,114.47,0.05,Not as described,0
O005099-1,O005099,P036,1,35.45,21.49,0,Not as described,0
O005100-1,O005100,P032,1,45.76,24.77,0,,0
O005101-1,O005101,P003,1,139.72,94.93,0.1,,0
O005102-1,O005102,P024,1,104.96,63.45,0.1,,0
O005102-2,O005102,P046,5,180.61,102.64,0.05,,0
O005103-1,O005103,P027,3,42.25,24.81,0,,0
O005103-2,O005103,P022,1,568.95,369.55,0.1,,0
O005104-1,O005104,P023,1,195.53,117.52,0,Damaged,0
O005105-1,O005105,P045,3,147.73,93.9,0,,0
O005106-1,O005106,P032,1,45.76,24.77,0.15000000000000002,,0
O005107-1,O005107,P021,2,221.99,142.61,0.1,,0
O005107-2,O005107,P012,1,414.28,288.7,0,,0
O005107-3,O005107,P008,1,253.51,162.28,0,,0
O005108-1,O005108,P047,1,142.37,88.8,0.1,,0
O005109-1,O005109,P024,1,104.96,63.45,0,,0
O005110-1,O005110,P045,1,147.73,93.9,0.15000000000000002,,0
O005110-2,O005110,P025,1,71.76,42.18,0.1,,0
O005110-3,O005110,P046,1,180.61,102.64,0.15000000000000002,,0
O005111-1,O005111,P010,2,60.45,40.54,0,,0
O005112-1,O005112,P036,3,35.45,21.49,0.05,,0
O005112-2,O005112,P004,5,400.96,266.15,0,,0
O005113-1,O005113,P025,1,71.76,42.18,0,,0
O005114-1,O005114,P027,1,42.25,24.81,0.05,,0
O005115-1,O005115,P027,1,42.25,24.81,0.05,,0
O005116-1,O005116,P034,2,25.32,14.75,0,,0
O005116-2,O005116,P025,1,71.76,42.18,0,,0
O005116-3,O005116,P037,1,81.55,51.15,0.1,,0
O005117-1,O005117,P027,2,42.25,24.81,0.1,,0
O005117-2,O005117,P002,2,120.53,78.28,0.05,,0
O005118-1,O005118,P041,2,78.7,44.75,0.05,,0
O005118-2,O005118,P020,1,151.49,90.09,0,,0
O005119-1,O005119,P033,1,75.25,44.42,0.05,,0
O005120-1,O005120,P023,1,195.53,117.52,0,Damaged,0
O005120-2,O005120,P026,4,26.84,15.28,0.2,Not as described,0
O005121-1,O005121,P036,1,35.45,21.49,0.1,,0
O005122-1,O005122,P011,5,416.54,268.27,0.1,,0
O005122-2,O005122,P046,1,180.61,102.64,0.1,,0
O005123-1,O005123,P034,1,25.32,14.75,0.05,,0
O005124-1,O005124,P029,2,62.03,33.59,0.1,,0
O005124-2,O005124,P019,3,539.67,317.29,0.05,,0
O005124-3,O005124,P023,1,195.53,117.52,0,,0
O005124-4,O005124,P001,3,214.49,142.19,0.05,,0
O005125-1,O005125,P024,1,104.96,63.45,0,,0
O005126-1,O005126,P028,1,54.22,32.4,0,,0
O005126-2,O005126,P019,2,539.67,317.29,0.05,,0
O005126-3,O005126,P034,3,25.32,14.75,0.15,,0
O005127-1,O005127,P017,1,198.78,124.13,0.1,,0
O005127-2,O005127,P028,2,54.22,32.4,0,,0
O005128-1,O005128,P040,1,195.87,114.95,0.1,Damaged,0
O005129-1,O005129,P027,2,42.25,24.81,0.2,,0
O005129-2,O005129,P003,2,139.72,94.93,0.05,,0
O005130-1,O005130,P013,1,418.01,238.98,0.15,,0
O005131-1,O005131,P040,1,195.87,114.95,0.2,,0
O005132-1,O005132,P026,4,26.84,15.28,0.05,,1
O005132-2,O005132,P044,5,134.21,77.33,0.2,,0
O005133-1,O005133,P042,2,180.79,114.47,0.05,,0
O005133-2,O005133,P025,1,71.76,42.18,0,,0
O005134-1,O005134,P028,1,54.22,32.4,0.1,,0
O005135-1,O005135,P025,1,71.76,42.18,0,,0
O005135-2,O005135,P037,4,81.55,51.15,0,,0
O005136-1,O005136,P028,1,54.22,32.4,0.2,,0
O005136-2,O005136,P026,1,26.84,15.28,0,,0
O005136-3,O005136,P013,2,418.01,238.98,0.05,,0
O005137-1,O005137,P007,1,85.33,56.95,0,,0
O005137-2,O005137,P022,1,568.95,369.55,0.1,,1
O005138-1,O005138,P045,2,147.73,93.9,0,,0
O005139-1,O005139,P023,2,195.53,117.52,0,,0
O005139-2,O005139,P036,1,35.45,21.49,0.15,,0
O005139-3,O005139,P002,1,120.53,78.28,0,,0
O005139-4,O005139,P015,1,168.09,101.78,0.15,,0
O005140-1,O005140,P028,2,54.22,32.4,0.15000000000000002,,0
O005141-1,O005141,P046,2,180.61,102.64,0.15,,0
O005142-1,O005142,P035,1,41.88,25.54,0.05,,1
O005143-1,O005143,P010,1,60.45,40.54,0.05,,0
O005144-1,O005144,P036,2,35.45,21.49,0.2,,0
O005145-1,O005145,P013,2,418.01,238.98,0.05,,0
O005145-2,O005145,P028,1,54.22,32.4,0.1,,0
O005145-3,O005145,P023,1,195.53,117.52,0.2,,0
O005146-1,O005146,P034,1,25.32,14.75,0.05,,0
O005147-1,O005147,P047,2,142.37,88.8,0,,1
O005147-2,O005147,P004,1,400.96,266.15,0,,0
O005147-3,O005147,P048,1,87.18,54.6,0.1,,0
O005148-1,O005148,P010,1,60.45,40.54,0.15,,0
O005149-1,O005149,P048,3,87.18,54.6,0.15,,0
O005150-1,O005150,P011,2,416.54,268.27,0,,0
O005151-1,O005151,P004,3,400.96,266.15,0,,0
O005152-1,O005152,P018,1,294.41,187.22,0.1,,0
O005153-1,O005153,P038,3,152.06,96.3,0,,0
O005153-2,O005153,P035,1,41.88,25.54,0.15,,0
O005153-3,O005153,P031,3,8.72,4.67,0.1,,0
O005154-1,O005154,P002,4,120.53,78.28,0.15,,0
O005154-2,O005154,P034,3,25.32,14.75,0,,0
O005155-1,O005155,P039,5,49.57,31.45,0.05,,0
O005155-2,O005155,P002,1,120.53,78.28,0.1,,0
O005155-3,O005155,P028,1,54.22,32.4,0.1,,0
O005156-1,O005156,P033,1,75.25,44.42,0.1,,0
O005156-2,O005156,P041,2,78.7,44.75,0.05,,0
O005157-1,O005157,P014,1,100.54,57.99,0.05,,0
O005158-1,O005158,P019,1,539.67,317.29,0,,0
O005158-2,O005158,P042,1,180.79,114.47,0.05,,0
O005158-3,O005158,P027,2,42.25,24.81,0.1,,0
O005159-1,O005159,P001,1,214.49,142.19,0.15,,0
O005159-2,O005159,P017,1,198.78,124.13,0,,0
O005160-1,O005160,P030,2,46.94,28.34,0.05,,0
O005160-2,O005160,P023,2,195.53,117.52,0.05,,0
O005160-3,O005160,P002,4,120.53,78.28,0.05,,0
O005161-1,O005161,P003,3,139.72,94.93,0.05,,0
O005161-2,O005161,P016,1,630.9,390.58,0.15000000000000002,,0
O005162-1,O005162,P025,1,71.76,42.18,0,,0
O005162-2,O005162,P016,2,630.9,390.58,0.2,,0
O005163-1,O005163,P048,1,87.18,54.6,0.15,,0
O005164-1,O005164,P028,4,54.22,32.4,0,,0
O005164-2,O005164,P036,1,35.45,21.49,0.05,,0
O005165-1,O005165,P036,1,35.45,21.49,0.15,,0
O005165-2,O005165,P022,4,568.95,369.55,0,,0
O005165-3,O005165,P033,2,75.25,44.42,0.1,,0
O005166-1,O005166,P014,1,100.54,57.99,0.15000000000000002,,0
O005166-2,O005166,P010,1,60.45,40.54,0.15000000000000002,,0
O005167-1,O005167,P012,1,414.28,288.7,0.15,Not as described,0
O005167-2,O005167,P014,3,100.54,57.99,0.1,Arrived late,0
O005168-1,O005168,P029,1,62.03,33.59,0,,0
O005169-1,O005169,P015,1,168.09,101.78,0,,0
O005170-1,O005170,P009,1,296.73,204.62,0.2,,0
O005170-2,O005170,P032,1,45.76,24.77,0.05,,0
O005171-1,O005171,P042,2,180.79,114.47,0.05,,0
O005172-1,O005172,P033,1,75.25,44.42,0,,0
O005172-2,O005172,P039,2,49.57,31.45,0,,0
O005173-1,O005173,P011,1,416.54,268.27,0,Not as described,0
O005174-1,O005174,P005,3,183.5,123.78,0,,0
O005175-1,O005175,P042,1,180.79,114.47,0.05,,0
O005175-2,O005175,P045,1,147.73,93.9,0.2,,0
O005176-1,O005176,P033,1,75.25,44.42,0.1,,0
O005177-1,O005177,P008,1,253.51,162.28,0,Wrong item,0
O005177-2,O005177,P011,2,416.54,268.27,0.05,Wrong item,0
O005178-1,O005178,P024,1,104.96,63.45,0.1,,0
O005179-1,O005179,P046,1,180.61,102.64,0,,0
O005179-2,O005179,P012,1,414.28,288.7,0.05,,0
O005180-1,O005180,P043,1,205.47,129.67,0.1,,0
O005180-2,O005180,P042,1,180.79,114.47,0,,0
O005181-1,O005181,P007,1,85.33,56.95,0.05,,0
O005181-2,O005181,P004,2,400.96,266.15,0.15000000000000002,,0
O005181-3,O005181,P013,3,418.01,238.98,0.05,,0
O005182-1,O005182,P006,1,244.45,154.75,0.1,,0
O005182-2,O005182,P031,1,8.72,4.67,0.1,,0
O005183-1,O005183,P026,1,26.84,15.28,0.15000000000000002,,0
O005184-1,O005184,P034,1,25.32,14.75,0.05,,0
O005185-1,O005185,P024,2,104.96,63.45,0,,0
O005185-2,O005185,P026,1,26.84,15.28,0,,0
O005186-1,O005186,P013,1,418.01,238.98,0.15,,0
O005186-2,O005186,P023,2,195.53,117.52,0,,0
O005187-1,O005187,P003,1,139.72,94.93,0,,0
O005187-2,O005187,P010,1,60.45,40.54,0.05,,0
O005187-3,O005187,P030,1,46.94,28.34,0.15,,0
O005188-1,O005188,P021,1,221.99,142.61,0,,0
O005189-1,O005189,P046,3,180.61,102.64,0,,1
O005190-1,O005190,P031,1,8.72,4.67,0.1,,0
O005190-2,O005190,P025,3,71.76,42.18,0.05,,0
O005191-1,O005191,P030,2,46.94,28.34,0.2,,0
O005192-1,O005192,P025,3,71.76,42.18,0.15,,0
O005192-2,O005192,P033,3,75.25,44.42,0,,0
O005193-1,O005193,P005,1,183.5,123.78,0,,0
O005194-1,O005194,P029,1,62.03,33.59,0.05,,0
O005194-2,O005194,P013,5,418.01,238.98,0.1,,0
O005195-1,O005195,P006,4,244.45,154.75,0.15,,0
O005195-2,O005195,P003,2,139.72,94.93,0.2,,0
O005195-3,O005195,P015,4,168.09,101.78,0,,0
O005196-1,O005196,P022,1,568.95,369.55,0.1,,0
O005196-2,O005196,P035,2,41.88,25.54,0.1,,0
O005196-3,O005196,P005,2,183.5,123.78,0.15,,0
O005197-1,O005197,P004,1,400.96,266.15,0.1,,0
O005197-2,O005197,P021,3,221.99,142.61,0,,0
O005198-1,O005198,P008,2,253.51,162.28,0.1,,0
O005198-2,O005198,P028,1,54.22,32.4,0,,0
O005198-3,O005198,P026,3,26.84,15.28,0.15,,0
O005199-1,O005199,P018,1,294.41,187.22,0.1,,0
O005200-1,O005200,P009,1,296.73,204.62,0,,0
