order_id,order_date,ship_date,customer_id,region_id,order_status,payment_method,shipping_mode,promised_delivery_date,actual_delivery_date,shipping_cost,campaign_id,cancellation_reason
O000001,2025-10-03,2025-10-08,C0220,R06,Completed,Card,Standard,2025-10-09,2025-10-08,8.5,NONE,
O000002,2025-06-07,2025-06-12,C0004,R03,Completed,Bank Transfer,Standard,2025-06-13,2025-06-12,12,NONE,
O000003,2025-12-18,2025-12-23,C0462,R04,Returned,Buy Now Pay Later,Standard,2025-12-24,2025-12-23,12,HOLIDAY,
O000004,2024-09-17,2024-09-22,C0278,R02,Completed,Card,Standard,2024-09-23,2024-09-22,8.5,SUMMER,
O000005,2025-05-22,2025-05-25,C0327,R04,Completed,Card,Express,2025-05-25,2025-05-25,15.5,NONE,
O000006,2025-10-02,2025-10-07,C0348,R05,Completed,Digital Wallet,Standard,2025-10-08,2025-10-07,8.5,NONE,
O000007,2025-09-11,2025-09-16,C0610,R02,Completed,Card,Standard,2025-09-17,2025-09-16,8.5,NONE,
O000008,2025-08-19,,C0539,R01,Cancelled,Bank Transfer,Standard,,,10,NONE,Inventory unavailable
O000009,2024-07-01,2024-07-08,C0174,R08,Completed,Card,Express,2024-07-04,2024-07-08,17,NONE,
O000010,2025-11-24,2025-11-29,C0621,R08,Completed,Card,Standard,2025-11-30,2025-11-29,10,HOLIDAY,
O000011,2024-07-23,2024-08-02,C0591,R02,Completed,Bank Transfer,Standard,2024-07-29,2024-08-02,12,NONE,
O000012,2024-03-14,2024-03-20,C0270,R03,Completed,Card,Standard,2024-03-20,2024-03-20,13.5,NONE,
O000013,2025-06-24,2025-06-29,C0566,R04,Completed,Card,Standard,2025-06-30,2025-06-29,11.5,NONE,
O000014,2025-12-25,2025-12-30,C0174,R08,Completed,Card,Standard,2025-12-31,2025-12-30,10,HOLIDAY,
O000015,2025-05-03,2025-05-09,C0428,R05,Completed,Card,Standard,2025-05-09,2025-05-09,8.5,NONE,
O000016,2024-07-31,2024-08-05,C0320,R03,Completed,Bank Transfer,Standard,2024-08-06,2024-08-05,10,NONE,
O000017,2024-11-04,2024-11-09,C0155,R06,Completed,Card,Standard,2024-11-10,2024-11-09,8.5,HOLIDAY,
O000018,2025-10-20,2025-10-25,C0638,R03,Completed,Buy Now Pay Later,Standard,2025-10-26,2025-10-25,12,NONE,
O000019,2025-09-12,2025-09-17,C0161,R08,Completed,Card,Standard,2025-09-18,2025-09-17,16.5,NONE,
O000020,2024-07-28,2024-08-03,C0067,R04,Completed,Card,Standard,2024-08-03,2024-08-03,20,NONE,
O000021,2024-10-17,2024-10-22,C0342,R02,Completed,Bank Transfer,Standard,2024-10-23,2024-10-22,10,NONE,
O000022,2025-06-27,2025-07-03,C0519,R03,Completed,Card,Standard,2025-07-03,2025-07-03,11.5,NONE,
O000023,2025-10-12,2025-10-21,C0390,R04,Completed,Buy Now Pay Later,Standard,2025-10-18,2025-10-21,15,NONE,
O000024,2024-05-30,2024-06-04,C0181,R01,Completed,Card,Standard,2024-06-05,2024-06-04,10,NONE,
O000025,2024-01-07,2024-01-13,C0001,R05,Completed,Bank Transfer,Standard,2024-01-13,2024-01-13,8.5,NONE,
O000026,2025-08-03,2025-08-08,C0483,R06,Completed,Bank Transfer,Standard,2025-08-09,2025-08-08,8.5,NONE,
O000027,2025-05-07,2025-05-12,C0323,R08,Returned,Card,Standard,2025-05-13,2025-05-12,13.5,NONE,
O000028,2025-08-25,2025-08-30,C0483,R06,Completed,Bank Transfer,Standard,2025-08-31,2025-08-30,10,SPRING,
O000029,2025-01-03,2025-01-09,C0625,R02,Completed,Card,Standard,2025-01-09,2025-01-09,18.5,NONE,
O000030,2024-11-09,2024-11-18,C0104,R03,Completed,Digital Wallet,Standard,2024-11-15,2024-11-18,8.5,HOLIDAY,
O000031,2024-12-10,2024-12-15,C0353,R05,Returned,Bank Transfer,Standard,2024-12-16,2024-12-15,12,HOLIDAY,
O000032,2025-05-05,,C0318,R02,Cancelled,Buy Now Pay Later,Standard,,,13.5,NONE,Inventory unavailable
O000033,2025-01-29,2025-02-04,C0091,R04,Completed,Digital Wallet,Standard,2025-02-04,2025-02-04,8.5,NONE,
O000034,2025-10-09,2025-10-11,C0570,R02,Completed,Card,Express,2025-10-12,2025-10-11,15.5,SUMMER,
O000035,2024-10-07,2024-10-17,C0470,R07,Completed,Card,Standard,2024-10-13,2024-10-17,13.5,NONE,
O000036,2025-07-02,2025-07-08,C0642,R05,Returned,Card,Standard,2025-07-08,2025-07-08,12,NONE,
O000037,2024-10-06,2024-10-11,C0664,R03,Returned,Card,Standard,2024-10-12,2024-10-11,8.5,NONE,
O000038,2025-03-08,2025-03-14,C0226,R02,Completed,Card,Standard,2025-03-14,2025-03-14,8.5,NONE,
O000039,2025-10-25,2025-10-27,C0330,R03,Completed,Bank Transfer,Express,2025-10-28,2025-10-27,17,NONE,
O000040,2024-05-30,2024-06-05,C0338,R04,Completed,Card,Standard,2024-06-05,2024-06-05,10,NONE,
O000041,2025-02-02,2025-02-08,C0391,R01,Completed,Card,Standard,2025-02-08,2025-02-08,18.5,NONE,
O000042,2024-03-12,2024-03-18,C0526,R02,Completed,Buy Now Pay Later,Standard,2024-03-18,2024-03-18,8.5,NONE,
O000043,2025-04-03,2025-04-06,C0383,R03,Completed,Digital Wallet,Express,2025-04-06,2025-04-06,17,NONE,
O000044,2025-09-15,2025-09-20,C0524,R08,Returned,Bank Transfer,Standard,2025-09-21,2025-09-20,12,NONE,
O000045,2024-08-02,2024-08-05,C0464,R06,Completed,Digital Wallet,Express,2024-08-05,2024-08-05,17,NONE,
O000046,2025-12-01,2025-12-07,C0381,R02,Completed,Bank Transfer,Standard,2025-12-07,2025-12-07,8.5,HOLIDAY,
O000047,2024-03-17,2024-03-22,C0226,R02,Completed,Digital Wallet,Standard,2024-03-23,2024-03-22,8.5,NONE,
O000048,2024-12-30,2025-01-08,C0332,R06,Completed,Card,Standard,2025-01-05,2025-01-08,13.5,HOLIDAY,
O000049,2025-03-03,2025-03-08,C0278,R02,Completed,Bank Transfer,Standard,2025-03-09,2025-03-08,8.5,NONE,
O000050,2024-09-19,2024-09-24,C0691,R03,Completed,Card,Standard,2024-09-25,2024-09-24,15,NONE,
O000051,2025-08-29,2025-09-03,C0235,R06,Completed,Digital Wallet,Standard,2025-09-04,2025-09-03,8.5,NONE,
O000052,2025-01-19,,C0682,R05,Cancelled,Card,Standard,,,8.5,NONE,Payment failure
O000053,2025-07-26,2025-07-31,C0581,R06,Completed,Card,Standard,2025-08-01,2025-07-31,8.5,SUMMER,
O000054,2024-03-28,2024-04-02,C0015,R08,Completed,Card,Standard,2024-04-03,2024-04-02,8.5,NONE,
O000055,2025-01-25,2025-01-29,C0563,R02,Completed,Card,Express,2025-01-28,2025-01-29,15.5,NONE,
O000056,2025-07-22,2025-07-28,C0161,R08,Completed,Card,Standard,2025-07-28,2025-07-28,10,NONE,
O000057,2024-04-08,2024-04-13,C0087,R02,Completed,Card,Standard,2024-04-14,2024-04-13,11.5,NONE,
O000058,2024-03-25,2024-03-31,C0651,R01,Completed,Digital Wallet,Express,2024-03-28,2024-03-31,20.5,NONE,
O000059,2025-05-17,2025-05-22,C0289,R03,Completed,Card,Standard,2025-05-23,2025-05-22,10,NONE,
O000060,2025-06-12,2025-06-18,C0044,R06,Completed,Card,Standard,2025-06-18,2025-06-18,12,NONE,
O000061,2025-08-20,2025-08-26,C0351,R01,Returned,Bank Transfer,Standard,2025-08-26,2025-08-26,13.5,SUMMER,
O000062,2024-02-09,2024-02-15,C0116,R08,Completed,Card,Standard,2024-02-15,2024-02-15,11.5,NONE,
O000063,2024-12-08,2024-12-13,C0428,R05,Returned,Bank Transfer,Standard,2024-12-14,2024-12-13,10,HOLIDAY,
O000064,2024-09-14,2024-09-20,C0466,R03,Completed,Card,Standard,2024-09-20,2024-09-20,8.5,NONE,
O000065,2025-05-04,2025-05-07,C0033,R02,Completed,Bank Transfer,Express,2025-05-07,2025-05-07,20.5,NONE,
O000066,2024-10-15,2024-10-21,C0595,R04,Completed,Card,Standard,2024-10-21,2024-10-21,8.5,NONE,
O000067,2024-12-14,2024-12-21,C0517,R06,Completed,Digital Wallet,Standard,2024-12-20,2024-12-21,12,HOLIDAY,
O000068,2024-02-07,2024-02-17,C0031,R07,Completed,Digital Wallet,Standard,2024-02-13,2024-02-17,8.5,NONE,
O000069,2024-01-30,2024-02-04,C0715,R01,Returned,Card,Standard,2024-02-05,2024-02-04,17,NONE,
O000070,2024-01-16,2024-01-20,C0030,R01,Completed,Card,Express,2024-01-19,2024-01-20,15.5,BACK2WORK,
O000071,2025-09-12,2025-09-17,C0503,R01,Completed,Card,Standard,2025-09-18,2025-09-17,12,NONE,
O000072,2024-05-03,2024-05-08,C0024,R07,Completed,Buy Now Pay Later,Standard,2024-05-09,2024-05-08,10,SPRING,
O000073,2024-01-30,2024-02-04,C0021,R05,Completed,Digital Wallet,Standard,2024-02-05,2024-02-04,13.5,NONE,
O000074,2025-08-06,2025-08-11,C0159,R04,Completed,Digital Wallet,Standard,2025-08-12,2025-08-11,12,NONE,
O000075,2025-07-10,2025-07-17,C0207,R01,Completed,Card,Standard,2025-07-16,2025-07-17,12,NONE,
O000076,2024-09-26,2024-09-29,C0691,R03,Completed,Buy Now Pay Later,Express,2024-09-29,2024-09-29,19,NONE,
O000077,2025-10-31,2025-11-06,C0628,R04,Completed,Bank Transfer,Standard,2025-11-06,2025-11-06,12,NONE,
O000078,2024-05-29,2024-06-04,C0652,R06,Completed,Card,Standard,2024-06-04,2024-06-04,13.5,NONE,
O000079,2025-02-21,2025-02-24,C0651,R01,Completed,Digital Wallet,Express,2025-02-24,2025-02-24,15.5,NONE,
O000080,2024-07-14,2024-07-20,C0143,R04,Completed,Digital Wallet,Standard,2024-07-20,2024-07-20,10,NONE,
O000081,2025-09-19,2025-09-26,C0157,R08,Completed,Card,Standard,2025-09-25,2025-09-26,8.5,NONE,
O000082,2024-07-24,2024-07-30,C0145,R02,Completed,Card,Standard,2024-07-30,2024-07-30,8.5,NONE,
O000083,2025-12-30,2026-01-02,C0483,R06,Completed,Bank Transfer,Express,2026-01-02,2026-01-02,17,HOLIDAY,
O000084,2024-06-13,2024-06-19,C0655,R04,Completed,Card,Standard,2024-06-19,2024-06-19,8.5,NONE,
O000085,2024-12-11,2024-12-16,C0089,R01,Completed,Digital Wallet,Standard,2024-12-17,2024-12-16,8.5,HOLIDAY,
O000086,2025-09-09,,C0607,R06,Cancelled,Digital Wallet,Standard,,,8.5,NONE,Address issue
O000087,2025-09-01,2025-09-06,C0212,R01,Completed,Digital Wallet,Standard,2025-09-07,2025-09-06,8.5,NONE,
O000088,2025-06-12,2025-06-14,C0234,R08,Completed,Bank Transfer,Express,2025-06-15,2025-06-14,17,NONE,
O000089,2025-01-04,2025-01-09,C0611,R01,Completed,Digital Wallet,Standard,2025-01-10,2025-01-09,10,NONE,
O000090,2024-07-11,2024-07-16,C0504,R06,Completed,Card,Standard,2024-07-17,2024-07-16,13.5,NONE,
O000091,2024-03-05,2024-03-11,C0617,R03,Completed,Buy Now Pay Later,Standard,2024-03-11,2024-03-11,10,BACK2WORK,
O000092,2024-09-02,2024-09-12,C0201,R02,Completed,Bank Transfer,Standard,2024-09-08,2024-09-12,8.5,NONE,
O000093,2024-10-24,2024-10-30,C0104,R03,Completed,Buy Now Pay Later,Standard,2024-10-30,2024-10-30,8.5,NONE,
O000094,2024-02-17,2024-02-23,C0512,R05,Completed,Card,Standard,2024-02-23,2024-02-23,13.5,SUMMER,
O000095,2024-04-13,2024-04-18,C0144,R04,Completed,Card,Standard,2024-04-19,2024-04-18,10,NONE,
O000096,2025-02-28,2025-03-05,C0121,R03,Completed,Card,Standard,2025-03-06,2025-03-05,16.5,NONE,
O000097,2025-05-14,2025-05-19,C0220,R06,Completed,Card,Standard,2025-05-20,2025-05-19,13.5,NONE,
O000098,2025-11-13,2025-11-15,C0343,R02,Completed,Card,Express,2025-11-16,2025-11-15,15.5,HOLIDAY,
O000099,2024-11-10,2024-11-15,C0351,R01,Returned,Card,Standard,2024-11-16,2024-11-15,13.5,HOLIDAY,
O000100,2025-09-28,2025-10-04,C0446,R01,Completed,Card,Standard,2025-10-04,2025-10-04,15,BACK2WORK,
O000101,2024-08-05,2024-08-07,C0482,R01,Completed,Bank Transfer,Express,2024-08-08,2024-08-07,15.5,NONE,
O000102,2024-03-23,2024-03-25,C0280,R01,Completed,Card,Express,2024-03-26,2024-03-25,20.5,BACK2WORK,
O000103,2025-06-08,2025-06-14,C0393,R05,Completed,Digital Wallet,Standard,2025-06-14,2025-06-14,13,NONE,
O000104,2024-09-30,2024-10-05,C0351,R01,Completed,Bank Transfer,Standard,2024-10-06,2024-10-05,13,NONE,
O000105,2025-11-13,2025-11-19,C0148,R03,Completed,Card,Standard,2025-11-19,2025-11-19,8.5,HOLIDAY,
O000106,2025-03-19,2025-03-25,C0001,R05,Returned,Card,Standard,2025-03-25,2025-03-25,12,NONE,
O000107,2025-03-26,2025-04-01,C0256,R05,Completed,Digital Wallet,Standard,2025-04-01,2025-04-01,8.5,NONE,
O000108,2024-10-04,2024-10-07,C0573,R01,Completed,Card,Express,2024-10-07,2024-10-07,15.5,NONE,
O000109,2025-07-18,2025-07-24,C0074,R05,Completed,Card,Standard,2025-07-24,2025-07-24,18.5,NONE,
O000110,2025-07-08,2025-07-11,C0012,R06,Completed,Card,Express,2025-07-11,2025-07-11,17,NONE,
O000111,2024-08-27,2024-08-30,C0375,R04,Completed,Card,Express,2024-08-30,2024-08-30,20.5,NONE,
O000112,2024-09-30,2024-10-02,C0094,R01,Completed,Digital Wallet,Express,2024-10-03,2024-10-02,15.5,SPRING,
O000113,2024-04-11,2024-04-17,C0213,R03,Completed,Card,Standard,2024-04-17,2024-04-17,13.5,NONE,
O000114,2025-03-30,2025-04-04,C0441,R06,Completed,Digital Wallet,Standard,2025-04-05,2025-04-04,8.5,NONE,
O000115,2025-04-29,2025-05-04,C0466,R03,Completed,Card,Standard,2025-05-05,2025-05-04,12,NONE,
O000116,2025-12-27,2026-01-01,C0396,R03,Completed,Buy Now Pay Later,Standard,2026-01-02,2026-01-01,11.5,HOLIDAY,
O000117,2024-10-07,2024-10-12,C0566,R04,Completed,Card,Standard,2024-10-13,2024-10-12,8.5,NONE,
O000118,2024-02-29,2024-03-06,C0538,R04,Completed,Digital Wallet,Standard,2024-03-06,2024-03-06,10,NONE,
O000119,2024-09-28,2024-10-03,C0331,R04,Completed,Card,Standard,2024-10-04,2024-10-03,10,NONE,
O000120,2024-11-04,2024-11-07,C0278,R02,Completed,Card,Express,2024-11-07,2024-11-07,15.5,HOLIDAY,
O000121,2024-01-02,2024-01-07,C0554,R04,Completed,Card,Standard,2024-01-08,2024-01-07,8.5,SUMMER,
O000122,2024-06-24,2024-06-30,C0134,R06,Completed,Bank Transfer,Standard,2024-06-30,2024-06-30,11.5,BACK2WORK,
O000123,2025-07-06,2025-07-09,C0117,R03,Returned,Bank Transfer,Express,2025-07-09,2025-07-09,20.5,NONE,
O000124,2024-03-28,2024-04-02,C0652,R06,Completed,Buy Now Pay Later,Standard,2024-04-03,2024-04-02,8.5,SUMMER,
O000125,2025-10-02,2025-10-08,C0062,R02,Completed,Card,Standard,2025-10-08,2025-10-08,10,NONE,
O000126,2024-04-16,2024-04-23,C0557,R05,Returned,Digital Wallet,Standard,2024-04-22,2024-04-23,13.5,BACK2WORK,
O000127,2025-07-03,2025-07-09,C0473,R05,Completed,Card,Standard,2025-07-09,2025-07-09,8.5,SPRING,
O000128,2025-03-20,2025-03-26,C0253,R03,Completed,Card,Standard,2025-03-26,2025-03-26,11.5,SPRING,
O000129,2024-10-31,2024-11-02,C0278,R02,Completed,Card,Express,2024-11-03,2024-11-02,22,NONE,
O000130,2024-10-08,2024-10-14,C0707,R06,Completed,Bank Transfer,Standard,2024-10-14,2024-10-14,8.5,NONE,
O000131,2024-12-26,2024-12-28,C0081,R05,Completed,Card,Express,2024-12-29,2024-12-28,15.5,HOLIDAY,
O000132,2025-08-31,2025-09-05,C0537,R02,Completed,Digital Wallet,Express,2025-09-03,2025-09-05,20.5,NONE,
O000133,2024-01-22,2024-01-28,C0131,R06,Completed,Bank Transfer,Standard,2024-01-28,2024-01-28,8.5,NONE,
O000134,2024-02-24,2024-03-05,C0050,R06,Completed,Digital Wallet,Standard,2024-03-01,2024-03-05,10,NONE,
O000135,2024-11-19,2024-11-24,C0456,R03,Completed,Card,Standard,2024-11-25,2024-11-24,8.5,HOLIDAY,
O000136,2024-04-22,2024-04-27,C0509,R03,Completed,Digital Wallet,Standard,2024-04-28,2024-04-27,17,NONE,
O000137,2025-10-22,2025-10-24,C0683,R06,Completed,Bank Transfer,Express,2025-10-25,2025-10-24,20.5,NONE,
O000138,2025-06-08,2025-06-14,C0580,R04,Completed,Card,Standard,2025-06-14,2025-06-14,8.5,NONE,
O000139,2025-07-17,2025-07-23,C0619,R07,Completed,Buy Now Pay Later,Standard,2025-07-23,2025-07-23,11.5,NONE,
O000140,2024-02-27,2024-03-04,C0617,R03,Completed,Card,Standard,2024-03-04,2024-03-04,13.5,SPRING,
O000141,2025-11-02,,C0342,R02,Cancelled,Bank Transfer,Standard,,,8.5,HOLIDAY,Customer changed mind
O000142,2024-10-22,2024-10-31,C0552,R08,Completed,Bank Transfer,Standard,2024-10-28,2024-10-31,13.5,SUMMER,
O000143,2024-08-22,2024-08-31,C0133,R05,Returned,Card,Standard,2024-08-28,2024-08-31,12,NONE,
O000144,2024-07-26,2024-07-30,C0063,R01,Completed,Card,Express,2024-07-29,2024-07-30,18.5,NONE,
O000145,2025-05-30,2025-06-02,C0719,R04,Completed,Bank Transfer,Express,2025-06-02,2025-06-02,15.5,SPRING,
O000146,2025-10-17,2025-10-19,C0428,R05,Completed,Card,Express,2025-10-20,2025-10-19,15.5,NONE,
O000147,2025-01-29,2025-02-04,C0405,R06,Completed,Bank Transfer,Standard,2025-02-04,2025-02-04,10,NONE,
O000148,2024-06-26,2024-06-29,C0273,R02,Completed,Digital Wallet,Express,2024-06-29,2024-06-29,15.5,NONE,
O000149,2024-12-07,2024-12-13,C0414,R04,Completed,Digital Wallet,Standard,2024-12-13,2024-12-13,11.5,HOLIDAY,
O000150,2024-09-08,2024-09-18,C0147,R08,Completed,Digital Wallet,Standard,2024-09-14,2024-09-18,10,BACK2WORK,
O000151,2025-08-26,2025-08-31,C0199,R07,Completed,Card,Standard,2025-09-01,2025-08-31,13.5,NONE,
O000152,2025-08-07,2025-08-13,C0551,R01,Completed,Card,Standard,2025-08-13,2025-08-13,10,SUMMER,
O000153,2025-09-11,2025-09-16,C0144,R04,Completed,Card,Standard,2025-09-17,2025-09-16,10,NONE,
O000154,2024-11-27,2024-12-02,C0417,R07,Completed,Buy Now Pay Later,Standard,2024-12-03,2024-12-02,10,HOLIDAY,
O000155,2025-05-02,2025-05-07,C0532,R07,Completed,Card,Standard,2025-05-08,2025-05-07,13.5,NONE,
O000156,2024-01-16,2024-01-26,C0450,R04,Completed,Digital Wallet,Standard,2024-01-22,2024-01-26,13.5,NONE,
O000157,2024-11-23,2024-11-28,C0432,R01,Completed,Card,Standard,2024-11-29,2024-11-28,8.5,HOLIDAY,
O000158,2024-04-13,2024-04-15,C0305,R08,Completed,Card,Express,2024-04-16,2024-04-15,17,SUMMER,
O000159,2025-10-08,2025-10-14,C0527,R02,Completed,Bank Transfer,Standard,2025-10-14,2025-10-14,11.5,NONE,
O000160,2024-09-18,2024-09-23,C0441,R06,Completed,Card,Standard,2024-09-24,2024-09-23,12,NONE,
O000161,2024-01-15,2024-01-21,C0328,R06,Completed,Digital Wallet,Standard,2024-01-21,2024-01-21,13,NONE,
O000162,2024-01-05,2024-01-11,C0351,R01,Completed,Buy Now Pay Later,Standard,2024-01-11,2024-01-11,8.5,NONE,
O000163,2025-12-13,2025-12-22,C0060,R06,Completed,Buy Now Pay Later,Standard,2025-12-19,2025-12-22,8.5,HOLIDAY,
O000164,2024-05-24,2024-05-26,C0700,R03,Completed,Digital Wallet,Express,2024-05-27,2024-05-26,15.5,NONE,
O000165,2024-08-28,2024-09-02,C0557,R05,Completed,Digital Wallet,Standard,2024-09-03,2024-09-02,8.5,NONE,
O000166,2024-11-11,2024-11-16,C0464,R06,Completed,Card,Standard,2024-11-17,2024-11-16,8.5,HOLIDAY,
O000167,2025-10-29,2025-11-04,C0557,R05,Completed,Card,Standard,2025-11-04,2025-11-04,8.5,NONE,
O000168,2024-05-12,,C0074,R05,Cancelled,Digital Wallet,Standard,,,12,NONE,Payment failure
O000169,2024-06-17,2024-06-25,C0253,R03,Returned,Card,Standard,2024-06-23,2024-06-25,15,NONE,
O000170,2024-11-07,2024-11-10,C0540,R04,Completed,Card,Express,2024-11-10,2024-11-10,18.5,HOLIDAY,
O000171,2024-08-12,2024-08-18,C0539,R01,Completed,Bank Transfer,Standard,2024-08-18,2024-08-18,10,NONE,
O000172,2025-06-15,2025-06-21,C0689,R03,Completed,Card,Standard,2025-06-21,2025-06-21,13,SUMMER,
O000173,2025-07-24,2025-07-29,C0418,R04,Completed,Card,Standard,2025-07-30,2025-07-29,8.5,NONE,
O000174,2024-07-20,2024-07-25,C0124,R03,Completed,Card,Standard,2024-07-26,2024-07-25,13.5,NONE,
O000175,2025-11-15,2025-11-21,C0348,R05,Completed,Digital Wallet,Standard,2025-11-21,2025-11-21,8.5,HOLIDAY,
O000176,2025-02-03,2025-02-09,C0483,R06,Completed,Digital Wallet,Standard,2025-02-09,2025-02-09,8.5,NONE,
O000177,2024-07-28,2024-07-30,C0455,R06,Completed,Card,Express,2024-07-31,2024-07-30,15.5,NONE,
O000178,2025-07-21,2025-07-24,C0415,R06,Completed,Card,Express,2025-07-24,2025-07-24,20.5,NONE,
O000179,2024-10-23,2024-10-28,C0278,R02,Completed,Card,Standard,2024-10-29,2024-10-28,11.5,NONE,
O000180,2025-12-08,2025-12-14,C0566,R04,Completed,Card,Standard,2025-12-14,2025-12-14,8.5,HOLIDAY,
O000181,2025-09-15,2025-09-17,C0001,R05,Completed,Buy Now Pay Later,Express,2025-09-18,2025-09-17,17,NONE,
O000182,2025-02-26,2025-03-04,C0494,R03,Completed,Bank Transfer,Standard,2025-03-04,2025-03-04,8.5,NONE,
O000183,2024-12-28,2025-01-04,C0658,R08,Completed,Bank Transfer,Standard,2025-01-03,2025-01-04,10,HOLIDAY,
O000184,2025-02-20,2025-02-23,C0412,R04,Completed,Card,Express,2025-02-23,2025-02-23,15.5,NONE,
O000185,2025-06-01,2025-06-06,C0528,R04,Completed,Card,Standard,2025-06-07,2025-06-06,17,NONE,
O000186,2024-05-16,2024-05-21,C0533,R02,Completed,Card,Standard,2024-05-22,2024-05-21,10,NONE,
O000187,2025-04-23,2025-04-29,C0332,R06,Completed,Card,Standard,2025-04-29,2025-04-29,13.5,NONE,
O000188,2025-05-16,2025-05-21,C0289,R03,Completed,Card,Standard,2025-05-22,2025-05-21,10,NONE,
O000189,2024-09-22,2024-09-28,C0687,R05,Completed,Card,Standard,2024-09-28,2024-09-28,8.5,NONE,
O000190,2025-06-07,2025-06-12,C0087,R02,Completed,Card,Standard,2025-06-13,2025-06-12,13,NONE,
O000191,2025-11-13,2025-11-19,C0037,R03,Completed,Bank Transfer,Standard,2025-11-19,2025-11-19,8.5,HOLIDAY,
O000192,2025-04-20,2025-04-25,C0514,R04,Completed,Card,Standard,2025-04-26,2025-04-25,10,NONE,
O000193,2025-04-23,2025-04-30,C0354,R03,Completed,Card,Standard,2025-04-29,2025-04-30,13.5,NONE,
O000194,2024-03-15,2024-03-21,C0012,R06,Completed,Bank Transfer,Standard,2024-03-21,2024-03-21,10,NONE,
O000195,2025-03-17,2025-03-19,C0238,R04,Completed,Card,Express,2025-03-20,2025-03-19,19,NONE,
O000196,2024-09-24,2024-09-29,C0450,R04,Completed,Card,Standard,2024-09-30,2024-09-29,8.5,NONE,
O000197,2024-08-09,2024-08-17,C0581,R06,Completed,Card,Standard,2024-08-15,2024-08-17,8.5,NONE,
O000198,2024-05-30,2024-06-07,C0302,R05,Completed,Bank Transfer,Standard,2024-06-05,2024-06-07,12,NONE,
O000199,2025-06-27,2025-07-02,C0128,R04,Completed,Digital Wallet,Standard,2025-07-03,2025-07-02,8.5,NONE,
O000200,2024-10-30,2024-11-09,C0709,R05,Completed,Buy Now Pay Later,Standard,2024-11-05,2024-11-09,15,NONE,
O000201,2025-11-01,2025-11-06,C0273,R02,Completed,Card,Standard,2025-11-07,2025-11-06,10,HOLIDAY,
O000202,2025-03-16,2025-03-22,C0498,R04,Completed,Digital Wallet,Standard,2025-03-22,2025-03-22,8.5,NONE,
O000203,2024-08-08,2024-08-14,C0155,R06,Completed,Digital Wallet,Standard,2024-08-14,2024-08-14,8.5,SPRING,
O000204,2025-02-24,2025-03-01,C0196,R03,Returned,Card,Standard,2025-03-02,2025-03-01,10,SPRING,
O000205,2025-10-11,2025-10-16,C0615,R06,Completed,Bank Transfer,Standard,2025-10-17,2025-10-16,8.5,NONE,
O000206,2025-01-13,2025-01-22,C0492,R02,Completed,Digital Wallet,Standard,2025-01-19,2025-01-22,23.5,NONE,
O000207,2024-06-17,2024-06-23,C0557,R05,Completed,Buy Now Pay Later,Standard,2024-06-23,2024-06-23,12,NONE,
O000208,2025-04-06,2025-04-12,C0184,R03,Completed,Digital Wallet,Standard,2025-04-12,2025-04-12,13.5,NONE,
O000209,2024-05-20,2024-05-22,C0155,R06,Completed,Card,Express,2024-05-23,2024-05-22,18.5,NONE,
O000210,2025-05-01,2025-05-07,C0538,R04,Completed,Card,Standard,2025-05-07,2025-05-07,8.5,BACK2WORK,
O000211,2025-04-20,2025-04-26,C0652,R06,Completed,Card,Standard,2025-04-26,2025-04-26,8.5,NONE,
O000212,2025-10-06,2025-10-13,C0416,R05,Completed,Digital Wallet,Standard,2025-10-12,2025-10-13,8.5,SPRING,
O000213,2025-10-20,2025-10-25,C0661,R07,Completed,Card,Standard,2025-10-26,2025-10-25,8.5,NONE,
O000214,2025-04-17,2025-04-23,C0430,R01,Completed,Bank Transfer,Standard,2025-04-23,2025-04-23,13.5,NONE,
O000215,2025-06-17,2025-06-19,C0144,R04,Completed,Card,Express,2025-06-20,2025-06-19,17,NONE,
O000216,2025-05-25,2025-05-30,C0012,R06,Completed,Digital Wallet,Standard,2025-05-31,2025-05-30,8.5,NONE,
O000217,2025-03-17,2025-03-26,C0482,R01,Completed,Bank Transfer,Standard,2025-03-23,2025-03-26,12,NONE,
O000218,2024-01-26,2024-01-29,C0527,R02,Completed,Bank Transfer,Express,2024-01-29,2024-01-29,17,NONE,
O000219,2024-11-23,2024-12-03,C0509,R03,Completed,Bank Transfer,Standard,2024-11-29,2024-12-03,8.5,HOLIDAY,
O000220,2024-06-17,2024-06-22,C0069,R05,Completed,Card,Standard,2024-06-23,2024-06-22,8.5,NONE,
O000221,2025-05-27,2025-06-01,C0094,R01,Completed,Bank Transfer,Standard,2025-06-02,2025-06-01,8.5,NONE,
O000222,2024-03-09,2024-03-15,C0068,R04,Completed,Card,Standard,2024-03-15,2024-03-15,15,NONE,
O000223,2024-12-12,2024-12-18,C0639,R01,Completed,Card,Standard,2024-12-18,2024-12-18,11.5,HOLIDAY,
O000224,2025-01-19,2025-01-27,C0339,R05,Completed,Card,Standard,2025-01-25,2025-01-27,18.5,NONE,
O000225,2024-01-30,2024-02-01,C0696,R01,Completed,Digital Wallet,Express,2024-02-02,2024-02-01,17,NONE,
O000226,2024-05-27,2024-06-02,C0373,R05,Completed,Card,Standard,2024-06-02,2024-06-02,8.5,SUMMER,
O000227,2024-01-28,2024-02-06,C0081,R05,Completed,Bank Transfer,Standard,2024-02-03,2024-02-06,10,NONE,
O000228,2024-06-20,2024-06-26,C0375,R04,Completed,Digital Wallet,Standard,2024-06-26,2024-06-26,8.5,NONE,
O000229,2025-01-26,2025-02-01,C0453,R07,Completed,Card,Standard,2025-02-01,2025-02-01,10,NONE,
O000230,2024-11-14,2024-11-19,C0333,R05,Completed,Digital Wallet,Standard,2024-11-20,2024-11-19,8.5,HOLIDAY,
O000231,2024-01-06,2024-01-11,C0551,R01,Completed,Card,Standard,2024-01-12,2024-01-11,8.5,NONE,
O000232,2024-09-03,2024-09-09,C0526,R02,Completed,Digital Wallet,Standard,2024-09-09,2024-09-09,13.5,NONE,
O000233,2024-03-10,2024-03-19,C0517,R06,Completed,Digital Wallet,Standard,2024-03-16,2024-03-19,8.5,NONE,
O000234,2025-10-10,2025-10-16,C0345,R04,Completed,Card,Standard,2025-10-16,2025-10-16,10,NONE,
O000235,2024-04-03,2024-04-08,C0526,R02,Completed,Digital Wallet,Standard,2024-04-09,2024-04-08,8.5,NONE,
O000236,2025-01-15,2025-01-23,C0047,R03,Completed,Card,Standard,2025-01-21,2025-01-23,15,NONE,
O000237,2024-09-20,2024-09-29,C0653,R03,Completed,Card,Standard,2024-09-26,2024-09-29,12,NONE,
O000238,2024-06-06,2024-06-11,C0373,R05,Returned,Bank Transfer,Standard,2024-06-12,2024-06-11,8.5,NONE,
O000239,2024-09-24,2024-09-30,C0351,R01,Returned,Card,Standard,2024-09-30,2024-09-30,12,NONE,
O000240,2025-06-30,2025-07-05,C0381,R02,Completed,Card,Standard,2025-07-06,2025-07-05,8.5,NONE,
O000241,2024-12-29,2025-01-03,C0645,R03,Completed,Digital Wallet,Standard,2025-01-04,2025-01-03,18.5,HOLIDAY,
O000242,2025-02-22,2025-02-28,C0520,R05,Completed,Buy Now Pay Later,Express,2025-02-25,2025-02-28,20.5,BACK2WORK,
O000243,2025-03-30,2025-04-05,C0428,R05,Completed,Card,Standard,2025-04-05,2025-04-05,17,SPRING,
O000244,2025-07-12,2025-07-15,C0052,R04,Completed,Card,Express,2025-07-15,2025-07-15,17,NONE,
O000245,2025-03-16,2025-03-22,C0410,R01,Completed,Card,Standard,2025-03-22,2025-03-22,10,NONE,
O000246,2025-08-22,2025-08-24,C0683,R06,Completed,Bank Transfer,Express,2025-08-25,2025-08-24,15.5,NONE,
O000247,2024-09-21,2024-09-26,C0606,R04,Completed,Card,Standard,2024-09-27,2024-09-26,13.5,BACK2WORK,
O000248,2024-03-17,2024-03-23,C0406,R04,Returned,Card,Standard,2024-03-23,2024-03-23,10,NONE,
O000249,2024-07-26,2024-07-31,C0694,R03,Completed,Digital Wallet,Standard,2024-08-01,2024-07-31,15,NONE,
O000250,2024-08-17,,C0669,R07,Cancelled,Card,Standard,,,8.5,NONE,Customer changed mind
O000251,2024-08-25,2024-08-30,C0128,R04,Completed,Digital Wallet,Standard,2024-08-31,2024-08-30,8.5,NONE,
O000252,2024-08-26,2024-09-01,C0644,R08,Completed,Card,Standard,2024-09-01,2024-09-01,8.5,NONE,
O000253,2024-11-20,2024-11-25,C0441,R06,Completed,Card,Standard,2024-11-26,2024-11-25,8.5,HOLIDAY,
O000254,2025-02-07,2025-02-15,C0238,R04,Completed,Card,Standard,2025-02-13,2025-02-15,10,SUMMER,
O000255,2024-06-25,2024-06-30,C0033,R02,Completed,Card,Standard,2024-07-01,2024-06-30,8.5,NONE,
O000256,2025-09-14,2025-09-19,C0244,R03,Completed,Card,Standard,2025-09-20,2025-09-19,8.5,NONE,
O000257,2024-10-31,2024-11-05,C0462,R04,Returned,Card,Standard,2024-11-06,2024-11-05,12,NONE,
O000258,2024-01-14,2024-01-20,C0456,R03,Completed,Digital Wallet,Standard,2024-01-20,2024-01-20,12,NONE,
O000259,2024-06-30,2024-07-03,C0495,R04,Completed,Card,Express,2024-07-03,2024-07-03,19,NONE,
O000260,2024-10-14,2024-10-19,C0441,R06,Completed,Card,Standard,2024-10-20,2024-10-19,13,NONE,
O000261,2025-11-19,2025-11-24,C0251,R07,Completed,Bank Transfer,Standard,2025-11-25,2025-11-24,10,HOLIDAY,
O000262,2024-01-07,2024-01-13,C0715,R01,Completed,Buy Now Pay Later,Standard,2024-01-13,2024-01-13,10,SPRING,
O000263,2025-01-29,2025-02-01,C0480,R03,Completed,Card,Express,2025-02-01,2025-02-01,15.5,NONE,
O000264,2024-02-21,2024-02-26,C0546,R06,Completed,Card,Standard,2024-02-27,2024-02-26,8.5,NONE,
O000265,2025-07-03,2025-07-08,C0005,R02,Returned,Digital Wallet,Standard,2025-07-09,2025-07-08,13.5,SUMMER,
O000266,2025-05-02,2025-05-09,C0450,R04,Completed,Digital Wallet,Standard,2025-05-08,2025-05-09,8.5,SPRING,
O000267,2025-04-19,2025-04-26,C0455,R06,Completed,Buy Now Pay Later,Standard,2025-04-25,2025-04-26,8.5,NONE,
O000268,2024-03-09,2024-03-11,C0517,R06,Completed,Card,Express,2024-03-12,2024-03-11,15.5,SPRING,
O000269,2025-11-11,2025-11-16,C0248,R07,Completed,Card,Standard,2025-11-17,2025-11-16,8.5,HOLIDAY,
O000270,2025-08-05,2025-08-08,C0657,R01,Completed,Digital Wallet,Express,2025-08-08,2025-08-08,18.5,NONE,
O000271,2025-09-14,2025-09-17,C0509,R03,Completed,Card,Express,2025-09-17,2025-09-17,18.5,NONE,
O000272,2024-05-09,2024-05-15,C0201,R02,Completed,Bank Transfer,Standard,2024-05-15,2024-05-15,8.5,NONE,
O000273,2025-07-13,2025-07-17,C0181,R01,Completed,Bank Transfer,Express,2025-07-16,2025-07-17,19,NONE,
O000274,2024-12-13,2024-12-18,C0058,R01,Completed,Card,Express,2024-12-16,2024-12-18,17,HOLIDAY,
O000275,2025-05-27,2025-06-01,C0687,R05,Completed,Digital Wallet,Standard,2025-06-02,2025-06-01,12,NONE,
O000276,2024-01-16,2024-01-23,C0526,R02,Completed,Card,Standard,2024-01-22,2024-01-23,8.5,NONE,
O000277,2024-09-08,2024-09-16,C0543,R01,Completed,Digital Wallet,Standard,2024-09-14,2024-09-16,13.5,NONE,
O000278,2025-11-18,2025-11-23,C0657,R01,Completed,Bank Transfer,Standard,2025-11-24,2025-11-23,8.5,HOLIDAY,
O000279,2024-08-01,2024-08-07,C0715,R01,Returned,Card,Standard,2024-08-07,2024-08-07,8.5,NONE,
O000280,2025-09-25,2025-09-27,C0006,R08,Completed,Card,Express,2025-09-28,2025-09-27,15.5,NONE,
O000281,2025-03-10,2025-03-16,C0466,R03,Completed,Card,Standard,2025-03-16,2025-03-16,10,NONE,
O000282,2025-10-19,2025-10-25,C0520,R05,Completed,Digital Wallet,Standard,2025-10-25,2025-10-25,8.5,NONE,
O000283,2025-01-25,2025-01-31,C0375,R04,Completed,Digital Wallet,Standard,2025-01-31,2025-01-31,8.5,NONE,
O000284,2024-09-24,2024-09-29,C0527,R02,Completed,Card,Standard,2024-09-30,2024-09-29,11.5,NONE,
O000285,2024-09-15,2024-09-21,C0343,R02,Completed,Card,Standard,2024-09-21,2024-09-21,8.5,NONE,
O000286,2025-06-23,2025-06-28,C0181,R01,Completed,Digital Wallet,Standard,2025-06-29,2025-06-28,11.5,NONE,
O000287,2025-05-06,2025-05-11,C0707,R06,Completed,Digital Wallet,Standard,2025-05-12,2025-05-11,8.5,BACK2WORK,
O000288,2024-08-20,2024-08-26,C0443,R05,Returned,Card,Standard,2024-08-26,2024-08-26,16.5,SPRING,
O000289,2025-10-23,2025-10-29,C0683,R06,Completed,Card,Standard,2025-10-29,2025-10-29,10,NONE,
O000290,2024-05-26,2024-06-01,C0253,R03,Completed,Card,Standard,2024-06-01,2024-06-01,16.5,BACK2WORK,
O000291,2024-01-06,,C0417,R07,Cancelled,Bank Transfer,Express,,,19,NONE,Inventory unavailable
O000292,2025-01-06,2025-01-09,C0062,R02,Completed,Digital Wallet,Express,2025-01-09,2025-01-09,15.5,SUMMER,
O000293,2025-09-16,2025-09-22,C0332,R06,Completed,Card,Standard,2025-09-22,2025-09-22,8.5,NONE,
O000294,2024-02-18,2024-02-24,C0715,R01,Completed,Card,Standard,2024-02-24,2024-02-24,8.5,NONE,
O000295,2025-07-24,2025-07-30,C0236,R04,Completed,Card,Standard,2025-07-30,2025-07-30,8.5,NONE,
O000296,2025-12-20,2025-12-26,C0571,R06,Returned,Bank Transfer,Standard,2025-12-26,2025-12-26,12,HOLIDAY,
O000297,2024-01-23,2024-01-29,C0617,R03,Completed,Card,Standard,2024-01-29,2024-01-29,13.5,NONE,
O000298,2025-10-23,2025-10-26,C0527,R02,Completed,Card,Express,2025-10-26,2025-10-26,15.5,NONE,
O000299,2025-08-10,2025-08-17,C0153,R04,Completed,Digital Wallet,Standard,2025-08-16,2025-08-17,15,NONE,
O000300,2024-04-27,2024-04-29,C0625,R02,Completed,Digital Wallet,Express,2024-04-30,2024-04-29,15.5,NONE,
O000301,2025-12-10,2025-12-16,C0063,R01,Completed,Digital Wallet,Standard,2025-12-16,2025-12-16,12,HOLIDAY,
O000302,2024-09-22,2024-09-30,C0404,R06,Completed,Card,Standard,2024-09-28,2024-09-30,15,NONE,
O000303,2024-04-30,2024-05-03,C0342,R02,Completed,Card,Express,2024-05-03,2024-05-03,15.5,NONE,
O000304,2024-12-12,2024-12-17,C0273,R02,Completed,Digital Wallet,Standard,2024-12-18,2024-12-17,8.5,HOLIDAY,
O000305,2025-11-28,2025-12-04,C0114,R05,Completed,Digital Wallet,Standard,2025-12-04,2025-12-04,8.5,HOLIDAY,
O000306,2024-01-30,2024-02-02,C0213,R03,Completed,Digital Wallet,Express,2024-02-02,2024-02-02,15.5,NONE,
O000307,2024-11-06,2024-11-12,C0483,R06,Completed,Bank Transfer,Standard,2024-11-12,2024-11-12,8.5,HOLIDAY,
O000308,2025-04-11,2025-04-16,C0256,R05,Returned,Card,Standard,2025-04-17,2025-04-16,12,NONE,
O000309,2024-11-09,2024-11-15,C0591,R02,Completed,Card,Standard,2024-11-15,2024-11-15,8.5,HOLIDAY,
O000310,2025-02-08,2025-02-13,C0626,R07,Completed,Digital Wallet,Standard,2025-02-14,2025-02-13,8.5,NONE,
O000311,2025-07-25,2025-07-30,C0687,R05,Completed,Card,Standard,2025-07-31,2025-07-30,11.5,NONE,
O000312,2025-08-04,2025-08-10,C0254,R02,Completed,Digital Wallet,Standard,2025-08-10,2025-08-10,11.5,NONE,
O000313,2024-10-14,2024-10-22,C0616,R02,Completed,Buy Now Pay Later,Standard,2024-10-20,2024-10-22,16.5,NONE,
O000314,2025-01-13,2025-01-22,C0364,R03,Completed,Card,Standard,2025-01-19,2025-01-22,10,NONE,
O000315,2024-03-21,2024-03-23,C0691,R03,Completed,Card,Express,2024-03-24,2024-03-23,17,NONE,
O000316,2024-08-24,2024-08-29,C0540,R04,Completed,Card,Standard,2024-08-30,2024-08-29,17,NONE,
O000317,2025-07-24,2025-07-29,C0543,R01,Completed,Card,Standard,2025-07-30,2025-07-29,13.5,NONE,
O000318,2025-05-13,2025-05-18,C0213,R03,Completed,Digital Wallet,Standard,2025-05-19,2025-05-18,13.5,NONE,
O000319,2024-01-24,2024-02-02,C0687,R05,Completed,Bank Transfer,Standard,2024-01-30,2024-02-02,10,SUMMER,
O000320,2024-12-17,2024-12-19,C0247,R01,Completed,Card,Express,2024-12-20,2024-12-19,15.5,HOLIDAY,
O000321,2024-01-16,2024-01-21,C0428,R05,Completed,Card,Standard,2024-01-22,2024-01-21,11.5,NONE,
O000322,2024-02-04,2024-02-09,C0441,R06,Completed,Card,Standard,2024-02-10,2024-02-09,15,NONE,
O000323,2024-08-05,2024-08-07,C0572,R05,Completed,Bank Transfer,Express,2024-08-08,2024-08-07,15.5,NONE,
O000324,2024-12-19,2024-12-22,C0213,R03,Completed,Card,Express,2024-12-22,2024-12-22,20,HOLIDAY,
O000325,2024-02-05,2024-02-11,C0381,R02,Completed,Buy Now Pay Later,Standard,2024-02-11,2024-02-11,10,NONE,
O000326,2024-12-18,2024-12-21,C0273,R02,Completed,Bank Transfer,Express,2024-12-21,2024-12-21,23.5,HOLIDAY,
O000327,2025-02-09,2025-02-12,C0661,R07,Completed,Card,Express,2025-02-12,2025-02-12,22,SUMMER,
O000328,2025-12-09,2025-12-15,C0037,R03,Completed,Card,Standard,2025-12-15,2025-12-15,8.5,HOLIDAY,
O000329,2024-11-18,2024-11-27,C0316,R06,Returned,Bank Transfer,Standard,2024-11-24,2024-11-27,12,HOLIDAY,
O000330,2024-03-27,2024-04-01,C0348,R05,Returned,Card,Standard,2024-04-02,2024-04-01,12,SPRING,
O000331,2024-10-16,2024-10-21,C0388,R03,Returned,Bank Transfer,Standard,2024-10-22,2024-10-21,15,SPRING,
O000332,2025-11-01,2025-11-06,C0573,R01,Completed,Bank Transfer,Standard,2025-11-07,2025-11-06,11.5,HOLIDAY,
O000333,2024-02-26,2024-03-02,C0390,R04,Completed,Bank Transfer,Standard,2024-03-03,2024-03-02,8.5,NONE,
O000334,2024-10-11,2024-10-16,C0199,R07,Completed,Bank Transfer,Standard,2024-10-17,2024-10-16,11.5,SPRING,
O000335,2025-06-24,2025-06-26,C0590,R06,Completed,Digital Wallet,Express,2025-06-27,2025-06-26,17,NONE,
O000336,2025-08-01,2025-08-04,C0145,R02,Completed,Card,Express,2025-08-04,2025-08-04,15.5,NONE,
O000337,2024-10-30,2024-11-04,C0374,R01,Completed,Card,Standard,2024-11-05,2024-11-04,12,NONE,
O000338,2024-01-18,2024-01-20,C0466,R03,Completed,Bank Transfer,Express,2024-01-21,2024-01-20,15.5,SPRING,
O000339,2024-07-10,2024-07-15,C0015,R08,Completed,Card,Standard,2024-07-16,2024-07-15,13.5,SUMMER,
O000340,2024-12-24,2024-12-31,C0525,R02,Completed,Card,Standard,2024-12-30,2024-12-31,12,HOLIDAY,
O000341,2025-08-28,2025-09-03,C0276,R05,Completed,Card,Standard,2025-09-03,2025-09-03,8.5,NONE,
O000342,2025-03-15,2025-03-20,C0346,R06,Completed,Card,Standard,2025-03-21,2025-03-20,8.5,NONE,
O000343,2024-03-31,2024-04-06,C0118,R03,Completed,Digital Wallet,Standard,2024-04-06,2024-04-06,8.5,NONE,
O000344,2025-06-04,2025-06-10,C0184,R03,Completed,Card,Standard,2025-06-10,2025-06-10,10,NONE,
O000345,2025-05-15,2025-05-20,C0199,R07,Completed,Digital Wallet,Standard,2025-05-21,2025-05-20,10,NONE,
O000346,2025-11-13,2025-11-18,C0498,R04,Completed,Card,Standard,2025-11-19,2025-11-18,8.5,HOLIDAY,
O000347,2024-02-07,2024-02-13,C0713,R07,Completed,Digital Wallet,Standard,2024-02-13,2024-02-13,8.5,BACK2WORK,
O000348,2025-11-05,2025-11-14,C0405,R06,Completed,Digital Wallet,Standard,2025-11-11,2025-11-14,8.5,HOLIDAY,
O000349,2024-05-25,2024-06-01,C0606,R04,Completed,Bank Transfer,Standard,2024-05-31,2024-06-01,12,SUMMER,
O000350,2024-09-10,2024-09-15,C0625,R02,Completed,Card,Standard,2024-09-16,2024-09-15,10,NONE,
O000351,2024-06-22,2024-06-28,C0464,R06,Completed,Card,Standard,2024-06-28,2024-06-28,12,NONE,
O000352,2024-07-12,2024-07-18,C0102,R04,Completed,Digital Wallet,Standard,2024-07-18,2024-07-18,15,NONE,
O000353,2025-08-12,2025-08-18,C0155,R06,Returned,Bank Transfer,Standard,2025-08-18,2025-08-18,18.5,NONE,
O000354,2025-09-15,2025-09-21,C0389,R03,Completed,Card,Standard,2025-09-21,2025-09-21,8.5,NONE,
O000355,2024-01-20,2024-01-30,C0513,R01,Completed,Digital Wallet,Standard,2024-01-26,2024-01-30,15,NONE,
O000356,2025-12-04,2025-12-09,C0645,R03,Completed,Card,Standard,2025-12-10,2025-12-09,8.5,HOLIDAY,
O000357,2025-05-13,2025-05-19,C0701,R03,Completed,Card,Standard,2025-05-19,2025-05-19,13.5,NONE,
O000358,2024-11-05,2024-11-11,C0291,R05,Completed,Card,Standard,2024-11-11,2024-11-11,11.5,HOLIDAY,
O000359,2024-10-16,2024-10-21,C0431,R03,Completed,Bank Transfer,Express,2024-10-19,2024-10-21,18.5,NONE,
O000360,2024-06-20,2024-06-22,C0709,R05,Completed,Card,Express,2024-06-23,2024-06-22,17,NONE,
O000361,2024-01-09,2024-01-15,C0175,R03,Completed,Digital Wallet,Standard,2024-01-15,2024-01-15,15,NONE,
O000362,2025-08-29,2025-09-03,C0624,R05,Completed,Card,Standard,2025-09-04,2025-09-03,13,NONE,
O000363,2025-07-25,2025-07-30,C0523,R07,Completed,Digital Wallet,Standard,2025-07-31,2025-07-30,8.5,NONE,
O000364,2024-02-09,2024-02-15,C0526,R02,Completed,Digital Wallet,Standard,2024-02-15,2024-02-15,8.5,NONE,
O000365,2024-06-19,2024-06-24,C0094,R01,Completed,Card,Standard,2024-06-25,2024-06-24,10,NONE,
O000366,2024-09-11,2024-09-17,C0161,R08,Completed,Bank Transfer,Standard,2024-09-17,2024-09-17,13.5,SPRING,
O000367,2025-09-21,,C0316,R06,Cancelled,Card,Standard,,,18.5,SPRING,Customer changed mind
O000368,2025-09-20,2025-09-25,C0536,R03,Completed,Buy Now Pay Later,Standard,2025-09-26,2025-09-25,13.5,NONE,
O000369,2025-06-06,2025-06-11,C0052,R04,Completed,Buy Now Pay Later,Standard,2025-06-12,2025-06-11,13.5,NONE,
O000370,2024-03-02,2024-03-07,C0701,R03,Completed,Buy Now Pay Later,Standard,2024-03-08,2024-03-07,10,NONE,
O000371,2024-05-23,2024-05-29,C0381,R02,Completed,Bank Transfer,Standard,2024-05-29,2024-05-29,12,NONE,
O000372,2024-08-27,2024-09-02,C0235,R06,Completed,Buy Now Pay Later,Standard,2024-09-02,2024-09-02,8.5,NONE,
O000373,2024-01-18,2024-01-24,C0210,R03,Completed,Card,Standard,2024-01-24,2024-01-24,12,NONE,
O000374,2025-05-19,2025-05-22,C0081,R05,Completed,Digital Wallet,Express,2025-05-22,2025-05-22,20.5,NONE,
O000375,2024-07-04,2024-07-10,C0001,R05,Completed,Buy Now Pay Later,Standard,2024-07-10,2024-07-10,10,NONE,
O000376,2025-01-04,2025-01-09,C0409,R06,Completed,Card,Standard,2025-01-10,2025-01-09,20,NONE,
O000377,2024-06-27,2024-07-02,C0005,R02,Completed,Card,Standard,2024-07-03,2024-07-02,8.5,NONE,
O000378,2025-03-10,2025-03-16,C0707,R06,Completed,Card,Standard,2025-03-16,2025-03-16,13,NONE,
O000379,2025-06-13,2025-06-21,C0603,R08,Completed,Card,Standard,2025-06-19,2025-06-21,12,NONE,
O000380,2025-01-20,2025-01-30,C0346,R06,Completed,Buy Now Pay Later,Standard,2025-01-26,2025-01-30,15,NONE,
O000381,2025-12-30,2026-01-05,C0446,R01,Completed,Bank Transfer,Standard,2026-01-05,2026-01-05,13.5,HOLIDAY,
O000382,2024-09-04,2024-09-10,C0564,R03,Completed,Buy Now Pay Later,Standard,2024-09-10,2024-09-10,8.5,NONE,
O000383,2025-12-04,2025-12-10,C0067,R04,Completed,Bank Transfer,Standard,2025-12-10,2025-12-10,13.5,HOLIDAY,
O000384,2024-10-02,2024-10-04,C0551,R01,Completed,Bank Transfer,Express,2024-10-05,2024-10-04,15.5,NONE,
O000385,2025-02-24,2025-03-01,C0573,R01,Completed,Card,Standard,2025-03-02,2025-03-01,8.5,NONE,
O000386,2024-05-31,2024-06-02,C0316,R06,Completed,Digital Wallet,Express,2024-06-03,2024-06-02,15.5,NONE,
O000387,2025-07-05,2025-07-07,C0707,R06,Completed,Card,Express,2025-07-08,2025-07-07,15.5,NONE,
O000388,2024-08-31,2024-09-06,C0104,R03,Completed,Card,Standard,2024-09-06,2024-09-06,10,NONE,
O000389,2025-08-17,2025-08-23,C0134,R06,Completed,Card,Standard,2025-08-23,2025-08-23,10,NONE,
O000390,2024-11-18,2024-11-23,C0407,R05,Completed,Card,Standard,2024-11-24,2024-11-23,11.5,HOLIDAY,
O000391,2024-11-15,2024-11-18,C0558,R05,Returned,Bank Transfer,Express,2024-11-18,2024-11-18,17,HOLIDAY,
O000392,2025-01-16,2025-01-20,C0552,R08,Completed,Bank Transfer,Express,2025-01-19,2025-01-20,17,SPRING,
O000393,2024-03-15,2024-03-20,C0293,R07,Completed,Digital Wallet,Standard,2024-03-21,2024-03-20,13,NONE,
O000394,2024-09-28,2024-10-04,C0707,R06,Completed,Card,Standard,2024-10-04,2024-10-04,15,NONE,
O000395,2024-08-24,2024-08-30,C0538,R04,Completed,Digital Wallet,Standard,2024-08-30,2024-08-30,11.5,NONE,
O000396,2024-08-27,2024-09-02,C0201,R02,Completed,Digital Wallet,Standard,2024-09-02,2024-09-02,8.5,NONE,
O000397,2024-02-26,2024-03-02,C0391,R01,Completed,Digital Wallet,Standard,2024-03-03,2024-03-02,12,NONE,
O000398,2025-02-20,,C0524,R08,Cancelled,Bank Transfer,Standard,,,8.5,NONE,Customer changed mind
O000399,2024-10-01,2024-10-06,C0326,R07,Completed,Bank Transfer,Standard,2024-10-07,2024-10-06,10,NONE,
O000400,2024-01-03,2024-01-06,C0522,R08,Completed,Digital Wallet,Express,2024-01-06,2024-01-06,18.5,NONE,
O000401,2024-09-15,2024-09-20,C0434,R04,Completed,Digital Wallet,Standard,2024-09-21,2024-09-20,8.5,NONE,
O000402,2024-08-21,2024-08-27,C0055,R02,Completed,Buy Now Pay Later,Standard,2024-08-27,2024-08-27,10,NONE,
O000403,2025-02-20,2025-02-26,C0063,R01,Completed,Digital Wallet,Standard,2025-02-26,2025-02-26,8.5,NONE,
O000404,2025-06-16,2025-06-21,C0509,R03,Completed,Card,Standard,2025-06-22,2025-06-21,10,NONE,
O000405,2024-11-15,2024-11-21,C0567,R01,Completed,Digital Wallet,Standard,2024-11-21,2024-11-21,12,HOLIDAY,
O000406,2025-11-22,,C0273,R02,Cancelled,Card,Standard,,,12,HOLIDAY,Address issue
O000407,2025-12-01,2025-12-07,C0683,R06,Completed,Buy Now Pay Later,Standard,2025-12-07,2025-12-07,8.5,HOLIDAY,
O000408,2025-11-20,2025-11-26,C0385,R05,Completed,Card,Standard,2025-11-26,2025-11-26,13.5,HOLIDAY,
O000409,2024-05-22,2024-05-28,C0621,R08,Completed,Digital Wallet,Standard,2024-05-28,2024-05-28,11.5,NONE,
O000410,2025-02-13,2025-02-15,C0701,R03,Completed,Card,Express,2025-02-16,2025-02-15,15.5,NONE,
O000411,2024-08-09,2024-08-15,C0612,R05,Completed,Card,Standard,2024-08-15,2024-08-15,8.5,NONE,
O000412,2024-07-04,2024-07-10,C0487,R07,Completed,Card,Standard,2024-07-10,2024-07-10,8.5,NONE,
O000413,2024-11-08,,C0055,R02,Cancelled,Card,Standard,,,13.5,HOLIDAY,Inventory unavailable
O000414,2024-01-23,2024-01-27,C0441,R06,Completed,Card,Express,2024-01-26,2024-01-27,17,NONE,
O000415,2024-11-19,2024-11-24,C0320,R03,Completed,Card,Standard,2024-11-25,2024-11-24,10,HOLIDAY,
O000416,2025-09-13,2025-09-18,C0339,R05,Completed,Card,Standard,2025-09-19,2025-09-18,12,NONE,
O000417,2024-10-28,2024-11-04,C0598,R06,Completed,Bank Transfer,Standard,2024-11-03,2024-11-04,8.5,SPRING,
O000418,2024-03-30,2024-04-04,C0476,R05,Completed,Card,Standard,2024-04-05,2024-04-04,8.5,NONE,
O000419,2024-03-07,2024-03-10,C0458,R08,Completed,Bank Transfer,Express,2024-03-10,2024-03-10,17,NONE,
O000420,2025-09-24,2025-09-30,C0611,R01,Completed,Buy Now Pay Later,Standard,2025-09-30,2025-09-30,13.5,SUMMER,
O000421,2025-08-08,2025-08-14,C0182,R07,Completed,Card,Standard,2025-08-14,2025-08-14,16.5,NONE,
O000422,2025-08-06,2025-08-12,C0536,R03,Completed,Bank Transfer,Standard,2025-08-12,2025-08-12,11.5,NONE,
O000423,2025-08-13,2025-08-18,C0058,R01,Completed,Card,Standard,2025-08-19,2025-08-18,10,NONE,
O000424,2024-09-08,2024-09-14,C0098,R03,Completed,Card,Standard,2024-09-14,2024-09-14,10,NONE,
O000425,2024-01-19,2024-01-22,C0460,R03,Completed,Bank Transfer,Express,2024-01-22,2024-01-22,17,NONE,
O000426,2024-11-25,2024-12-01,C0175,R03,Completed,Card,Standard,2024-12-01,2024-12-01,12,HOLIDAY,
O000427,2025-05-09,2025-05-12,C0658,R08,Completed,Card,Express,2025-05-12,2025-05-12,15.5,NONE,
O000428,2025-04-21,2025-04-24,C0281,R07,Completed,Buy Now Pay Later,Express,2025-04-24,2025-04-24,24,NONE,
O000429,2024-08-20,2024-08-27,C0591,R02,Completed,Card,Standard,2024-08-26,2024-08-27,15,SPRING,
O000430,2024-08-17,2024-08-22,C0074,R05,Completed,Digital Wallet,Standard,2024-08-23,2024-08-22,11.5,NONE,
O000431,2024-04-19,2024-04-22,C0074,R05,Completed,Card,Express,2024-04-22,2024-04-22,15.5,NONE,
O000432,2024-08-25,2024-08-31,C0399,R06,Completed,Card,Standard,2024-08-31,2024-08-31,12,SUMMER,
O000433,2025-12-30,2026-01-09,C0047,R03,Completed,Card,Standard,2026-01-05,2026-01-09,8.5,HOLIDAY,
O000434,2025-02-25,2025-03-03,C0622,R05,Completed,Card,Standard,2025-03-03,2025-03-03,10,NONE,
O000435,2024-10-29,,C0455,R06,Cancelled,Digital Wallet,Standard,,,8.5,BACK2WORK,Customer changed mind
O000436,2024-06-12,2024-06-18,C0713,R07,Completed,Card,Standard,2024-06-18,2024-06-18,8.5,NONE,
O000437,2025-12-24,2025-12-31,C0081,R05,Completed,Bank Transfer,Standard,2025-12-30,2025-12-31,8.5,HOLIDAY,
O000438,2024-06-30,2024-07-06,C0417,R07,Completed,Digital Wallet,Standard,2024-07-06,2024-07-06,8.5,SUMMER,
O000439,2024-03-21,2024-03-27,C0556,R07,Completed,Digital Wallet,Standard,2024-03-27,2024-03-27,8.5,NONE,
O000440,2025-02-10,2025-02-15,C0350,R05,Completed,Buy Now Pay Later,Standard,2025-02-16,2025-02-15,22,NONE,
O000441,2025-05-01,2025-05-08,C0455,R06,Returned,Digital Wallet,Standard,2025-05-07,2025-05-08,12,SPRING,
O000442,2024-10-22,2024-10-28,C0199,R07,Completed,Card,Standard,2024-10-28,2024-10-28,13.5,NONE,
O000443,2025-02-10,2025-02-16,C0107,R08,Completed,Bank Transfer,Standard,2025-02-16,2025-02-16,8.5,NONE,
O000444,2025-06-01,2025-06-06,C0052,R04,Completed,Card,Standard,2025-06-07,2025-06-06,16.5,NONE,
O000445,2025-08-08,2025-08-11,C0461,R07,Completed,Digital Wallet,Express,2025-08-11,2025-08-11,20.5,SUMMER,
O000446,2024-10-05,2024-10-11,C0043,R01,Completed,Card,Standard,2024-10-11,2024-10-11,8.5,NONE,
O000447,2024-05-27,2024-06-01,C0330,R03,Completed,Card,Express,2024-05-30,2024-06-01,23.5,NONE,
O000448,2025-04-16,2025-04-26,C0526,R02,Returned,Digital Wallet,Standard,2025-04-22,2025-04-26,8.5,NONE,
O000449,2025-04-28,2025-05-04,C0689,R03,Completed,Digital Wallet,Standard,2025-05-04,2025-05-04,13.5,SUMMER,
O000450,2025-05-13,2025-05-18,C0441,R06,Completed,Digital Wallet,Standard,2025-05-19,2025-05-18,8.5,NONE,
O000451,2024-06-18,2024-06-21,C0405,R06,Returned,Card,Express,2024-06-21,2024-06-21,17,NONE,
O000452,2025-06-28,2025-07-03,C0591,R02,Completed,Buy Now Pay Later,Standard,2025-07-04,2025-07-03,13.5,NONE,
O000453,2024-09-06,2024-09-12,C0391,R01,Completed,Digital Wallet,Standard,2024-09-12,2024-09-12,8.5,NONE,
O000454,2025-03-09,2025-03-16,C0520,R05,Completed,Card,Standard,2025-03-15,2025-03-16,15,NONE,
O000455,2024-05-30,2024-06-05,C0021,R05,Completed,Digital Wallet,Standard,2024-06-05,2024-06-05,8.5,NONE,
O000456,2024-03-05,2024-03-11,C0425,R07,Completed,Card,Standard,2024-03-11,2024-03-11,8.5,NONE,
O000457,2025-02-19,,C0661,R07,Cancelled,Digital Wallet,Standard,,,8.5,NONE,Inventory unavailable
O000458,2024-12-19,2024-12-22,C0200,R02,Completed,Digital Wallet,Express,2024-12-22,2024-12-22,24,HOLIDAY,
O000459,2024-08-03,2024-08-05,C0588,R01,Completed,Buy Now Pay Later,Express,2024-08-06,2024-08-05,15.5,NONE,
O000460,2025-06-21,2025-06-26,C0190,R07,Completed,Bank Transfer,Standard,2025-06-27,2025-06-26,8.5,NONE,
O000461,2024-03-09,2024-03-15,C0668,R07,Completed,Card,Standard,2024-03-15,2024-03-15,13.5,NONE,
O000462,2025-04-21,2025-04-27,C0021,R05,Completed,Digital Wallet,Standard,2025-04-27,2025-04-27,13.5,NONE,
O000463,2024-10-01,2024-10-06,C0333,R05,Completed,Card,Standard,2024-10-07,2024-10-06,13,NONE,
O000464,2024-07-22,2024-07-24,C0021,R05,Returned,Card,Express,2024-07-25,2024-07-24,15.5,NONE,
O000465,2025-04-08,2025-04-14,C0476,R05,Completed,Card,Standard,2025-04-14,2025-04-14,8.5,BACK2WORK,
O000466,2024-07-23,2024-07-28,C0036,R08,Completed,Bank Transfer,Standard,2024-07-29,2024-07-28,8.5,NONE,
O000467,2024-03-01,2024-03-07,C0152,R06,Completed,Bank Transfer,Standard,2024-03-07,2024-03-07,8.5,NONE,
O000468,2025-02-20,2025-02-22,C0400,R05,Completed,Card,Express,2025-02-23,2025-02-22,17,NONE,
O000469,2024-12-12,2024-12-18,C0461,R07,Completed,Card,Standard,2024-12-18,2024-12-18,8.5,HOLIDAY,
O000470,2024-09-29,2024-10-05,C0545,R06,Completed,Digital Wallet,Standard,2024-10-05,2024-10-05,12,NONE,
O000471,2025-05-11,2025-05-16,C0088,R01,Completed,Card,Standard,2025-05-17,2025-05-16,13,NONE,
O000472,2024-11-20,2024-11-25,C0318,R02,Completed,Digital Wallet,Standard,2024-11-26,2024-11-25,8.5,HOLIDAY,
O000473,2025-07-10,2025-07-16,C0081,R05,Completed,Card,Standard,2025-07-16,2025-07-16,13,NONE,
O000474,2025-10-06,,C0254,R02,Cancelled,Digital Wallet,Standard,,,10,NONE,Payment failure
O000475,2024-04-01,,C0661,R07,Cancelled,Card,Standard,,,8.5,NONE,Inventory unavailable
O000476,2025-06-25,2025-07-01,C0556,R07,Completed,Card,Standard,2025-07-01,2025-07-01,8.5,NONE,
O000477,2024-03-09,2024-03-14,C0689,R03,Completed,Card,Standard,2024-03-15,2024-03-14,10,SUMMER,
O000478,2024-10-16,2024-10-22,C0145,R02,Completed,Digital Wallet,Standard,2024-10-22,2024-10-22,11.5,BACK2WORK,
O000479,2025-06-16,2025-06-24,C0081,R05,Completed,Bank Transfer,Standard,2025-06-22,2025-06-24,10,SUMMER,
O000480,2024-10-29,2024-11-08,C0483,R06,Completed,Bank Transfer,Standard,2024-11-04,2024-11-08,17,NONE,
O000481,2024-03-04,2024-03-10,C0293,R07,Completed,Digital Wallet,Standard,2024-03-10,2024-03-10,8.5,NONE,
O000482,2024-07-31,2024-08-05,C0416,R05,Completed,Buy Now Pay Later,Express,2024-08-03,2024-08-05,19,NONE,
O000483,2025-09-23,2025-09-28,C0366,R07,Completed,Card,Standard,2025-09-29,2025-09-28,10,NONE,
O000484,2025-07-25,2025-07-31,C0148,R03,Completed,Digital Wallet,Standard,2025-07-31,2025-07-31,12,NONE,
O000485,2025-09-15,2025-09-24,C0580,R04,Completed,Card,Standard,2025-09-21,2025-09-24,15,NONE,
O000486,2025-11-04,2025-11-07,C0121,R03,Completed,Card,Express,2025-11-07,2025-11-07,15.5,HOLIDAY,
O000487,2024-07-31,2024-08-05,C0312,R08,Completed,Card,Standard,2024-08-06,2024-08-05,10,NONE,
O000488,2025-07-10,2025-07-16,C0583,R07,Completed,Card,Standard,2025-07-16,2025-07-16,12,NONE,
O000489,2024-10-21,2024-10-28,C0417,R07,Returned,Card,Standard,2024-10-27,2024-10-28,8.5,NONE,
O000490,2024-01-19,2024-01-24,C0441,R06,Completed,Digital Wallet,Standard,2024-01-25,2024-01-24,11.5,NONE,
O000491,2024-03-12,2024-03-18,C0295,R03,Completed,Card,Standard,2024-03-18,2024-03-18,8.5,NONE,
O000492,2025-10-02,2025-10-08,C0148,R03,Completed,Card,Standard,2025-10-08,2025-10-08,8.5,SPRING,
O000493,2025-08-18,2025-08-24,C0617,R03,Completed,Bank Transfer,Standard,2025-08-24,2025-08-24,13.5,NONE,
O000494,2024-09-29,2024-10-05,C0158,R04,Completed,Bank Transfer,Standard,2024-10-05,2024-10-05,13.5,NONE,
O000495,2025-04-03,2025-04-09,C0273,R02,Completed,Digital Wallet,Standard,2025-04-09,2025-04-09,10,NONE,
O000496,2024-07-10,,C0081,R05,Cancelled,Digital Wallet,Standard,,,10,NONE,Customer changed mind
O000497,2024-01-20,2024-01-26,C0428,R05,Returned,Card,Standard,2024-01-26,2024-01-26,18.5,NONE,
O000498,2024-06-11,2024-06-13,C0222,R06,Completed,Buy Now Pay Later,Express,2024-06-14,2024-06-13,17,SUMMER,
O000499,2025-04-02,2025-04-07,C0570,R02,Completed,Digital Wallet,Standard,2025-04-08,2025-04-07,10,NONE,
O000500,2024-01-12,2024-01-17,C0503,R01,Completed,Buy Now Pay Later,Standard,2024-01-18,2024-01-17,10,NONE,
O000501,2024-05-23,2024-05-28,C0027,R07,Completed,Buy Now Pay Later,Standard,2024-05-29,2024-05-28,8.5,NONE,
O000502,2024-08-07,2024-08-16,C0326,R07,Completed,Card,Standard,2024-08-13,2024-08-16,8.5,SPRING,
O000503,2024-07-23,2024-07-28,C0374,R01,Completed,Card,Standard,2024-07-29,2024-07-28,13.5,NONE,
O000504,2024-03-11,2024-03-13,C0302,R05,Completed,Card,Express,2024-03-14,2024-03-13,17,NONE,
O000505,2025-05-10,2025-05-16,C0060,R06,Completed,Digital Wallet,Standard,2025-05-16,2025-05-16,8.5,NONE,
O000506,2024-07-01,2024-07-06,C0159,R04,Completed,Bank Transfer,Standard,2024-07-07,2024-07-06,12,NONE,
O000507,2025-01-03,2025-01-09,C0542,R01,Completed,Card,Standard,2025-01-09,2025-01-09,13,SUMMER,
O000508,2024-10-17,2024-10-22,C0661,R07,Completed,Digital Wallet,Standard,2024-10-23,2024-10-22,8.5,NONE,
O000509,2025-08-08,2025-08-14,C0316,R06,Completed,Card,Standard,2025-08-14,2025-08-14,8.5,NONE,
O000510,2025-02-28,2025-03-02,C0536,R03,Completed,Bank Transfer,Express,2025-03-03,2025-03-02,15.5,NONE,
O000511,2024-03-25,2024-03-31,C0717,R05,Completed,Digital Wallet,Standard,2024-03-31,2024-03-31,8.5,NONE,
O000512,2025-03-28,2025-04-02,C0366,R07,Completed,Bank Transfer,Standard,2025-04-03,2025-04-02,10,SUMMER,
O000513,2025-04-22,2025-04-27,C0021,R05,Completed,Buy Now Pay Later,Standard,2025-04-28,2025-04-27,8.5,SPRING,
O000514,2025-07-13,2025-07-18,C0080,R04,Completed,Card,Standard,2025-07-19,2025-07-18,13.5,NONE,
O000515,2024-04-08,2024-04-13,C0466,R03,Completed,Digital Wallet,Standard,2024-04-14,2024-04-13,12,NONE,
O000516,2024-11-03,2024-11-05,C0155,R06,Completed,Digital Wallet,Express,2024-11-06,2024-11-05,15.5,HOLIDAY,
O000517,2024-02-19,2024-02-24,C0386,R03,Completed,Digital Wallet,Standard,2024-02-25,2024-02-24,8.5,SUMMER,
O000518,2025-08-20,2025-08-26,C0638,R03,Completed,Digital Wallet,Express,2025-08-23,2025-08-26,23.5,SPRING,
O000519,2025-09-23,2025-09-25,C0636,R01,Completed,Digital Wallet,Express,2025-09-26,2025-09-25,15.5,SPRING,
O000520,2025-12-17,2025-12-22,C0180,R04,Completed,Card,Standard,2025-12-23,2025-12-22,11.5,HOLIDAY,
O000521,2024-04-18,,C0258,R07,Cancelled,Card,Standard,,,11.5,NONE,Customer changed mind
O000522,2025-10-31,2025-11-02,C0247,R01,Completed,Card,Express,2025-11-03,2025-11-02,18.5,SUMMER,
O000523,2025-02-16,2025-02-22,C0645,R03,Completed,Bank Transfer,Standard,2025-02-22,2025-02-22,8.5,BACK2WORK,
O000524,2024-01-30,2024-02-04,C0549,R08,Completed,Card,Standard,2024-02-05,2024-02-04,10,BACK2WORK,
O000525,2025-08-28,2025-09-03,C0149,R08,Completed,Bank Transfer,Standard,2025-09-03,2025-09-03,10,NONE,
O000526,2024-12-16,2024-12-21,C0345,R04,Completed,Buy Now Pay Later,Standard,2024-12-22,2024-12-21,8.5,HOLIDAY,
O000527,2024-11-03,2024-11-08,C0684,R08,Completed,Card,Standard,2024-11-09,2024-11-08,10,HOLIDAY,
O000528,2025-11-08,2025-11-16,C0563,R02,Completed,Digital Wallet,Standard,2025-11-14,2025-11-16,13.5,HOLIDAY,
O000529,2025-07-11,2025-07-16,C0617,R03,Completed,Digital Wallet,Standard,2025-07-17,2025-07-16,10,BACK2WORK,
O000530,2024-03-18,2024-03-24,C0339,R05,Completed,Digital Wallet,Standard,2024-03-24,2024-03-24,20,NONE,
O000531,2025-01-24,,C0199,R07,Cancelled,Card,Standard,,,8.5,NONE,Payment failure
O000532,2025-10-02,2025-10-07,C0145,R02,Completed,Card,Standard,2025-10-08,2025-10-07,8.5,NONE,
O000533,2025-08-28,2025-09-02,C0074,R05,Completed,Digital Wallet,Standard,2025-09-03,2025-09-02,8.5,SPRING,
O000534,2024-06-20,2024-06-25,C0348,R05,Completed,Card,Standard,2024-06-26,2024-06-25,8.5,NONE,
O000535,2025-10-15,,C0194,R08,Cancelled,Card,Standard,,,12,NONE,Payment failure
O000536,2025-12-15,2025-12-20,C0666,R04,Completed,Digital Wallet,Standard,2025-12-21,2025-12-20,12,HOLIDAY,
O000537,2025-11-29,2025-12-05,C0477,R03,Completed,Bank Transfer,Standard,2025-12-05,2025-12-05,8.5,HOLIDAY,
O000538,2024-04-12,2024-04-18,C0700,R03,Completed,Card,Standard,2024-04-18,2024-04-18,15,NONE,
O000539,2025-06-27,,C0534,R01,Cancelled,Digital Wallet,Standard,,,16.5,NONE,Payment failure
O000540,2024-09-23,2024-09-25,C0464,R06,Completed,Card,Express,2024-09-26,2024-09-25,19,NONE,
O000541,2025-12-24,2025-12-29,C0238,R04,Completed,Digital Wallet,Express,2025-12-27,2025-12-29,20.5,HOLIDAY,
O000542,2025-05-01,2025-05-07,C0537,R02,Completed,Bank Transfer,Standard,2025-05-07,2025-05-07,8.5,NONE,
O000543,2025-04-28,2025-05-03,C0405,R06,Completed,Card,Standard,2025-05-04,2025-05-03,13.5,NONE,
O000544,2024-12-26,2025-01-01,C0425,R07,Completed,Bank Transfer,Standard,2025-01-01,2025-01-01,8.5,HOLIDAY,
O000545,2025-03-18,2025-03-24,C0551,R01,Completed,Digital Wallet,Standard,2025-03-24,2025-03-24,20,NONE,
O000546,2025-09-14,2025-09-16,C0021,R05,Completed,Digital Wallet,Express,2025-09-17,2025-09-16,22,SUMMER,
O000547,2024-06-02,2024-06-07,C0532,R07,Completed,Card,Express,2024-06-05,2024-06-07,19,NONE,
O000548,2024-12-02,2024-12-07,C0095,R04,Completed,Card,Standard,2024-12-08,2024-12-07,8.5,HOLIDAY,
O000549,2025-09-22,2025-09-28,C0298,R06,Completed,Digital Wallet,Standard,2025-09-28,2025-09-28,8.5,NONE,
O000550,2024-06-29,2024-07-05,C0474,R03,Completed,Digital Wallet,Standard,2024-07-05,2024-07-05,8.5,NONE,
O000551,2025-04-12,2025-04-18,C0148,R03,Completed,Bank Transfer,Standard,2025-04-18,2025-04-18,8.5,NONE,
O000552,2024-05-14,2024-05-20,C0523,R07,Completed,Digital Wallet,Standard,2024-05-20,2024-05-20,12,NONE,
O000553,2024-07-16,2024-07-22,C0001,R05,Completed,Digital Wallet,Standard,2024-07-22,2024-07-22,10,NONE,
O000554,2024-11-11,2024-11-20,C0081,R05,Completed,Card,Standard,2024-11-17,2024-11-20,8.5,HOLIDAY,
O000555,2025-05-06,2025-05-08,C0606,R04,Completed,Digital Wallet,Express,2025-05-09,2025-05-08,17,BACK2WORK,
O000556,2024-01-03,2024-01-09,C0231,R02,Completed,Digital Wallet,Standard,2024-01-09,2024-01-09,8.5,NONE,
O000557,2024-10-22,2024-10-24,C0464,R06,Completed,Buy Now Pay Later,Express,2024-10-25,2024-10-24,24,NONE,
O000558,2024-05-06,2024-05-09,C0713,R07,Completed,Digital Wallet,Express,2024-05-09,2024-05-09,17,NONE,
O000559,2025-12-20,2025-12-26,C0474,R03,Completed,Bank Transfer,Standard,2025-12-26,2025-12-26,15,HOLIDAY,
O000560,2024-11-14,2024-11-20,C0137,R05,Completed,Buy Now Pay Later,Standard,2024-11-20,2024-11-20,12,HOLIDAY,
O000561,2024-11-22,2024-12-01,C0373,R05,Returned,Card,Standard,2024-11-28,2024-12-01,13.5,HOLIDAY,
O000562,2025-09-19,2025-09-24,C0512,R05,Returned,Digital Wallet,Standard,2025-09-25,2025-09-24,10,NONE,
O000563,2025-03-02,2025-03-07,C0569,R06,Completed,Digital Wallet,Standard,2025-03-08,2025-03-07,8.5,SUMMER,
O000564,2025-10-25,2025-10-31,C0573,R01,Completed,Bank Transfer,Standard,2025-10-31,2025-10-31,18.5,NONE,
O000565,2025-03-06,2025-03-11,C0028,R08,Completed,Buy Now Pay Later,Standard,2025-03-12,2025-03-11,12,NONE,
O000566,2024-11-19,2024-11-22,C0658,R08,Completed,Bank Transfer,Express,2024-11-22,2024-11-22,15.5,HOLIDAY,
O000567,2024-09-03,2024-09-08,C0476,R05,Completed,Digital Wallet,Standard,2024-09-09,2024-09-08,10,NONE,
O000568,2025-01-09,2025-01-15,C0055,R02,Completed,Card,Standard,2025-01-15,2025-01-15,8.5,NONE,
O000569,2024-11-27,2024-11-29,C0316,R06,Completed,Digital Wallet,Express,2024-11-30,2024-11-29,15.5,HOLIDAY,
O000570,2024-03-25,2024-03-30,C0345,R04,Completed,Digital Wallet,Standard,2024-03-31,2024-03-30,10,BACK2WORK,
O000571,2025-07-31,2025-08-06,C0539,R01,Completed,Buy Now Pay Later,Standard,2025-08-06,2025-08-06,8.5,NONE,
O000572,2025-02-16,2025-02-22,C0555,R04,Completed,Card,Standard,2025-02-22,2025-02-22,13.5,NONE,
O000573,2025-03-13,2025-03-18,C0476,R05,Completed,Bank Transfer,Standard,2025-03-19,2025-03-18,8.5,SPRING,
O000574,2024-12-14,,C0504,R06,Cancelled,Card,Standard,,,16.5,HOLIDAY,Customer changed mind
O000575,2025-01-06,2025-01-11,C0343,R02,Completed,Card,Standard,2025-01-12,2025-01-11,11.5,NONE,
O000576,2025-09-02,2025-09-08,C0248,R07,Returned,Digital Wallet,Standard,2025-09-08,2025-09-08,12,SUMMER,
O000577,2025-05-25,2025-05-30,C0044,R06,Completed,Card,Standard,2025-05-31,2025-05-30,8.5,NONE,
O000578,2024-09-09,2024-09-14,C0497,R02,Completed,Card,Standard,2024-09-15,2024-09-14,10,NONE,
O000579,2024-11-07,2024-11-10,C0588,R01,Returned,Card,Express,2024-11-10,2024-11-10,27,HOLIDAY,
O000580,2025-06-14,2025-06-20,C0001,R05,Completed,Digital Wallet,Standard,2025-06-20,2025-06-20,11.5,NONE,
O000581,2024-08-23,2024-08-28,C0644,R08,Completed,Card,Standard,2024-08-29,2024-08-28,8.5,NONE,
O000582,2024-07-31,2024-08-06,C0539,R01,Completed,Card,Standard,2024-08-06,2024-08-06,8.5,NONE,
O000583,2024-03-01,2024-03-07,C0373,R05,Completed,Bank Transfer,Standard,2024-03-07,2024-03-07,8.5,NONE,
O000584,2024-04-17,2024-04-25,C0236,R04,Completed,Digital Wallet,Standard,2024-04-23,2024-04-25,20,NONE,
O000585,2024-11-21,2024-11-27,C0536,R03,Completed,Card,Standard,2024-11-27,2024-11-27,8.5,HOLIDAY,
O000586,2025-01-25,2025-01-30,C0278,R02,Completed,Digital Wallet,Standard,2025-01-31,2025-01-30,10,NONE,
O000587,2025-09-13,2025-09-19,C0546,R06,Completed,Card,Standard,2025-09-19,2025-09-19,8.5,SPRING,
O000588,2025-03-23,2025-03-30,C0701,R03,Completed,Digital Wallet,Standard,2025-03-29,2025-03-30,13.5,NONE,
O000589,2025-05-25,2025-05-30,C0364,R03,Completed,Card,Standard,2025-05-31,2025-05-30,8.5,NONE,
O000590,2024-02-18,2024-02-23,C0044,R06,Returned,Card,Standard,2024-02-24,2024-02-23,15,NONE,
O000591,2024-12-14,2024-12-20,C0348,R05,Completed,Digital Wallet,Standard,2024-12-20,2024-12-20,10,HOLIDAY,
O000592,2024-05-12,2024-05-17,C0069,R05,Completed,Card,Standard,2024-05-18,2024-05-17,13.5,SPRING,
O000593,2025-03-29,2025-04-04,C0181,R01,Completed,Digital Wallet,Standard,2025-04-04,2025-04-04,8.5,NONE,
O000594,2024-04-15,2024-04-21,C0076,R02,Completed,Digital Wallet,Standard,2024-04-21,2024-04-21,11.5,NONE,
O000595,2025-09-11,,C0161,R08,Cancelled,Bank Transfer,Express,,,15.5,NONE,Inventory unavailable
O000596,2024-06-24,2024-06-28,C0489,R04,Returned,Card,Express,2024-06-27,2024-06-28,19,NONE,
O000597,2025-09-26,2025-09-29,C0687,R05,Completed,Buy Now Pay Later,Express,2025-09-29,2025-09-29,18.5,NONE,
O000598,2025-06-26,2025-07-02,C0128,R04,Completed,Card,Standard,2025-07-02,2025-07-02,8.5,NONE,
O000599,2024-01-24,2024-01-30,C0391,R01,Completed,Card,Standard,2024-01-30,2024-01-30,8.5,NONE,
O000600,2025-05-10,2025-05-16,C0270,R03,Completed,Card,Standard,2025-05-16,2025-05-16,12,SPRING,
O000601,2025-09-07,2025-09-17,C0067,R04,Completed,Buy Now Pay Later,Standard,2025-09-13,2025-09-17,10,NONE,
O000602,2025-12-25,2025-12-30,C0342,R02,Completed,Card,Express,2025-12-28,2025-12-30,22,HOLIDAY,
O000603,2024-05-24,2024-05-30,C0466,R03,Completed,Digital Wallet,Standard,2024-05-30,2024-05-30,8.5,NONE,
O000604,2024-08-22,2024-08-27,C0010,R03,Completed,Card,Standard,2024-08-28,2024-08-27,8.5,BACK2WORK,
O000605,2024-08-06,2024-08-12,C0425,R07,Completed,Digital Wallet,Standard,2024-08-12,2024-08-12,16.5,NONE,
O000606,2025-03-29,2025-04-03,C0580,R04,Completed,Bank Transfer,Standard,2025-04-04,2025-04-03,8.5,NONE,
O000607,2024-01-11,2024-01-16,C0385,R05,Completed,Digital Wallet,Standard,2024-01-17,2024-01-16,8.5,NONE,
O000608,2025-11-26,2025-12-01,C0455,R06,Completed,Buy Now Pay Later,Standard,2025-12-02,2025-12-01,8.5,HOLIDAY,
O000609,2025-03-01,2025-03-03,C0687,R05,Completed,Card,Express,2025-03-04,2025-03-03,15.5,NONE,
O000610,2025-06-11,2025-06-17,C0431,R03,Completed,Bank Transfer,Standard,2025-06-17,2025-06-17,10,NONE,
O000611,2024-06-20,2024-06-26,C0207,R01,Completed,Buy Now Pay Later,Standard,2024-06-26,2024-06-26,10,NONE,
O000612,2025-10-02,2025-10-08,C0107,R08,Completed,Card,Standard,2025-10-08,2025-10-08,10,NONE,
O000613,2024-08-08,2024-08-14,C0412,R04,Completed,Buy Now Pay Later,Standard,2024-08-14,2024-08-14,11.5,NONE,
O000614,2025-10-08,,C0617,R03,Cancelled,Digital Wallet,Standard,,,12,SPRING,Inventory unavailable
O000615,2025-12-03,2025-12-09,C0396,R03,Completed,Digital Wallet,Standard,2025-12-09,2025-12-09,15,HOLIDAY,
O000616,2024-01-12,2024-01-22,C0611,R01,Completed,Digital Wallet,Standard,2024-01-18,2024-01-22,8.5,NONE,
O000617,2024-09-07,2024-09-13,C0316,R06,Completed,Digital Wallet,Standard,2024-09-13,2024-09-13,13,BACK2WORK,
O000618,2024-06-22,2024-06-24,C0636,R01,Completed,Card,Express,2024-06-25,2024-06-24,20.5,NONE,
O000619,2024-10-29,2024-11-07,C0546,R06,Completed,Card,Standard,2024-11-04,2024-11-07,8.5,NONE,
O000620,2024-08-15,2024-08-21,C0381,R02,Completed,Digital Wallet,Standard,2024-08-21,2024-08-21,8.5,NONE,
O000621,2025-03-18,2025-03-24,C0319,R04,Completed,Buy Now Pay Later,Standard,2025-03-24,2025-03-24,15,SUMMER,
O000622,2024-12-22,2024-12-28,C0471,R06,Completed,Bank Transfer,Standard,2024-12-28,2024-12-28,13.5,HOLIDAY,
O000623,2025-09-02,2025-09-10,C0391,R01,Completed,Card,Standard,2025-09-08,2025-09-10,20,NONE,
O000624,2024-11-04,2024-11-12,C0117,R03,Completed,Card,Standard,2024-11-10,2024-11-12,13.5,HOLIDAY,
O000625,2024-07-12,2024-07-15,C0503,R01,Completed,Card,Express,2024-07-15,2024-07-15,15.5,NONE,
O000626,2025-11-18,2025-11-23,C0606,R04,Completed,Buy Now Pay Later,Standard,2025-11-24,2025-11-23,10,HOLIDAY,
O000627,2025-07-16,2025-07-22,C0623,R08,Completed,Bank Transfer,Standard,2025-07-22,2025-07-22,10,NONE,
O000628,2025-06-20,,C0342,R02,Cancelled,Card,Standard,,,8.5,NONE,Payment failure
O000629,2024-10-02,2024-10-08,C0590,R06,Completed,Digital Wallet,Standard,2024-10-08,2024-10-08,15,NONE,
O000630,2024-02-20,2024-02-25,C0159,R04,Completed,Digital Wallet,Standard,2024-02-26,2024-02-25,10,NONE,
O000631,2024-08-04,2024-08-10,C0494,R03,Completed,Card,Standard,2024-08-10,2024-08-10,10,SUMMER,
O000632,2025-11-13,2025-11-20,C0588,R01,Completed,Digital Wallet,Express,2025-11-16,2025-11-20,22,HOLIDAY,
O000633,2025-04-22,2025-04-28,C0180,R04,Completed,Buy Now Pay Later,Standard,2025-04-28,2025-04-28,8.5,BACK2WORK,
O000634,2025-05-09,2025-05-15,C0666,R04,Completed,Card,Standard,2025-05-15,2025-05-15,8.5,NONE,
O000635,2025-12-14,2025-12-19,C0489,R04,Completed,Card,Standard,2025-12-20,2025-12-19,8.5,HOLIDAY,
O000636,2024-11-18,2024-11-23,C0432,R01,Completed,Card,Standard,2024-11-24,2024-11-23,12,HOLIDAY,
O000637,2025-04-17,2025-04-22,C0147,R08,Completed,Digital Wallet,Standard,2025-04-23,2025-04-22,13.5,SPRING,
O000638,2024-03-15,2024-03-20,C0348,R05,Completed,Card,Standard,2024-03-21,2024-03-20,10,NONE,
O000639,2024-08-14,,C0534,R01,Cancelled,Buy Now Pay Later,Standard,,,10,NONE,Payment failure
O000640,2024-02-10,2024-02-12,C0571,R06,Completed,Card,Express,2024-02-13,2024-02-12,20.5,NONE,
O000641,2024-06-08,2024-06-11,C0548,R03,Completed,Digital Wallet,Express,2024-06-11,2024-06-11,19,NONE,
O000642,2025-11-05,2025-11-11,C0498,R04,Completed,Card,Standard,2025-11-11,2025-11-11,11.5,HOLIDAY,
O000643,2024-03-01,2024-03-04,C0174,R08,Completed,Buy Now Pay Later,Express,2024-03-04,2024-03-04,17,NONE,
O000644,2024-05-19,2024-05-25,C0403,R08,Completed,Card,Express,2024-05-22,2024-05-25,22,NONE,
O000645,2025-08-25,2025-08-30,C0440,R07,Returned,Digital Wallet,Standard,2025-08-31,2025-08-30,13.5,NONE,
O000646,2025-05-02,2025-05-08,C0509,R03,Completed,Card,Standard,2025-05-08,2025-05-08,8.5,NONE,
O000647,2025-07-03,2025-07-09,C0405,R06,Completed,Buy Now Pay Later,Standard,2025-07-09,2025-07-09,13.5,SUMMER,
O000648,2024-11-29,2024-12-02,C0551,R01,Completed,Buy Now Pay Later,Express,2024-12-02,2024-12-02,15.5,HOLIDAY,
O000649,2025-12-02,2025-12-08,C0118,R03,Completed,Digital Wallet,Standard,2025-12-08,2025-12-08,8.5,HOLIDAY,
O000650,2025-08-26,2025-08-31,C0483,R06,Completed,Card,Standard,2025-09-01,2025-08-31,11.5,NONE,
O000651,2024-03-22,2024-03-28,C0383,R03,Returned,Card,Standard,2024-03-28,2024-03-28,12,NONE,
O000652,2025-04-11,2025-04-17,C0052,R04,Completed,Card,Standard,2025-04-17,2025-04-17,8.5,NONE,
O000653,2025-02-02,2025-02-08,C0213,R03,Completed,Buy Now Pay Later,Standard,2025-02-08,2025-02-08,8.5,SPRING,
O000654,2025-01-10,2025-01-16,C0705,R01,Completed,Bank Transfer,Standard,2025-01-16,2025-01-16,8.5,NONE,
O000655,2024-08-27,2024-09-02,C0228,R01,Completed,Digital Wallet,Express,2024-08-30,2024-09-02,15.5,NONE,
O000656,2025-03-22,2025-03-29,C0238,R04,Completed,Digital Wallet,Standard,2025-03-28,2025-03-29,8.5,NONE,
O000657,2024-04-04,2024-04-06,C0534,R01,Completed,Card,Express,2024-04-07,2024-04-06,17,NONE,
O000658,2025-04-27,2025-05-07,C0330,R03,Completed,Card,Standard,2025-05-03,2025-05-07,10,NONE,
O000659,2025-05-13,2025-05-23,C0453,R07,Completed,Card,Standard,2025-05-19,2025-05-23,10,NONE,
O000660,2025-02-15,2025-02-21,C0625,R02,Completed,Card,Standard,2025-02-21,2025-02-21,12,SPRING,
O000661,2024-05-23,2024-05-29,C0450,R04,Returned,Card,Standard,2024-05-29,2024-05-29,11.5,NONE,
O000662,2024-03-03,2024-03-06,C0519,R03,Completed,Card,Express,2024-03-06,2024-03-06,15.5,SUMMER,
O000663,2025-04-16,2025-04-21,C0358,R05,Completed,Buy Now Pay Later,Standard,2025-04-22,2025-04-21,13.5,SPRING,
O000664,2024-03-06,2024-03-08,C0210,R03,Completed,Bank Transfer,Express,2024-03-09,2024-03-08,15.5,NONE,
O000665,2025-11-19,2025-11-24,C0676,R03,Completed,Card,Standard,2025-11-25,2025-11-24,8.5,HOLIDAY,
O000666,2025-01-21,2025-01-26,C0081,R05,Completed,Card,Standard,2025-01-27,2025-01-26,10,SPRING,
O000667,2024-03-26,2024-03-31,C0552,R08,Completed,Card,Standard,2024-04-01,2024-03-31,8.5,NONE,
O000668,2024-05-12,2024-05-18,C0348,R05,Completed,Card,Standard,2024-05-18,2024-05-18,8.5,SUMMER,
O000669,2025-09-13,2025-09-16,C0033,R02,Completed,Buy Now Pay Later,Express,2025-09-16,2025-09-16,20.5,NONE,
O000670,2025-06-05,2025-06-12,C0373,R05,Completed,Buy Now Pay Later,Standard,2025-06-11,2025-06-12,16.5,SUMMER,
O000671,2024-01-05,2024-01-11,C0273,R02,Returned,Bank Transfer,Standard,2024-01-11,2024-01-11,10,NONE,
O000672,2025-06-05,2025-06-11,C0033,R02,Completed,Digital Wallet,Standard,2025-06-11,2025-06-11,12,NONE,
O000673,2024-07-26,2024-08-01,C0707,R06,Completed,Digital Wallet,Standard,2024-08-01,2024-08-01,10,SUMMER,
O000674,2024-02-14,2024-02-20,C0624,R05,Completed,Card,Standard,2024-02-20,2024-02-20,8.5,SPRING,
O000675,2024-12-15,2024-12-21,C0241,R05,Completed,Card,Standard,2024-12-21,2024-12-21,12,HOLIDAY,
O000676,2025-05-10,2025-05-15,C0456,R03,Completed,Digital Wallet,Standard,2025-05-16,2025-05-15,10,NONE,
O000677,2025-12-24,2025-12-29,C0135,R03,Completed,Bank Transfer,Express,2025-12-27,2025-12-29,15.5,HOLIDAY,
O000678,2025-07-20,2025-07-22,C0289,R03,Completed,Bank Transfer,Express,2025-07-23,2025-07-22,22,SPRING,
O000679,2024-09-10,2024-09-13,C0300,R03,Completed,Bank Transfer,Express,2024-09-13,2024-09-13,15.5,NONE,
O000680,2024-07-23,2024-07-29,C0116,R08,Completed,Bank Transfer,Standard,2024-07-29,2024-07-29,10,NONE,
O000681,2025-06-17,2025-06-23,C0316,R06,Completed,Bank Transfer,Standard,2025-06-23,2025-06-23,10,NONE,
O000682,2025-05-13,2025-05-18,C0343,R02,Completed,Card,Standard,2025-05-19,2025-05-18,10,SUMMER,
O000683,2024-11-27,2024-12-02,C0152,R06,Completed,Card,Standard,2024-12-03,2024-12-02,15,HOLIDAY,
O000684,2024-06-20,2024-06-23,C0298,R06,Completed,Card,Express,2024-06-23,2024-06-23,22,NONE,
O000685,2025-07-11,2025-07-16,C0149,R08,Completed,Bank Transfer,Standard,2025-07-17,2025-07-16,11.5,NONE,
O000686,2024-08-26,2024-09-01,C0591,R02,Completed,Bank Transfer,Standard,2024-09-01,2024-09-01,10,NONE,
O000687,2025-12-22,2025-12-28,C0081,R05,Completed,Bank Transfer,Standard,2025-12-28,2025-12-28,10,HOLIDAY,
O000688,2024-10-10,2024-10-12,C0557,R05,Completed,Bank Transfer,Express,2024-10-13,2024-10-12,15.5,NONE,
O000689,2025-04-07,2025-04-13,C0220,R06,Completed,Digital Wallet,Standard,2025-04-13,2025-04-13,11.5,NONE,
O000690,2024-05-14,2024-05-20,C0546,R06,Completed,Buy Now Pay Later,Standard,2024-05-20,2024-05-20,8.5,NONE,
O000691,2025-04-11,2025-04-13,C0666,R04,Completed,Card,Express,2025-04-14,2025-04-13,18.5,NONE,
O000692,2025-12-05,2025-12-11,C0637,R04,Completed,Card,Standard,2025-12-11,2025-12-11,8.5,HOLIDAY,
O000693,2024-11-04,2024-11-07,C0405,R06,Completed,Card,Express,2024-11-07,2024-11-07,25.5,HOLIDAY,
O000694,2024-05-06,2024-05-11,C0119,R01,Completed,Card,Standard,2024-05-12,2024-05-11,11.5,NONE,
O000695,2025-03-16,2025-03-22,C0684,R08,Completed,Card,Express,2025-03-19,2025-03-22,24,NONE,
O000696,2024-05-31,2024-06-07,C0037,R03,Completed,Digital Wallet,Express,2024-06-03,2024-06-07,20.5,NONE,
O000697,2024-03-05,2024-03-10,C0638,R03,Completed,Bank Transfer,Standard,2024-03-11,2024-03-10,10,NONE,
O000698,2024-08-13,2024-08-16,C0306,R05,Returned,Bank Transfer,Express,2024-08-16,2024-08-16,15.5,NONE,
O000699,2025-10-25,2025-10-28,C0050,R06,Completed,Card,Express,2025-10-28,2025-10-28,19,NONE,
O000700,2024-07-26,,C0194,R08,Cancelled,Card,Standard,,,12,NONE,Inventory unavailable
O000701,2024-07-16,2024-07-21,C0226,R02,Completed,Card,Standard,2024-07-22,2024-07-21,10,BACK2WORK,
O000702,2024-10-07,2024-10-12,C0396,R03,Completed,Card,Standard,2024-10-13,2024-10-12,10,NONE,
O000703,2025-06-26,2025-07-06,C0012,R06,Completed,Buy Now Pay Later,Standard,2025-07-02,2025-07-06,16.5,NONE,
O000704,2025-08-18,2025-08-20,C0526,R02,Completed,Card,Express,2025-08-21,2025-08-20,19,NONE,
O000705,2025-02-19,2025-02-24,C0327,R04,Completed,Card,Standard,2025-02-25,2025-02-24,10,BACK2WORK,
O000706,2024-05-05,,C0490,R06,Cancelled,Digital Wallet,Standard,,,8.5,BACK2WORK,Customer changed mind
O000707,2024-10-28,2024-11-03,C0637,R04,Completed,Bank Transfer,Standard,2024-11-03,2024-11-03,8.5,NONE,
O000708,2024-07-18,2024-07-24,C0590,R06,Returned,Card,Standard,2024-07-24,2024-07-24,12,NONE,
O000709,2025-03-07,2025-03-13,C0526,R02,Completed,Digital Wallet,Standard,2025-03-13,2025-03-13,8.5,NONE,
O000710,2024-10-08,2024-10-11,C0552,R08,Completed,Digital Wallet,Express,2024-10-11,2024-10-11,17,NONE,
O000711,2025-10-02,2025-10-07,C0431,R03,Completed,Card,Standard,2025-10-08,2025-10-07,8.5,NONE,
O000712,2025-07-03,2025-07-11,C0460,R03,Completed,Card,Standard,2025-07-09,2025-07-11,11.5,NONE,
O000713,2024-11-22,2024-11-27,C0536,R03,Completed,Digital Wallet,Standard,2024-11-28,2024-11-27,8.5,HOLIDAY,
O000714,2025-09-10,2025-09-16,C0212,R01,Completed,Digital Wallet,Standard,2025-09-16,2025-09-16,8.5,NONE,
O000715,2024-01-09,2024-01-14,C0454,R05,Completed,Card,Standard,2024-01-15,2024-01-14,10,NONE,
O000716,2024-04-24,2024-04-30,C0087,R02,Completed,Bank Transfer,Standard,2024-04-30,2024-04-30,11.5,SPRING,
O000717,2025-09-25,2025-10-01,C0551,R01,Completed,Bank Transfer,Standard,2025-10-01,2025-10-01,8.5,NONE,
O000718,2024-12-06,2024-12-11,C0382,R01,Completed,Card,Standard,2024-12-12,2024-12-11,8.5,HOLIDAY,
O000719,2025-04-23,2025-04-29,C0538,R04,Completed,Card,Standard,2025-04-29,2025-04-29,13.5,NONE,
O000720,2025-02-19,2025-02-25,C0062,R02,Completed,Card,Standard,2025-02-25,2025-02-25,10,NONE,
O000721,2025-04-08,2025-04-13,C0347,R07,Completed,Digital Wallet,Standard,2025-04-14,2025-04-13,10,NONE,
O000722,2024-06-29,2024-07-02,C0088,R01,Completed,Buy Now Pay Later,Express,2024-07-02,2024-07-02,15.5,NONE,
O000723,2024-07-19,2024-07-25,C0527,R02,Completed,Card,Standard,2024-07-25,2024-07-25,15,NONE,
O000724,2024-03-26,2024-03-31,C0399,R06,Completed,Card,Standard,2024-04-01,2024-03-31,8.5,SUMMER,
O000725,2025-12-05,2025-12-10,C0497,R02,Completed,Bank Transfer,Standard,2025-12-11,2025-12-10,8.5,HOLIDAY,
O000726,2025-04-26,2025-05-05,C0031,R07,Completed,Card,Standard,2025-05-02,2025-05-05,12,NONE,
O000727,2024-11-07,2024-11-09,C0145,R02,Completed,Card,Express,2024-11-10,2024-11-09,15.5,HOLIDAY,
O000728,2025-01-19,2025-01-27,C0669,R07,Completed,Card,Standard,2025-01-25,2025-01-27,8.5,NONE,
O000729,2024-02-12,2024-02-15,C0498,R04,Returned,Buy Now Pay Later,Express,2024-02-15,2024-02-15,15.5,NONE,
O000730,2024-04-14,2024-04-20,C0256,R05,Completed,Card,Standard,2024-04-20,2024-04-20,8.5,NONE,
O000731,2025-08-26,2025-08-31,C0125,R07,Completed,Card,Standard,2025-09-01,2025-08-31,15,BACK2WORK,
O000732,2025-08-26,2025-09-04,C0012,R06,Completed,Digital Wallet,Standard,2025-09-01,2025-09-04,11.5,NONE,
O000733,2024-11-09,2024-11-14,C0253,R03,Completed,Card,Standard,2024-11-15,2024-11-14,8.5,HOLIDAY,
O000734,2025-03-11,2025-03-16,C0332,R06,Completed,Bank Transfer,Standard,2025-03-17,2025-03-16,15,NONE,
O000735,2025-01-07,2025-01-12,C0409,R06,Completed,Digital Wallet,Standard,2025-01-13,2025-01-12,8.5,NONE,
O000736,2025-06-25,2025-06-30,C0212,R01,Completed,Card,Standard,2025-07-01,2025-06-30,10,SUMMER,
O000737,2025-07-07,2025-07-13,C0586,R05,Completed,Digital Wallet,Standard,2025-07-13,2025-07-13,10,NONE,
O000738,2024-11-03,2024-11-09,C0201,R02,Completed,Bank Transfer,Standard,2024-11-09,2024-11-09,8.5,HOLIDAY,
O000739,2024-03-13,2024-03-18,C0571,R06,Completed,Card,Standard,2024-03-19,2024-03-18,11.5,SPRING,
O000740,2025-06-24,2025-06-30,C0316,R06,Completed,Digital Wallet,Standard,2025-06-30,2025-06-30,12,NONE,
O000741,2024-05-04,2024-05-09,C0411,R01,Completed,Buy Now Pay Later,Standard,2024-05-10,2024-05-09,11.5,NONE,
O000742,2025-11-24,,C0371,R04,Cancelled,Bank Transfer,Standard,,,8.5,HOLIDAY,Address issue
O000743,2025-10-01,2025-10-04,C0509,R03,Returned,Card,Express,2025-10-04,2025-10-04,20.5,NONE,
O000744,2025-06-13,2025-06-18,C0007,R04,Completed,Card,Standard,2025-06-19,2025-06-18,10,NONE,
O000745,2024-05-09,2024-05-16,C0320,R03,Completed,Digital Wallet,Standard,2024-05-15,2024-05-16,12,NONE,
O000746,2024-09-14,2024-09-19,C0617,R03,Completed,Card,Standard,2024-09-20,2024-09-19,8.5,NONE,
O000747,2025-02-19,2025-02-24,C0563,R02,Completed,Bank Transfer,Standard,2025-02-25,2025-02-24,8.5,NONE,
O000748,2025-04-08,2025-04-16,C0031,R07,Completed,Digital Wallet,Standard,2025-04-14,2025-04-16,13,NONE,
O000749,2025-01-30,2025-02-01,C0340,R04,Completed,Card,Express,2025-02-02,2025-02-01,15.5,NONE,
O000750,2024-09-26,2024-10-01,C0234,R08,Completed,Buy Now Pay Later,Standard,2024-10-02,2024-10-01,10,NONE,
O000751,2024-11-24,2024-11-26,C0423,R04,Completed,Buy Now Pay Later,Express,2024-11-27,2024-11-26,18.5,HOLIDAY,
O000752,2024-03-27,2024-04-01,C0645,R03,Completed,Digital Wallet,Standard,2024-04-02,2024-04-01,8.5,NONE,
O000753,2025-01-24,2025-01-30,C0155,R06,Completed,Card,Standard,2025-01-30,2025-01-30,16.5,NONE,
O000754,2025-12-29,2026-01-04,C0375,R04,Completed,Bank Transfer,Standard,2026-01-04,2026-01-04,13.5,HOLIDAY,
O000755,2024-09-26,2024-10-02,C0652,R06,Returned,Card,Standard,2024-10-02,2024-10-02,16.5,NONE,
O000756,2025-08-08,2025-08-14,C0088,R01,Completed,Bank Transfer,Standard,2025-08-14,2025-08-14,13.5,NONE,
O000757,2024-03-30,2024-04-04,C0157,R08,Completed,Card,Standard,2024-04-05,2024-04-04,8.5,BACK2WORK,
O000758,2025-08-31,2025-09-05,C0532,R07,Completed,Bank Transfer,Standard,2025-09-06,2025-09-05,15,NONE,
O000759,2025-01-01,2025-01-06,C0381,R02,Returned,Card,Standard,2025-01-07,2025-01-06,18.5,NONE,
O000760,2024-12-16,2024-12-21,C0615,R06,Completed,Digital Wallet,Standard,2024-12-22,2024-12-21,17,HOLIDAY,
O000761,2024-09-20,2024-09-29,C0207,R01,Completed,Digital Wallet,Standard,2024-09-26,2024-09-29,12,SPRING,
O000762,2025-10-06,2025-10-11,C0333,R05,Completed,Buy Now Pay Later,Standard,2025-10-12,2025-10-11,10,NONE,
O000763,2025-11-17,2025-11-23,C0583,R07,Completed,Digital Wallet,Standard,2025-11-23,2025-11-23,15,HOLIDAY,
O000764,2024-01-29,2024-02-03,C0687,R05,Completed,Card,Standard,2024-02-04,2024-02-03,8.5,NONE,
O000765,2025-01-03,2025-01-05,C0273,R02,Completed,Digital Wallet,Express,2025-01-06,2025-01-05,20.5,NONE,
O000766,2025-08-02,2025-08-07,C0591,R02,Returned,Card,Standard,2025-08-08,2025-08-07,12,NONE,
O000767,2025-08-10,2025-08-15,C0373,R05,Completed,Bank Transfer,Standard,2025-08-16,2025-08-15,8.5,NONE,
O000768,2025-06-23,2025-06-29,C0509,R03,Completed,Card,Standard,2025-06-29,2025-06-29,13.5,NONE,
O000769,2024-11-15,2024-11-17,C0462,R04,Completed,Bank Transfer,Express,2024-11-18,2024-11-17,19,HOLIDAY,
O000770,2025-07-23,2025-07-30,C0297,R06,Completed,Digital Wallet,Express,2025-07-26,2025-07-30,19,BACK2WORK,
O000771,2025-08-08,2025-08-13,C0340,R04,Completed,Card,Standard,2025-08-14,2025-08-13,12,NONE,
O000772,2025-11-28,2025-12-04,C0005,R02,Completed,Card,Standard,2025-12-04,2025-12-04,15,HOLIDAY,
O000773,2025-09-25,2025-10-02,C0460,R03,Completed,Card,Standard,2025-10-01,2025-10-02,13.5,BACK2WORK,
O000774,2025-02-27,2025-03-05,C0236,R04,Completed,Card,Standard,2025-03-05,2025-03-05,18.5,NONE,
O000775,2025-02-09,2025-02-15,C0390,R04,Completed,Card,Standard,2025-02-15,2025-02-15,8.5,NONE,
O000776,2025-04-18,2025-04-23,C0610,R02,Completed,Card,Standard,2025-04-24,2025-04-23,8.5,SUMMER,
O000777,2025-12-01,2025-12-06,C0571,R06,Completed,Digital Wallet,Standard,2025-12-07,2025-12-06,15,HOLIDAY,
O000778,2025-05-29,2025-06-04,C0522,R08,Completed,Card,Standard,2025-06-04,2025-06-04,8.5,SUMMER,
O000779,2025-07-16,2025-07-22,C0159,R04,Completed,Digital Wallet,Standard,2025-07-22,2025-07-22,11.5,NONE,
O000780,2025-02-15,2025-02-22,C0161,R08,Completed,Bank Transfer,Express,2025-02-18,2025-02-22,19,NONE,
O000781,2024-02-02,2024-02-09,C0201,R02,Completed,Buy Now Pay Later,Standard,2024-02-08,2024-02-09,13.5,NONE,
O000782,2024-12-28,2025-01-04,C0067,R04,Completed,Card,Standard,2025-01-03,2025-01-04,15,HOLIDAY,
O000783,2025-03-14,2025-03-20,C0302,R05,Completed,Card,Standard,2025-03-20,2025-03-20,10,NONE,
O000784,2025-08-06,2025-08-12,C0251,R07,Completed,Buy Now Pay Later,Standard,2025-08-12,2025-08-12,13,SPRING,
O000785,2024-08-31,2024-09-09,C0047,R03,Completed,Digital Wallet,Standard,2024-09-06,2024-09-09,11.5,NONE,
O000786,2024-10-26,2024-11-01,C0557,R05,Completed,Buy Now Pay Later,Standard,2024-11-01,2024-11-01,13,NONE,
O000787,2025-03-23,2025-03-25,C0552,R08,Completed,Digital Wallet,Express,2025-03-26,2025-03-25,27,NONE,
O000788,2024-07-28,2024-08-05,C0124,R03,Completed,Bank Transfer,Standard,2024-08-03,2024-08-05,13.5,NONE,
O000789,2024-04-23,2024-04-30,C0161,R08,Completed,Card,Standard,2024-04-29,2024-04-30,10,BACK2WORK,
O000790,2025-12-27,2025-12-29,C0460,R03,Completed,Digital Wallet,Express,2025-12-30,2025-12-29,23.5,HOLIDAY,
O000791,2024-04-02,2024-04-04,C0637,R04,Completed,Bank Transfer,Express,2024-04-05,2024-04-04,19,NONE,
O000792,2025-05-20,2025-05-26,C0052,R04,Completed,Card,Standard,2025-05-26,2025-05-26,11.5,NONE,
O000793,2024-01-30,2024-02-05,C0207,R01,Completed,Card,Standard,2024-02-05,2024-02-05,8.5,NONE,
O000794,2024-10-27,,C0405,R06,Cancelled,Card,Express,,,23.5,NONE,Payment failure
O000795,2024-04-27,2024-05-03,C0173,R02,Completed,Bank Transfer,Standard,2024-05-03,2024-05-03,8.5,NONE,
O000796,2025-02-10,2025-02-16,C0044,R06,Completed,Card,Standard,2025-02-16,2025-02-16,15,NONE,
O000797,2024-12-03,2024-12-09,C0598,R06,Completed,Card,Standard,2024-12-09,2024-12-09,11.5,HOLIDAY,
O000798,2025-12-06,2025-12-11,C0476,R05,Completed,Buy Now Pay Later,Standard,2025-12-12,2025-12-11,8.5,HOLIDAY,
O000799,2025-11-21,2025-11-27,C0381,R02,Completed,Digital Wallet,Standard,2025-11-27,2025-11-27,18.5,HOLIDAY,
O000800,2025-08-12,2025-08-17,C0226,R02,Completed,Bank Transfer,Standard,2025-08-18,2025-08-17,18.5,NONE,
O000801,2024-05-23,2024-05-28,C0645,R03,Completed,Buy Now Pay Later,Standard,2024-05-29,2024-05-28,16.5,NONE,
O000802,2024-12-20,2024-12-25,C0707,R06,Completed,Bank Transfer,Standard,2024-12-26,2024-12-25,8.5,HOLIDAY,
O000803,2024-09-01,2024-09-07,C0081,R05,Completed,Digital Wallet,Standard,2024-09-07,2024-09-07,15,SUMMER,
O000804,2025-03-11,2025-03-16,C0253,R03,Completed,Card,Standard,2025-03-17,2025-03-16,8.5,NONE,
O000805,2025-04-08,2025-04-13,C0431,R03,Completed,Digital Wallet,Standard,2025-04-14,2025-04-13,8.5,NONE,
O000806,2024-02-28,,C0552,R08,Cancelled,Buy Now Pay Later,Standard,,,15,NONE,Payment failure
O000807,2025-05-02,2025-05-07,C0566,R04,Completed,Buy Now Pay Later,Standard,2025-05-08,2025-05-07,12,NONE,
O000808,2024-09-24,2024-09-29,C0330,R03,Completed,Card,Standard,2024-09-30,2024-09-29,11.5,NONE,
O000809,2024-11-24,2024-11-26,C0405,R06,Completed,Card,Express,2024-11-27,2024-11-26,15.5,HOLIDAY,
O000810,2025-04-05,2025-04-13,C0425,R07,Completed,Card,Standard,2025-04-11,2025-04-13,8.5,NONE,
O000811,2025-08-09,2025-08-18,C0079,R02,Completed,Card,Standard,2025-08-15,2025-08-18,8.5,NONE,
O000812,2024-10-14,2024-10-16,C0178,R01,Completed,Buy Now Pay Later,Express,2024-10-17,2024-10-16,27,BACK2WORK,
O000813,2024-12-23,2024-12-28,C0713,R07,Completed,Card,Standard,2024-12-29,2024-12-28,10,HOLIDAY,
O000814,2025-10-17,2025-10-23,C0707,R06,Completed,Card,Standard,2025-10-23,2025-10-23,8.5,NONE,
O000815,2024-03-08,2024-03-13,C0216,R08,Completed,Buy Now Pay Later,Standard,2024-03-14,2024-03-13,10,SUMMER,
O000816,2024-09-12,2024-09-14,C0655,R04,Completed,Card,Express,2024-09-15,2024-09-14,18.5,NONE,
O000817,2025-09-01,2025-09-07,C0052,R04,Completed,Digital Wallet,Standard,2025-09-07,2025-09-07,16.5,SPRING,
O000818,2025-05-23,2025-05-26,C0201,R02,Completed,Card,Express,2025-05-26,2025-05-26,20.5,NONE,
O000819,2024-08-23,,C0522,R08,Cancelled,Card,Standard,,,13.5,SUMMER,Inventory unavailable
O000820,2025-02-15,2025-02-21,C0530,R01,Completed,Buy Now Pay Later,Standard,2025-02-21,2025-02-21,8.5,NONE,
O000821,2025-05-04,2025-05-10,C0035,R06,Completed,Bank Transfer,Standard,2025-05-10,2025-05-10,13.5,SPRING,
O000822,2024-07-16,2024-07-21,C0551,R01,Completed,Card,Standard,2024-07-22,2024-07-21,10,NONE,
O000823,2024-12-08,2024-12-13,C0512,R05,Completed,Bank Transfer,Standard,2024-12-14,2024-12-13,13.5,HOLIDAY,
O000824,2025-05-03,2025-05-13,C0031,R07,Completed,Card,Standard,2025-05-09,2025-05-13,11.5,SUMMER,
O000825,2024-09-05,2024-09-12,C0536,R03,Completed,Bank Transfer,Standard,2024-09-11,2024-09-12,10,SPRING,
O000826,2025-10-25,2025-10-30,C0212,R01,Completed,Buy Now Pay Later,Standard,2025-10-31,2025-10-30,8.5,NONE,
O000827,2025-05-25,2025-05-31,C0201,R02,Completed,Card,Standard,2025-05-31,2025-05-31,8.5,NONE,
O000828,2025-09-02,2025-09-07,C0667,R05,Completed,Buy Now Pay Later,Standard,2025-09-08,2025-09-07,10,NONE,
O000829,2024-07-20,2024-07-23,C0614,R04,Completed,Digital Wallet,Express,2024-07-23,2024-07-23,19,NONE,
O000830,2025-11-28,2025-12-03,C0693,R07,Returned,Card,Standard,2025-12-04,2025-12-03,13.5,HOLIDAY,
O000831,2024-06-05,2024-06-14,C0333,R05,Completed,Card,Standard,2024-06-11,2024-06-14,13.5,NONE,
O000832,2025-02-05,2025-02-13,C0563,R02,Completed,Buy Now Pay Later,Standard,2025-02-11,2025-02-13,8.5,NONE,
O000833,2024-11-16,2024-11-22,C0128,R04,Completed,Digital Wallet,Standard,2024-11-22,2024-11-22,10,HOLIDAY,
O000834,2024-11-08,2024-11-14,C0442,R07,Completed,Bank Transfer,Standard,2024-11-14,2024-11-14,8.5,HOLIDAY,
O000835,2024-08-04,2024-08-09,C0517,R06,Completed,Card,Standard,2024-08-10,2024-08-09,10,NONE,
O000836,2025-02-25,2025-03-02,C0548,R03,Completed,Digital Wallet,Standard,2025-03-03,2025-03-02,13.5,SPRING,
O000837,2025-06-02,2025-06-08,C0220,R06,Completed,Bank Transfer,Standard,2025-06-08,2025-06-08,8.5,NONE,
O000838,2025-06-05,2025-06-11,C0546,R06,Completed,Digital Wallet,Standard,2025-06-11,2025-06-11,8.5,NONE,
O000839,2025-10-24,2025-10-30,C0235,R06,Completed,Digital Wallet,Standard,2025-10-30,2025-10-30,10,BACK2WORK,
O000840,2025-12-18,2025-12-28,C0273,R02,Completed,Card,Standard,2025-12-24,2025-12-28,8.5,HOLIDAY,
O000841,2024-01-12,2024-01-17,C0409,R06,Completed,Card,Standard,2024-01-18,2024-01-17,10,NONE,
O000842,2024-08-24,2024-08-30,C0388,R03,Completed,Card,Standard,2024-08-30,2024-08-30,8.5,NONE,
O000843,2024-01-20,2024-01-26,C0105,R02,Completed,Digital Wallet,Standard,2024-01-26,2024-01-26,15,NONE,
O000844,2025-08-05,2025-08-14,C0637,R04,Completed,Digital Wallet,Standard,2025-08-11,2025-08-14,13.5,NONE,
O000845,2024-07-15,2024-07-22,C0001,R05,Completed,Digital Wallet,Standard,2024-07-21,2024-07-22,18.5,NONE,
O000846,2025-09-09,2025-09-15,C0146,R02,Completed,Card,Standard,2025-09-15,2025-09-15,20,NONE,
O000847,2025-05-30,2025-06-05,C0658,R08,Completed,Digital Wallet,Standard,2025-06-05,2025-06-05,8.5,NONE,
O000848,2024-08-16,2024-08-21,C0071,R06,Completed,Bank Transfer,Standard,2024-08-22,2024-08-21,10,NONE,
O000849,2024-02-20,2024-02-25,C0381,R02,Completed,Buy Now Pay Later,Standard,2024-02-26,2024-02-25,10,NONE,
O000850,2024-08-08,2024-08-10,C0702,R06,Completed,Bank Transfer,Express,2024-08-11,2024-08-10,15.5,NONE,
O000851,2024-06-09,2024-06-14,C0440,R07,Completed,Bank Transfer,Standard,2024-06-15,2024-06-14,10,NONE,
O000852,2025-07-30,2025-08-04,C0124,R03,Completed,Card,Standard,2025-08-05,2025-08-04,11.5,NONE,
O000853,2025-06-28,2025-07-03,C0192,R03,Completed,Card,Standard,2025-07-04,2025-07-03,10,NONE,
O000854,2024-04-24,2024-04-29,C0178,R01,Returned,Buy Now Pay Later,Standard,2024-04-30,2024-04-29,11.5,NONE,
O000855,2024-12-26,2024-12-31,C0407,R05,Completed,Card,Standard,2025-01-01,2024-12-31,17,HOLIDAY,
O000856,2025-04-16,2025-04-25,C0639,R01,Completed,Bank Transfer,Standard,2025-04-22,2025-04-25,10,BACK2WORK,
O000857,2024-12-23,2024-12-29,C0026,R06,Completed,Card,Standard,2024-12-29,2024-12-29,10,HOLIDAY,
O000858,2025-10-10,2025-10-16,C0148,R03,Completed,Digital Wallet,Standard,2025-10-16,2025-10-16,8.5,NONE,
O000859,2025-03-06,2025-03-11,C0256,R05,Completed,Buy Now Pay Later,Standard,2025-03-12,2025-03-11,8.5,NONE,
O000860,2024-10-07,2024-10-09,C0035,R06,Completed,Card,Express,2024-10-10,2024-10-09,23.5,NONE,
O000861,2024-01-02,2024-01-08,C0149,R08,Completed,Card,Standard,2024-01-08,2024-01-08,10,NONE,
O000862,2025-03-08,2025-03-13,C0006,R08,Completed,Digital Wallet,Standard,2025-03-14,2025-03-13,8.5,NONE,
O000863,2024-01-12,2024-01-18,C0530,R01,Completed,Digital Wallet,Standard,2024-01-18,2024-01-18,10,NONE,
O000864,2025-01-22,2025-01-27,C0107,R08,Completed,Card,Standard,2025-01-28,2025-01-27,8.5,NONE,
O000865,2024-08-10,2024-08-20,C0504,R06,Completed,Digital Wallet,Standard,2024-08-16,2024-08-20,13.5,NONE,
O000866,2024-05-26,2024-06-01,C0330,R03,Completed,Digital Wallet,Standard,2024-06-01,2024-06-01,8.5,NONE,
O000867,2024-02-04,2024-02-09,C0481,R07,Completed,Card,Standard,2024-02-10,2024-02-09,10,NONE,
O000868,2025-06-12,2025-06-18,C0546,R06,Completed,Card,Standard,2025-06-18,2025-06-18,10,NONE,
O000869,2024-08-11,2024-08-16,C0717,R05,Completed,Bank Transfer,Standard,2024-08-17,2024-08-16,8.5,NONE,
O000870,2024-11-02,2024-11-11,C0054,R02,Completed,Digital Wallet,Standard,2024-11-08,2024-11-11,13.5,HOLIDAY,
O000871,2025-06-11,2025-06-16,C0525,R02,Completed,Digital Wallet,Standard,2025-06-17,2025-06-16,8.5,SUMMER,
O000872,2024-03-12,2024-03-14,C0035,R06,Completed,Card,Express,2024-03-15,2024-03-14,17,NONE,
O000873,2024-01-31,2024-02-06,C0373,R05,Completed,Card,Standard,2024-02-06,2024-02-06,8.5,NONE,
O000874,2024-12-12,2024-12-19,C0155,R06,Completed,Card,Express,2024-12-15,2024-12-19,19,HOLIDAY,
O000875,2025-09-29,2025-10-05,C0583,R07,Completed,Buy Now Pay Later,Standard,2025-10-05,2025-10-05,16.5,NONE,
O000876,2024-06-24,2024-06-30,C0556,R07,Returned,Bank Transfer,Standard,2024-06-30,2024-06-30,12,NONE,
O000877,2024-11-28,2024-12-03,C0552,R08,Completed,Buy Now Pay Later,Standard,2024-12-04,2024-12-03,8.5,HOLIDAY,
O000878,2024-06-28,2024-07-03,C0432,R01,Completed,Card,Standard,2024-07-04,2024-07-03,11.5,NONE,
O000879,2024-04-22,2024-04-27,C0441,R06,Completed,Card,Standard,2024-04-28,2024-04-27,8.5,NONE,
O000880,2025-01-15,2025-01-20,C0304,R01,Completed,Card,Standard,2025-01-21,2025-01-20,11.5,NONE,
O000881,2024-09-20,2024-09-26,C0175,R03,Returned,Digital Wallet,Standard,2024-09-26,2024-09-26,8.5,NONE,
O000882,2025-05-22,2025-05-27,C0526,R02,Returned,Digital Wallet,Standard,2025-05-28,2025-05-27,13.5,NONE,
O000883,2025-12-14,2025-12-22,C0226,R02,Completed,Card,Standard,2025-12-20,2025-12-22,12,HOLIDAY,
O000884,2025-06-14,2025-06-21,C0047,R03,Completed,Card,Standard,2025-06-20,2025-06-21,10,BACK2WORK,
O000885,2024-06-09,2024-06-12,C0509,R03,Completed,Bank Transfer,Express,2024-06-12,2024-06-12,22,BACK2WORK,
O000886,2025-10-15,2025-10-21,C0295,R03,Completed,Card,Standard,2025-10-21,2025-10-21,8.5,NONE,
O000887,2025-07-06,2025-07-12,C0235,R06,Completed,Card,Standard,2025-07-12,2025-07-12,15,NONE,
O000888,2024-08-16,2024-08-21,C0058,R01,Returned,Digital Wallet,Standard,2024-08-22,2024-08-21,20,SPRING,
O000889,2025-05-03,,C0227,R03,Cancelled,Buy Now Pay Later,Standard,,,10,NONE,Customer changed mind
O000890,2024-09-05,2024-09-10,C0302,R05,Completed,Card,Standard,2024-09-11,2024-09-10,8.5,NONE,
O000891,2024-03-24,2024-03-30,C0669,R07,Completed,Card,Standard,2024-03-30,2024-03-30,12,NONE,
O000892,2025-01-31,2025-02-05,C0625,R02,Completed,Bank Transfer,Standard,2025-02-06,2025-02-05,8.5,NONE,
O000893,2025-01-03,2025-01-06,C0591,R02,Completed,Card,Express,2025-01-06,2025-01-06,15.5,NONE,
O000894,2025-05-21,2025-05-27,C0052,R04,Returned,Digital Wallet,Standard,2025-05-27,2025-05-27,17,NONE,
O000895,2024-03-28,2024-04-03,C0546,R06,Completed,Digital Wallet,Standard,2024-04-03,2024-04-03,10,NONE,
O000896,2025-04-12,2025-04-17,C0618,R04,Completed,Digital Wallet,Standard,2025-04-18,2025-04-17,10,NONE,
O000897,2025-06-05,2025-06-07,C0701,R03,Completed,Card,Express,2025-06-08,2025-06-07,17,NONE,
O000898,2025-04-08,2025-04-14,C0035,R06,Completed,Card,Standard,2025-04-14,2025-04-14,12,NONE,
O000899,2025-08-12,2025-08-18,C0048,R08,Completed,Card,Standard,2025-08-18,2025-08-18,13.5,NONE,
O000900,2025-02-24,2025-03-05,C0585,R01,Completed,Card,Standard,2025-03-02,2025-03-05,8.5,NONE,
O000901,2024-12-07,2024-12-13,C0591,R02,Completed,Digital Wallet,Standard,2024-12-13,2024-12-13,13.5,HOLIDAY,
O000902,2025-04-28,2025-05-06,C0590,R06,Completed,Digital Wallet,Standard,2025-05-04,2025-05-06,13.5,NONE,
O000903,2025-02-27,2025-03-09,C0081,R05,Completed,Card,Standard,2025-03-05,2025-03-09,8.5,NONE,
O000904,2025-06-16,2025-06-22,C0067,R04,Completed,Card,Standard,2025-06-22,2025-06-22,13,SPRING,
O000905,2024-06-21,2024-06-26,C0573,R01,Completed,Bank Transfer,Standard,2024-06-27,2024-06-26,8.5,NONE,
O000906,2025-11-15,2025-11-21,C0373,R05,Completed,Digital Wallet,Standard,2025-11-21,2025-11-21,8.5,HOLIDAY,
O000907,2024-09-16,2024-09-21,C0564,R03,Completed,Card,Standard,2024-09-22,2024-09-21,12,NONE,
O000908,2025-04-01,2025-04-07,C0460,R03,Completed,Card,Standard,2025-04-07,2025-04-07,13.5,NONE,
O000909,2025-07-11,2025-07-16,C0253,R03,Completed,Card,Standard,2025-07-17,2025-07-16,10,NONE,
O000910,2025-09-26,2025-10-02,C0538,R04,Completed,Card,Standard,2025-10-02,2025-10-02,12,NONE,
O000911,2024-08-25,2024-08-30,C0372,R01,Completed,Digital Wallet,Standard,2024-08-31,2024-08-30,12,NONE,
O000912,2025-10-14,2025-10-16,C0333,R05,Completed,Bank Transfer,Express,2025-10-17,2025-10-16,15.5,NONE,
O000913,2025-08-16,2025-08-18,C0079,R02,Completed,Card,Express,2025-08-19,2025-08-18,18.5,NONE,
O000914,2024-10-07,2024-10-12,C0271,R05,Completed,Buy Now Pay Later,Standard,2024-10-13,2024-10-12,10,NONE,
O000915,2024-10-20,2024-10-25,C0059,R02,Completed,Card,Standard,2024-10-26,2024-10-25,10,NONE,
O000916,2025-04-11,2025-04-17,C0709,R05,Completed,Digital Wallet,Standard,2025-04-17,2025-04-17,8.5,NONE,
O000917,2024-03-27,2024-03-29,C0145,R02,Completed,Digital Wallet,Express,2024-03-30,2024-03-29,20.5,SUMMER,
O000918,2025-07-01,2025-07-07,C0041,R04,Completed,Digital Wallet,Standard,2025-07-07,2025-07-07,8.5,SUMMER,
O000919,2024-03-30,2024-04-04,C0069,R05,Completed,Card,Standard,2024-04-05,2024-04-04,15,NONE,
O000920,2025-06-01,2025-06-06,C0668,R07,Completed,Card,Standard,2025-06-07,2025-06-06,13.5,NONE,
O000921,2024-07-19,2024-07-25,C0683,R06,Completed,Card,Standard,2024-07-25,2024-07-25,12,BACK2WORK,
O000922,2025-11-18,2025-11-21,C0069,R05,Completed,Card,Express,2025-11-21,2025-11-21,15.5,HOLIDAY,
O000923,2025-03-16,2025-03-21,C0491,R04,Completed,Card,Standard,2025-03-22,2025-03-21,8.5,NONE,
O000924,2025-01-27,2025-02-02,C0405,R06,Completed,Digital Wallet,Standard,2025-02-02,2025-02-02,13.5,NONE,
O000925,2024-08-24,2024-08-29,C0155,R06,Completed,Buy Now Pay Later,Express,2024-08-27,2024-08-29,15.5,NONE,
O000926,2024-05-20,2024-05-26,C0024,R07,Completed,Bank Transfer,Standard,2024-05-26,2024-05-26,12,NONE,
O000927,2025-01-25,2025-01-30,C0650,R05,Completed,Digital Wallet,Standard,2025-01-31,2025-01-30,10,NONE,
O000928,2024-02-29,2024-03-07,C0081,R05,Completed,Digital Wallet,Standard,2024-03-06,2024-03-07,10,NONE,
O000929,2025-08-02,2025-08-08,C0317,R07,Completed,Bank Transfer,Standard,2025-08-08,2025-08-08,11.5,NONE,
O000930,2024-04-05,2024-04-11,C0312,R08,Completed,Digital Wallet,Standard,2024-04-11,2024-04-11,8.5,NONE,
O000931,2024-04-14,2024-04-20,C0517,R06,Completed,Card,Standard,2024-04-20,2024-04-20,8.5,NONE,
O000932,2024-11-16,2024-11-21,C0399,R06,Completed,Digital Wallet,Standard,2024-11-22,2024-11-21,11.5,HOLIDAY,
O000933,2024-10-25,2024-10-30,C0344,R07,Completed,Digital Wallet,Standard,2024-10-31,2024-10-30,8.5,NONE,
O000934,2024-09-19,2024-09-25,C0701,R03,Completed,Card,Standard,2024-09-25,2024-09-25,12,SPRING,
O000935,2024-12-13,2024-12-21,C0391,R01,Completed,Digital Wallet,Standard,2024-12-19,2024-12-21,13.5,HOLIDAY,
O000936,2025-11-22,2025-11-28,C0382,R01,Completed,Card,Standard,2025-11-28,2025-11-28,10,HOLIDAY,
O000937,2025-12-28,2026-01-02,C0521,R08,Completed,Card,Standard,2026-01-03,2026-01-02,12,HOLIDAY,
O000938,2024-02-13,2024-02-16,C0482,R01,Completed,Bank Transfer,Express,2024-02-16,2024-02-16,17,NONE,
O000939,2025-04-26,2025-05-01,C0201,R02,Completed,Card,Standard,2025-05-02,2025-05-01,12,NONE,
O000940,2024-06-29,2024-07-04,C0058,R01,Completed,Digital Wallet,Standard,2024-07-05,2024-07-04,12,NONE,
O000941,2024-05-29,2024-06-04,C0623,R08,Completed,Bank Transfer,Standard,2024-06-04,2024-06-04,8.5,NONE,
O000942,2024-09-12,2024-09-18,C0375,R04,Completed,Card,Standard,2024-09-18,2024-09-18,8.5,NONE,
O000943,2024-08-17,2024-08-27,C0318,R02,Completed,Card,Standard,2024-08-23,2024-08-27,10,NONE,
O000944,2024-07-11,2024-07-16,C0016,R05,Completed,Card,Standard,2024-07-17,2024-07-16,13.5,NONE,
O000945,2024-03-19,2024-03-24,C0081,R05,Completed,Digital Wallet,Standard,2024-03-25,2024-03-24,16.5,NONE,
O000946,2025-08-05,2025-08-10,C0638,R03,Completed,Bank Transfer,Standard,2025-08-11,2025-08-10,8.5,NONE,
O000947,2024-03-30,2024-04-05,C0348,R05,Completed,Bank Transfer,Standard,2024-04-05,2024-04-05,13.5,NONE,
O000948,2024-12-12,2024-12-17,C0621,R08,Completed,Buy Now Pay Later,Standard,2024-12-18,2024-12-17,8.5,HOLIDAY,
O000949,2025-09-28,2025-10-04,C0525,R02,Completed,Digital Wallet,Standard,2025-10-04,2025-10-04,13,NONE,
O000950,2024-02-16,2024-02-18,C0417,R07,Completed,Card,Express,2024-02-19,2024-02-18,15.5,NONE,
O000951,2025-12-30,2026-01-05,C0107,R08,Completed,Card,Standard,2026-01-05,2026-01-05,8.5,HOLIDAY,
O000952,2024-07-05,2024-07-10,C0014,R05,Completed,Card,Standard,2024-07-11,2024-07-10,10,NONE,
O000953,2024-11-05,2024-11-08,C0148,R03,Completed,Digital Wallet,Express,2024-11-08,2024-11-08,19,HOLIDAY,
O000954,2024-08-27,2024-09-02,C0661,R07,Completed,Digital Wallet,Standard,2024-09-02,2024-09-02,11.5,NONE,
O000955,2024-04-19,2024-04-25,C0464,R06,Completed,Card,Standard,2024-04-25,2024-04-25,8.5,NONE,
O000956,2024-09-13,2024-09-21,C0318,R02,Completed,Bank Transfer,Standard,2024-09-19,2024-09-21,13.5,NONE,
O000957,2024-03-31,2024-04-03,C0668,R07,Returned,Bank Transfer,Express,2024-04-03,2024-04-03,17,NONE,
O000958,2025-01-11,2025-01-16,C0473,R05,Completed,Card,Standard,2025-01-17,2025-01-16,8.5,BACK2WORK,
O000959,2025-10-17,2025-10-22,C0639,R01,Completed,Card,Standard,2025-10-23,2025-10-22,13.5,NONE,
O000960,2025-04-08,2025-04-17,C0102,R04,Completed,Bank Transfer,Standard,2025-04-14,2025-04-17,8.5,NONE,
O000961,2025-07-18,2025-07-23,C0091,R04,Completed,Bank Transfer,Standard,2025-07-24,2025-07-23,12,NONE,
O000962,2024-08-08,2024-08-14,C0414,R04,Completed,Card,Standard,2024-08-14,2024-08-14,17,SPRING,
O000963,2025-01-05,,C0375,R04,Cancelled,Card,Standard,,,8.5,NONE,Customer changed mind
O000964,2025-06-28,2025-07-01,C0276,R05,Completed,Bank Transfer,Express,2025-07-01,2025-07-01,18.5,NONE,
O000965,2024-02-26,2024-03-05,C0489,R04,Returned,Bank Transfer,Standard,2024-03-03,2024-03-05,12,NONE,
O000966,2024-05-08,2024-05-13,C0169,R04,Completed,Bank Transfer,Standard,2024-05-14,2024-05-13,10,NONE,
O000967,2024-02-10,2024-02-13,C0010,R03,Completed,Card,Express,2024-02-13,2024-02-13,17,NONE,
O000968,2024-06-12,2024-06-18,C0661,R07,Completed,Digital Wallet,Express,2024-06-15,2024-06-18,20.5,NONE,
O000969,2024-01-15,2024-01-21,C0388,R03,Completed,Card,Standard,2024-01-21,2024-01-21,10,NONE,
O000970,2024-08-31,2024-09-09,C0405,R06,Completed,Bank Transfer,Standard,2024-09-06,2024-09-09,8.5,NONE,
O000971,2024-12-07,2024-12-12,C0213,R03,Completed,Card,Standard,2024-12-13,2024-12-12,8.5,HOLIDAY,
O000972,2025-03-12,2025-03-15,C0055,R02,Completed,Card,Express,2025-03-15,2025-03-15,19,NONE,
O000973,2025-03-10,2025-03-15,C0320,R03,Completed,Card,Standard,2025-03-16,2025-03-15,17,NONE,
O000974,2024-11-02,2024-11-04,C0464,R06,Returned,Digital Wallet,Express,2024-11-05,2024-11-04,19,HOLIDAY,
O000975,2025-04-21,2025-04-27,C0431,R03,Completed,Digital Wallet,Standard,2025-04-27,2025-04-27,8.5,NONE,
O000976,2024-03-22,2024-03-28,C0661,R07,Completed,Digital Wallet,Standard,2024-03-28,2024-03-28,10,NONE,
O000977,2025-12-25,2026-01-02,C0374,R01,Completed,Card,Standard,2025-12-31,2026-01-02,15,HOLIDAY,
O000978,2025-03-22,2025-03-27,C0657,R01,Completed,Bank Transfer,Standard,2025-03-28,2025-03-27,15,NONE,
O000979,2024-04-19,2024-04-25,C0078,R03,Completed,Digital Wallet,Standard,2024-04-25,2024-04-25,10,BACK2WORK,
O000980,2025-10-27,2025-11-02,C0262,R08,Completed,Digital Wallet,Standard,2025-11-02,2025-11-02,12,NONE,
O000981,2024-09-27,2024-10-02,C0248,R07,Completed,Card,Standard,2024-10-03,2024-10-02,8.5,NONE,
O000982,2024-06-20,2024-06-30,C0107,R08,Completed,Digital Wallet,Standard,2024-06-26,2024-06-30,8.5,NONE,
O000983,2025-11-25,2025-11-30,C0465,R04,Completed,Card,Standard,2025-12-01,2025-11-30,8.5,HOLIDAY,
O000984,2025-05-11,2025-05-13,C0473,R05,Completed,Digital Wallet,Express,2025-05-14,2025-05-13,20.5,NONE,
O000985,2024-06-03,2024-06-08,C0534,R01,Completed,Bank Transfer,Standard,2024-06-09,2024-06-08,16.5,NONE,
O000986,2025-02-25,2025-03-03,C0210,R03,Completed,Card,Standard,2025-03-03,2025-03-03,17,NONE,
O000987,2025-08-08,2025-08-16,C0273,R02,Completed,Card,Standard,2025-08-14,2025-08-16,8.5,NONE,
O000988,2025-05-07,2025-05-12,C0362,R02,Completed,Card,Standard,2025-05-13,2025-05-12,10,NONE,
O000989,2024-09-09,2024-09-14,C0383,R03,Completed,Digital Wallet,Standard,2024-09-15,2024-09-14,8.5,NONE,
O000990,2024-05-17,2024-05-22,C0620,R04,Completed,Digital Wallet,Standard,2024-05-23,2024-05-22,16.5,NONE,
O000991,2024-10-24,2024-11-01,C0295,R03,Completed,Digital Wallet,Standard,2024-10-30,2024-11-01,8.5,NONE,
O000992,2024-05-31,2024-06-08,C0414,R04,Completed,Card,Standard,2024-06-06,2024-06-08,18.5,NONE,
O000993,2025-03-26,2025-04-03,C0294,R08,Completed,Card,Standard,2025-04-01,2025-04-03,13.5,NONE,
O000994,2025-07-13,2025-07-20,C0012,R06,Completed,Digital Wallet,Standard,2025-07-19,2025-07-20,13.5,BACK2WORK,
O000995,2024-02-05,2024-02-07,C0450,R04,Completed,Buy Now Pay Later,Express,2024-02-08,2024-02-07,17,NONE,
O000996,2025-08-27,2025-09-05,C0251,R07,Completed,Bank Transfer,Standard,2025-09-02,2025-09-05,11.5,SUMMER,
O000997,2024-10-26,2024-10-31,C0375,R04,Completed,Digital Wallet,Standard,2024-11-01,2024-10-31,13.5,NONE,
O000998,2024-04-03,2024-04-12,C0707,R06,Completed,Card,Standard,2024-04-09,2024-04-12,10,SPRING,
O000999,2025-07-21,2025-07-27,C0153,R04,Completed,Digital Wallet,Standard,2025-07-27,2025-07-27,8.5,NONE,
O001000,2025-08-15,2025-08-17,C0450,R04,Completed,Buy Now Pay Later,Express,2025-08-18,2025-08-17,15.5,NONE,
O001001,2025-02-05,2025-02-11,C0688,R02,Completed,Card,Standard,2025-02-11,2025-02-11,12,NONE,
O001002,2025-03-19,2025-03-26,C0606,R04,Completed,Card,Express,2025-03-22,2025-03-26,18.5,NONE,
O001003,2025-03-20,2025-03-26,C0713,R07,Completed,Bank Transfer,Standard,2025-03-26,2025-03-26,10,NONE,
O001004,2025-02-26,2025-03-05,C0554,R04,Completed,Bank Transfer,Standard,2025-03-04,2025-03-05,8.5,SUMMER,
O001005,2025-12-08,2025-12-14,C0612,R05,Completed,Card,Standard,2025-12-14,2025-12-14,8.5,HOLIDAY,
O001006,2025-07-28,2025-08-02,C0536,R03,Completed,Digital Wallet,Standard,2025-08-03,2025-08-02,11.5,BACK2WORK,
O001007,2024-03-14,2024-03-19,C0052,R04,Completed,Buy Now Pay Later,Standard,2024-03-20,2024-03-19,23.5,SUMMER,
O001008,2024-08-01,2024-08-07,C0302,R05,Completed,Card,Standard,2024-08-07,2024-08-07,8.5,NONE,
O001009,2025-08-31,2025-09-03,C0059,R02,Completed,Digital Wallet,Express,2025-09-03,2025-09-03,20.5,BACK2WORK,
O001010,2025-07-23,2025-07-25,C0700,R03,Completed,Buy Now Pay Later,Express,2025-07-26,2025-07-25,17,NONE,
O001011,2024-05-15,2024-05-20,C0420,R04,Completed,Card,Standard,2024-05-21,2024-05-20,11.5,NONE,
O001012,2024-11-04,2024-11-09,C0611,R01,Completed,Card,Standard,2024-11-10,2024-11-09,8.5,HOLIDAY,
O001013,2025-07-13,2025-07-15,C0466,R03,Completed,Bank Transfer,Express,2025-07-16,2025-07-15,23.5,NONE,
O001014,2025-04-18,2025-04-24,C0688,R02,Completed,Card,Standard,2025-04-24,2025-04-24,12,NONE,
O001015,2024-11-28,2024-12-04,C0383,R03,Completed,Digital Wallet,Standard,2024-12-04,2024-12-04,10,HOLIDAY,
O001016,2024-01-24,2024-01-31,C0261,R08,Completed,Card,Standard,2024-01-30,2024-01-31,10,NONE,
O001017,2025-04-01,2025-04-07,C0606,R04,Returned,Digital Wallet,Standard,2025-04-07,2025-04-07,8.5,NONE,
O001018,2025-02-15,2025-02-20,C0341,R07,Completed,Card,Standard,2025-02-21,2025-02-20,8.5,SPRING,
O001019,2024-03-26,2024-04-01,C0587,R05,Completed,Card,Standard,2024-04-01,2024-04-01,8.5,NONE,
O001020,2024-11-07,2024-11-17,C0058,R01,Completed,Digital Wallet,Standard,2024-11-13,2024-11-17,12,HOLIDAY,
O001021,2024-07-14,2024-07-16,C0194,R08,Completed,Bank Transfer,Express,2024-07-17,2024-07-16,23.5,NONE,
O001022,2024-11-24,2024-11-30,C0378,R05,Completed,Card,Standard,2024-11-30,2024-11-30,16.5,HOLIDAY,
O001023,2024-12-17,2024-12-23,C0302,R05,Completed,Card,Standard,2024-12-23,2024-12-23,10,HOLIDAY,
O001024,2024-09-26,2024-10-02,C0645,R03,Completed,Card,Standard,2024-10-02,2024-10-02,10,SUMMER,
O001025,2025-08-10,2025-08-15,C0659,R02,Returned,Bank Transfer,Standard,2025-08-16,2025-08-15,10,BACK2WORK,
O001026,2024-03-14,2024-03-17,C0571,R06,Completed,Bank Transfer,Express,2024-03-17,2024-03-17,25.5,NONE,
O001027,2025-05-31,2025-06-05,C0602,R06,Returned,Card,Standard,2025-06-06,2025-06-05,8.5,BACK2WORK,
O001028,2025-07-29,2025-08-03,C0456,R03,Returned,Card,Standard,2025-08-04,2025-08-03,13.5,SPRING,
O001029,2025-08-06,2025-08-12,C0330,R03,Completed,Bank Transfer,Standard,2025-08-12,2025-08-12,8.5,SUMMER,
O001030,2024-05-23,2024-05-25,C0033,R02,Completed,Card,Express,2024-05-26,2024-05-25,15.5,NONE,
O001031,2025-05-10,2025-05-17,C0016,R05,Completed,Card,Express,2025-05-13,2025-05-17,19,NONE,
O001032,2025-02-08,2025-02-10,C0102,R04,Completed,Card,Express,2025-02-11,2025-02-10,20.5,NONE,
O001033,2025-10-12,2025-10-18,C0610,R02,Completed,Card,Standard,2025-10-18,2025-10-18,10,NONE,
O001034,2024-04-26,2024-04-28,C0460,R03,Completed,Bank Transfer,Express,2024-04-29,2024-04-28,22,NONE,
O001035,2024-02-11,2024-02-17,C0546,R06,Completed,Card,Standard,2024-02-17,2024-02-17,15,NONE,
O001036,2024-04-04,2024-04-07,C0668,R07,Completed,Card,Express,2024-04-07,2024-04-07,17,NONE,
O001037,2024-03-31,2024-04-05,C0473,R05,Returned,Card,Standard,2024-04-06,2024-04-05,10,NONE,
O001038,2024-05-23,2024-05-28,C0581,R06,Completed,Buy Now Pay Later,Standard,2024-05-29,2024-05-28,8.5,NONE,
O001039,2025-09-06,2025-09-11,C0536,R03,Completed,Card,Standard,2025-09-12,2025-09-11,12,BACK2WORK,
O001040,2025-03-09,2025-03-14,C0529,R06,Completed,Digital Wallet,Standard,2025-03-15,2025-03-14,10,NONE,
O001041,2024-08-29,2024-09-06,C0128,R04,Returned,Card,Standard,2024-09-04,2024-09-06,12,NONE,
O001042,2025-05-11,2025-05-17,C0525,R02,Completed,Card,Standard,2025-05-17,2025-05-17,12,NONE,
O001043,2025-06-04,2025-06-09,C0637,R04,Completed,Digital Wallet,Standard,2025-06-10,2025-06-09,13.5,NONE,
O001044,2025-11-16,,C0607,R06,Cancelled,Card,Standard,,,12,HOLIDAY,Payment failure
O001045,2024-09-01,2024-09-03,C0210,R03,Completed,Buy Now Pay Later,Express,2024-09-04,2024-09-03,15.5,NONE,
O001046,2024-01-05,2024-01-11,C0663,R03,Completed,Bank Transfer,Standard,2024-01-11,2024-01-11,11.5,NONE,
O001047,2025-05-24,2025-05-29,C0682,R05,Completed,Digital Wallet,Standard,2025-05-30,2025-05-29,10,NONE,
O001048,2025-01-18,2025-01-22,C0385,R05,Completed,Card,Express,2025-01-21,2025-01-22,15.5,NONE,
O001049,2024-01-19,2024-01-24,C0618,R04,Completed,Card,Standard,2024-01-25,2024-01-24,13.5,NONE,
O001050,2025-11-13,2025-11-19,C0719,R04,Completed,Card,Standard,2025-11-19,2025-11-19,8.5,HOLIDAY,
O001051,2025-11-17,2025-11-22,C0348,R05,Completed,Bank Transfer,Standard,2025-11-23,2025-11-22,8.5,HOLIDAY,
O001052,2025-08-14,2025-08-20,C0329,R04,Completed,Digital Wallet,Standard,2025-08-20,2025-08-20,10,NONE,
O001053,2025-12-25,2025-12-31,C0580,R04,Completed,Card,Standard,2025-12-31,2025-12-31,8.5,HOLIDAY,
O001054,2024-03-04,2024-03-06,C0035,R06,Returned,Card,Express,2024-03-07,2024-03-06,22,NONE,
O001055,2024-12-28,2025-01-02,C0689,R03,Completed,Card,Standard,2025-01-03,2025-01-02,10,HOLIDAY,
O001056,2024-11-10,2024-11-16,C0661,R07,Completed,Buy Now Pay Later,Standard,2024-11-16,2024-11-16,8.5,HOLIDAY,
O001057,2024-09-11,2024-09-17,C0345,R04,Completed,Card,Standard,2024-09-17,2024-09-17,8.5,NONE,
O001058,2025-04-28,2025-05-06,C0088,R01,Completed,Card,Standard,2025-05-04,2025-05-06,13,NONE,
O001059,2024-11-25,2024-11-30,C0182,R07,Completed,Card,Standard,2024-12-01,2024-11-30,13.5,HOLIDAY,
O001060,2024-03-26,2024-04-03,C0652,R06,Completed,Digital Wallet,Standard,2024-04-01,2024-04-03,8.5,NONE,
O001061,2024-07-28,2024-08-02,C0059,R02,Completed,Digital Wallet,Standard,2024-08-03,2024-08-02,11.5,NONE,
O001062,2025-10-13,2025-10-16,C0251,R07,Completed,Digital Wallet,Express,2025-10-16,2025-10-16,15.5,BACK2WORK,
O001063,2025-06-26,2025-07-03,C0462,R04,Completed,Card,Standard,2025-07-02,2025-07-03,13.5,NONE,
O001064,2025-04-28,2025-05-04,C0665,R03,Completed,Card,Standard,2025-05-04,2025-05-04,11.5,SPRING,
O001065,2025-11-04,2025-11-11,C0165,R05,Completed,Bank Transfer,Standard,2025-11-10,2025-11-11,8.5,HOLIDAY,
O001066,2025-06-03,2025-06-09,C0014,R05,Completed,Bank Transfer,Standard,2025-06-09,2025-06-09,8.5,NONE,
O001067,2024-09-14,2024-09-17,C0536,R03,Completed,Card,Express,2024-09-17,2024-09-17,20.5,NONE,
O001068,2025-02-09,2025-02-15,C0548,R03,Completed,Card,Standard,2025-02-15,2025-02-15,8.5,NONE,
O001069,2025-08-19,2025-08-22,C0226,R02,Completed,Card,Express,2025-08-22,2025-08-22,19,NONE,
O001070,2025-05-22,2025-05-29,C0326,R07,Completed,Bank Transfer,Standard,2025-05-28,2025-05-29,12,NONE,
O001071,2024-12-06,2024-12-11,C0568,R07,Completed,Bank Transfer,Standard,2024-12-12,2024-12-11,12,HOLIDAY,
O001072,2024-12-12,2024-12-14,C0213,R03,Completed,Bank Transfer,Express,2024-12-15,2024-12-14,20.5,HOLIDAY,
O001073,2024-09-10,2024-09-13,C0175,R03,Returned,Buy Now Pay Later,Express,2024-09-13,2024-09-13,17,NONE,
O001074,2025-07-31,2025-08-06,C0405,R06,Completed,Digital Wallet,Standard,2025-08-06,2025-08-06,20,NONE,
O001075,2024-03-04,2024-03-07,C0268,R01,Completed,Card,Express,2024-03-07,2024-03-07,15.5,NONE,
O001076,2025-05-05,2025-05-10,C0672,R01,Completed,Card,Standard,2025-05-11,2025-05-10,10,SPRING,
O001077,2024-05-11,2024-05-19,C0483,R06,Completed,Card,Standard,2024-05-17,2024-05-19,13.5,NONE,
O001078,2025-04-07,2025-04-12,C0519,R03,Completed,Card,Standard,2025-04-13,2025-04-12,15,NONE,
O001079,2025-09-14,2025-09-19,C0719,R04,Completed,Digital Wallet,Standard,2025-09-20,2025-09-19,10,NONE,
O001080,2025-03-10,2025-03-13,C0298,R06,Completed,Digital Wallet,Express,2025-03-13,2025-03-13,18.5,NONE,
O001081,2024-07-24,2024-07-29,C0624,R05,Completed,Digital Wallet,Standard,2024-07-30,2024-07-29,10,SUMMER,
O001082,2024-01-11,2024-01-17,C0005,R02,Completed,Card,Standard,2024-01-17,2024-01-17,8.5,BACK2WORK,
O001083,2025-05-07,2025-05-12,C0540,R04,Completed,Card,Standard,2025-05-13,2025-05-12,10,SUMMER,
O001084,2025-10-13,2025-10-19,C0282,R06,Completed,Card,Standard,2025-10-19,2025-10-19,16.5,NONE,
O001085,2025-06-03,2025-06-12,C0261,R08,Completed,Digital Wallet,Standard,2025-06-09,2025-06-12,12,NONE,
O001086,2024-06-27,2024-07-04,C0616,R02,Completed,Card,Standard,2024-07-03,2024-07-04,8.5,NONE,
O001087,2025-09-18,2025-09-20,C0008,R02,Completed,Digital Wallet,Express,2025-09-21,2025-09-20,15.5,NONE,
O001088,2024-10-11,2024-10-13,C0441,R06,Completed,Digital Wallet,Express,2024-10-14,2024-10-13,15.5,NONE,
O001089,2024-08-21,2024-08-26,C0213,R03,Completed,Buy Now Pay Later,Standard,2024-08-27,2024-08-26,8.5,NONE,
O001090,2025-01-20,2025-01-26,C0033,R02,Completed,Buy Now Pay Later,Standard,2025-01-26,2025-01-26,10,NONE,
O001091,2025-10-30,2025-11-04,C0416,R05,Completed,Digital Wallet,Standard,2025-11-05,2025-11-04,18.5,NONE,
O001092,2024-01-29,2024-02-04,C0661,R07,Completed,Card,Standard,2024-02-04,2024-02-04,8.5,NONE,
O001093,2025-07-11,2025-07-16,C0400,R05,Completed,Card,Standard,2025-07-17,2025-07-16,10,NONE,
O001094,2025-07-03,2025-07-09,C0269,R06,Returned,Bank Transfer,Standard,2025-07-09,2025-07-09,8.5,NONE,
O001095,2024-04-16,,C0701,R03,Cancelled,Buy Now Pay Later,Standard,,,8.5,NONE,Customer changed mind
O001096,2025-10-17,2025-10-24,C0542,R01,Completed,Bank Transfer,Standard,2025-10-23,2025-10-24,12,NONE,
O001097,2024-07-10,2024-07-13,C0624,R05,Completed,Digital Wallet,Express,2024-07-13,2024-07-13,15.5,NONE,
O001098,2025-06-23,2025-06-26,C0180,R04,Completed,Buy Now Pay Later,Express,2025-06-26,2025-06-26,15.5,NONE,
O001099,2024-10-17,2024-10-20,C0238,R04,Completed,Bank Transfer,Express,2024-10-20,2024-10-20,25.5,NONE,
O001100,2025-10-23,2025-10-28,C0388,R03,Completed,Card,Standard,2025-10-29,2025-10-28,8.5,NONE,
O001101,2024-12-12,2024-12-15,C0473,R05,Completed,Card,Express,2024-12-15,2024-12-15,15.5,HOLIDAY,
O001102,2025-05-19,2025-05-24,C0526,R02,Completed,Card,Standard,2025-05-25,2025-05-24,13.5,NONE,
O001103,2024-11-16,2024-11-21,C0520,R05,Completed,Buy Now Pay Later,Standard,2024-11-22,2024-11-21,16.5,HOLIDAY,
O001104,2025-02-01,2025-02-09,C0159,R04,Returned,Digital Wallet,Standard,2025-02-07,2025-02-09,18.5,NONE,
O001105,2024-12-11,2024-12-16,C0715,R01,Completed,Bank Transfer,Standard,2024-12-17,2024-12-16,11.5,HOLIDAY,
O001106,2025-04-26,2025-05-01,C0088,R01,Completed,Card,Standard,2025-05-02,2025-05-01,8.5,NONE,
O001107,2024-10-15,2024-10-22,C0107,R08,Completed,Bank Transfer,Standard,2024-10-21,2024-10-22,8.5,NONE,
O001108,2024-07-23,2024-07-26,C0652,R06,Completed,Digital Wallet,Express,2024-07-26,2024-07-26,15.5,BACK2WORK,
O001109,2024-10-29,2024-11-03,C0483,R06,Completed,Digital Wallet,Standard,2024-11-04,2024-11-03,11.5,NONE,
O001110,2025-07-24,2025-07-29,C0611,R01,Completed,Digital Wallet,Standard,2025-07-30,2025-07-29,11.5,NONE,
O001111,2024-09-18,,C0618,R04,Cancelled,Card,Express,,,15.5,NONE,Payment failure
O001112,2025-07-09,2025-07-14,C0571,R06,Completed,Buy Now Pay Later,Standard,2025-07-15,2025-07-14,8.5,NONE,
O001113,2024-04-28,2024-05-01,C0005,R02,Completed,Bank Transfer,Express,2024-05-01,2024-05-01,22,SPRING,
O001114,2024-05-01,2024-05-07,C0580,R04,Completed,Card,Standard,2024-05-07,2024-05-07,17,NONE,
O001115,2024-12-26,2025-01-01,C0586,R05,Completed,Digital Wallet,Standard,2025-01-01,2025-01-01,11.5,HOLIDAY,
O001116,2025-06-11,2025-06-14,C0074,R05,Completed,Bank Transfer,Express,2025-06-14,2025-06-14,15.5,BACK2WORK,
O001117,2024-04-18,2024-04-23,C0526,R02,Completed,Digital Wallet,Standard,2024-04-24,2024-04-23,10,NONE,
O001118,2024-03-02,2024-03-07,C0278,R02,Completed,Digital Wallet,Standard,2024-03-08,2024-03-07,13.5,SUMMER,
O001119,2024-06-20,2024-06-27,C0189,R04,Completed,Digital Wallet,Standard,2024-06-26,2024-06-27,16.5,BACK2WORK,
O001120,2025-11-14,,C0661,R07,Cancelled,Card,Express,,,17,HOLIDAY,Payment failure
O001121,2024-05-08,2024-05-13,C0668,R07,Completed,Card,Standard,2024-05-14,2024-05-13,8.5,NONE,
O001122,2025-04-18,2025-04-23,C0079,R02,Returned,Digital Wallet,Standard,2025-04-24,2025-04-23,20,NONE,
O001123,2024-05-06,2024-05-09,C0332,R06,Returned,Buy Now Pay Later,Express,2024-05-09,2024-05-09,22,NONE,
O001124,2024-02-02,2024-02-04,C0541,R03,Completed,Digital Wallet,Express,2024-02-05,2024-02-04,29,BACK2WORK,
O001125,2024-05-12,2024-05-22,C0037,R03,Completed,Bank Transfer,Standard,2024-05-18,2024-05-22,12,NONE,
O001126,2024-10-02,2024-10-08,C0070,R03,Completed,Card,Standard,2024-10-08,2024-10-08,8.5,SUMMER,
O001127,2025-11-16,2025-11-21,C0526,R02,Completed,Digital Wallet,Standard,2025-11-22,2025-11-21,10,HOLIDAY,
O001128,2025-02-15,2025-02-20,C0414,R04,Completed,Digital Wallet,Standard,2025-02-21,2025-02-20,10,NONE,
O001129,2024-03-22,2024-03-28,C0400,R05,Completed,Card,Standard,2024-03-28,2024-03-28,8.5,NONE,
O001130,2025-07-24,2025-07-30,C0327,R04,Completed,Digital Wallet,Standard,2025-07-30,2025-07-30,8.5,NONE,
O001131,2025-04-25,2025-05-01,C0295,R03,Completed,Digital Wallet,Standard,2025-05-01,2025-05-01,13,NONE,
O001132,2025-10-08,2025-10-13,C0450,R04,Completed,Digital Wallet,Standard,2025-10-14,2025-10-13,8.5,NONE,
O001133,2025-02-23,2025-03-01,C0081,R05,Completed,Card,Standard,2025-03-01,2025-03-01,12,NONE,
O001134,2024-11-20,,C0417,R07,Cancelled,Digital Wallet,Standard,,,13.5,HOLIDAY,Inventory unavailable
O001135,2025-10-18,2025-10-24,C0178,R01,Completed,Digital Wallet,Standard,2025-10-24,2025-10-24,13.5,NONE,
O001136,2025-10-02,2025-10-08,C0107,R08,Completed,Digital Wallet,Standard,2025-10-08,2025-10-08,10,NONE,
O001137,2024-07-13,2024-07-16,C0543,R01,Completed,Digital Wallet,Express,2024-07-16,2024-07-16,15.5,NONE,
O001138,2025-11-11,2025-11-16,C0461,R07,Completed,Bank Transfer,Standard,2025-11-17,2025-11-16,8.5,HOLIDAY,
O001139,2024-08-22,2024-08-27,C0153,R04,Completed,Card,Standard,2024-08-28,2024-08-27,13.5,NONE,
O001140,2025-01-12,2025-01-22,C0012,R06,Completed,Card,Standard,2025-01-18,2025-01-22,13.5,NONE,
O001141,2024-07-15,2024-07-21,C0453,R07,Completed,Card,Standard,2024-07-21,2024-07-21,8.5,SUMMER,
O001142,2025-10-30,2025-11-07,C0557,R05,Completed,Digital Wallet,Standard,2025-11-05,2025-11-07,8.5,BACK2WORK,
O001143,2024-01-26,2024-01-31,C0251,R07,Completed,Digital Wallet,Standard,2024-02-01,2024-01-31,8.5,NONE,
O001144,2025-08-22,2025-08-24,C0464,R06,Completed,Card,Express,2025-08-25,2025-08-24,15.5,NONE,
O001145,2025-01-22,2025-01-27,C0372,R01,Returned,Digital Wallet,Standard,2025-01-28,2025-01-27,8.5,NONE,
O001146,2024-04-03,2024-04-05,C0420,R04,Completed,Bank Transfer,Express,2024-04-06,2024-04-05,19,NONE,
O001147,2024-02-28,2024-03-01,C0148,R03,Completed,Digital Wallet,Express,2024-03-02,2024-03-01,17,NONE,
O001148,2024-08-28,2024-09-02,C0105,R02,Returned,Bank Transfer,Standard,2024-09-03,2024-09-02,8.5,NONE,
O001149,2024-02-16,,C0397,R07,Cancelled,Card,Standard,,,11.5,NONE,Customer changed mind
O001150,2024-08-04,2024-08-10,C0557,R05,Returned,Digital Wallet,Standard,2024-08-10,2024-08-10,13.5,NONE,
O001151,2025-12-19,2025-12-25,C0332,R06,Completed,Digital Wallet,Standard,2025-12-25,2025-12-25,10,HOLIDAY,
O001152,2024-12-15,2024-12-20,C0666,R04,Completed,Card,Standard,2024-12-21,2024-12-20,8.5,HOLIDAY,
O001153,2024-05-05,2024-05-07,C0067,R04,Completed,Card,Express,2024-05-08,2024-05-07,15.5,NONE,
O001154,2024-09-13,2024-09-18,C0417,R07,Completed,Buy Now Pay Later,Standard,2024-09-19,2024-09-18,8.5,BACK2WORK,
O001155,2025-05-08,2025-05-13,C0466,R03,Completed,Card,Standard,2025-05-14,2025-05-13,8.5,NONE,
O001156,2024-10-07,2024-10-12,C0016,R05,Completed,Digital Wallet,Standard,2024-10-13,2024-10-12,8.5,NONE,
O001157,2024-06-01,2024-06-03,C0689,R03,Completed,Buy Now Pay Later,Express,2024-06-04,2024-06-03,20.5,NONE,
O001158,2024-07-04,,C0532,R07,Cancelled,Buy Now Pay Later,Standard,,,10,NONE,Customer changed mind
O001159,2024-08-28,2024-09-02,C0431,R03,Completed,Card,Standard,2024-09-03,2024-09-02,8.5,NONE,
O001160,2024-08-17,2024-08-22,C0400,R05,Completed,Card,Standard,2024-08-23,2024-08-22,8.5,NONE,
O001161,2025-11-12,2025-11-17,C0512,R05,Completed,Digital Wallet,Standard,2025-11-18,2025-11-17,15,HOLIDAY,
O001162,2025-08-27,2025-09-01,C0611,R01,Completed,Card,Standard,2025-09-02,2025-09-01,8.5,NONE,
O001163,2025-02-07,2025-02-14,C0337,R03,Completed,Digital Wallet,Standard,2025-02-13,2025-02-14,8.5,BACK2WORK,
O001164,2024-02-27,2024-03-04,C0316,R06,Completed,Buy Now Pay Later,Standard,2024-03-04,2024-03-04,18.5,NONE,
O001165,2025-05-30,2025-06-05,C0522,R08,Completed,Bank Transfer,Standard,2025-06-05,2025-06-05,10,NONE,
O001166,2025-02-13,2025-02-19,C0701,R03,Completed,Card,Express,2025-02-16,2025-02-19,22,NONE,
O001167,2024-07-16,2024-07-25,C0587,R05,Completed,Card,Standard,2024-07-22,2024-07-25,12,NONE,
O001168,2025-03-02,2025-03-07,C0563,R02,Completed,Card,Standard,2025-03-08,2025-03-07,13.5,NONE,
O001169,2025-10-05,2025-10-10,C0052,R04,Completed,Bank Transfer,Standard,2025-10-11,2025-10-10,8.5,SPRING,
O001170,2024-08-22,2024-08-28,C0102,R04,Completed,Card,Standard,2024-08-28,2024-08-28,12,SUMMER,
O001171,2024-04-08,2024-04-14,C0323,R08,Completed,Digital Wallet,Standard,2024-04-14,2024-04-14,13.5,NONE,
O001172,2024-12-01,2024-12-06,C0591,R02,Completed,Card,Standard,2024-12-07,2024-12-06,13.5,HOLIDAY,
O001173,2024-12-13,2024-12-18,C0476,R05,Completed,Digital Wallet,Standard,2024-12-19,2024-12-18,10,HOLIDAY,
O001174,2024-05-22,2024-06-01,C0558,R05,Completed,Bank Transfer,Standard,2024-05-28,2024-06-01,8.5,NONE,
O001175,2025-06-15,2025-06-22,C0081,R05,Returned,Digital Wallet,Standard,2025-06-21,2025-06-22,8.5,NONE,
O001176,2025-06-23,2025-06-28,C0636,R01,Returned,Card,Standard,2025-06-29,2025-06-28,8.5,NONE,
O001177,2025-03-19,2025-03-25,C0610,R02,Completed,Digital Wallet,Standard,2025-03-25,2025-03-25,12,NONE,
O001178,2025-11-09,2025-11-15,C0563,R02,Returned,Card,Standard,2025-11-15,2025-11-15,10,HOLIDAY,
O001179,2024-03-24,2024-04-03,C0348,R05,Completed,Card,Standard,2024-03-30,2024-04-03,12,NONE,
O001180,2025-06-17,2025-06-23,C0253,R03,Completed,Digital Wallet,Standard,2025-06-23,2025-06-23,8.5,NONE,
O001181,2025-03-07,2025-03-12,C0407,R05,Completed,Card,Standard,2025-03-13,2025-03-12,15,NONE,
O001182,2025-09-14,2025-09-20,C0007,R04,Returned,Card,Standard,2025-09-20,2025-09-20,15,BACK2WORK,
O001183,2025-12-23,2025-12-29,C0338,R04,Completed,Card,Standard,2025-12-29,2025-12-29,13,HOLIDAY,
O001184,2025-04-12,2025-04-18,C0606,R04,Completed,Buy Now Pay Later,Standard,2025-04-18,2025-04-18,17,NONE,
O001185,2024-12-25,2025-01-03,C0167,R03,Completed,Card,Standard,2024-12-31,2025-01-03,8.5,HOLIDAY,
O001186,2025-12-10,2025-12-16,C0454,R05,Completed,Card,Standard,2025-12-16,2025-12-16,11.5,HOLIDAY,
O001187,2025-04-05,2025-04-11,C0551,R01,Completed,Bank Transfer,Standard,2025-04-11,2025-04-11,8.5,NONE,
O001188,2025-11-18,2025-11-20,C0024,R07,Completed,Digital Wallet,Express,2025-11-21,2025-11-20,17,HOLIDAY,
O001189,2025-09-06,2025-09-11,C0524,R08,Completed,Card,Standard,2025-09-12,2025-09-11,8.5,NONE,
O001190,2025-05-18,2025-05-23,C0687,R05,Completed,Card,Standard,2025-05-24,2025-05-23,8.5,NONE,
O001191,2024-12-10,2024-12-16,C0086,R02,Completed,Buy Now Pay Later,Standard,2024-12-16,2024-12-16,8.5,HOLIDAY,
O001192,2024-12-23,2024-12-29,C0498,R04,Returned,Buy Now Pay Later,Standard,2024-12-29,2024-12-29,11.5,HOLIDAY,
O001193,2024-06-22,2024-06-28,C0476,R05,Completed,Card,Standard,2024-06-28,2024-06-28,11.5,SUMMER,
O001194,2025-03-29,2025-04-04,C0489,R04,Completed,Digital Wallet,Standard,2025-04-04,2025-04-04,12,NONE,
O001195,2025-05-26,2025-05-29,C0201,R02,Completed,Card,Express,2025-05-29,2025-05-29,15.5,SPRING,
O001196,2024-08-16,2024-08-21,C0460,R03,Completed,Bank Transfer,Standard,2024-08-22,2024-08-21,8.5,NONE,
O001197,2024-08-29,2024-09-04,C0700,R03,Completed,Digital Wallet,Standard,2024-09-04,2024-09-04,8.5,NONE,
O001198,2024-03-23,2024-03-28,C0159,R04,Completed,Card,Standard,2024-03-29,2024-03-28,8.5,NONE,
O001199,2024-06-02,2024-06-04,C0527,R02,Completed,Card,Express,2024-06-05,2024-06-04,17,NONE,
O001200,2025-03-28,2025-04-03,C0058,R01,Completed,Bank Transfer,Standard,2025-04-03,2025-04-03,10,NONE,
O001201,2025-08-19,2025-08-25,C0683,R06,Completed,Card,Standard,2025-08-25,2025-08-25,8.5,NONE,
O001202,2025-01-17,2025-01-23,C0383,R03,Completed,Digital Wallet,Standard,2025-01-23,2025-01-23,8.5,NONE,
O001203,2024-02-21,2024-02-26,C0391,R01,Completed,Card,Standard,2024-02-27,2024-02-26,8.5,NONE,
O001204,2024-11-19,2024-11-29,C0177,R04,Completed,Digital Wallet,Standard,2024-11-25,2024-11-29,8.5,HOLIDAY,
O001205,2025-04-24,2025-04-29,C0441,R06,Completed,Card,Standard,2025-04-30,2025-04-29,10,SUMMER,
O001206,2025-04-12,2025-04-19,C0428,R05,Completed,Buy Now Pay Later,Standard,2025-04-18,2025-04-19,8.5,NONE,
O001207,2025-07-19,2025-07-24,C0425,R07,Completed,Bank Transfer,Standard,2025-07-25,2025-07-24,10,NONE,
O001208,2024-09-30,2024-10-05,C0113,R01,Completed,Digital Wallet,Standard,2024-10-06,2024-10-05,8.5,NONE,
O001209,2024-05-27,2024-06-01,C0162,R02,Completed,Buy Now Pay Later,Standard,2024-06-02,2024-06-01,8.5,SPRING,
O001210,2025-01-13,,C0570,R02,Cancelled,Bank Transfer,Standard,,,8.5,NONE,Inventory unavailable
O001211,2025-11-29,2025-12-05,C0399,R06,Returned,Digital Wallet,Standard,2025-12-05,2025-12-05,15,HOLIDAY,
O001212,2025-03-08,,C0031,R07,Cancelled,Card,Express,,,22,NONE,Payment failure
O001213,2024-08-18,2024-08-23,C0410,R01,Completed,Buy Now Pay Later,Standard,2024-08-24,2024-08-23,10,SUMMER,
O001214,2025-04-23,2025-04-25,C0538,R04,Completed,Digital Wallet,Express,2025-04-26,2025-04-25,15.5,NONE,
O001215,2025-01-20,2025-01-27,C0416,R05,Completed,Card,Standard,2025-01-26,2025-01-27,12,NONE,
O001216,2024-11-07,2024-11-16,C0652,R06,Completed,Card,Standard,2024-11-13,2024-11-16,8.5,HOLIDAY,
O001217,2025-05-24,2025-05-30,C0682,R05,Completed,Bank Transfer,Standard,2025-05-30,2025-05-30,8.5,NONE,
O001218,2024-06-01,2024-06-03,C0431,R03,Completed,Digital Wallet,Express,2024-06-04,2024-06-03,15.5,NONE,
O001219,2024-11-07,2024-11-09,C0329,R04,Completed,Digital Wallet,Express,2024-11-10,2024-11-09,22,HOLIDAY,
O001220,2025-04-19,2025-04-24,C0149,R08,Completed,Card,Standard,2025-04-25,2025-04-24,8.5,SUMMER,
O001221,2025-03-15,2025-03-21,C0537,R02,Completed,Bank Transfer,Standard,2025-03-21,2025-03-21,8.5,NONE,
O001222,2024-07-12,2024-07-17,C0463,R06,Completed,Card,Standard,2024-07-18,2024-07-17,18.5,NONE,
O001223,2025-05-12,2025-05-22,C0615,R06,Completed,Card,Standard,2025-05-18,2025-05-22,12,NONE,
O001224,2024-01-15,2024-01-21,C0058,R01,Completed,Digital Wallet,Standard,2024-01-21,2024-01-21,20,NONE,
O001225,2024-01-27,2024-02-02,C0060,R06,Completed,Buy Now Pay Later,Standard,2024-02-02,2024-02-02,15,NONE,
O001226,2024-01-28,2024-02-07,C0278,R02,Completed,Bank Transfer,Standard,2024-02-03,2024-02-07,12,NONE,
O001227,2024-11-03,2024-11-10,C0277,R07,Completed,Digital Wallet,Standard,2024-11-09,2024-11-10,8.5,HOLIDAY,
O001228,2024-05-13,2024-05-16,C0145,R02,Completed,Bank Transfer,Express,2024-05-16,2024-05-16,15.5,NONE,
O001229,2025-06-20,2025-06-26,C0178,R01,Completed,Bank Transfer,Standard,2025-06-26,2025-06-26,10,NONE,
O001230,2024-01-12,2024-01-18,C0012,R06,Completed,Buy Now Pay Later,Standard,2024-01-18,2024-01-18,11.5,NONE,
O001231,2024-02-13,2024-02-21,C0526,R02,Completed,Bank Transfer,Standard,2024-02-19,2024-02-21,8.5,NONE,
O001232,2025-08-17,2025-08-23,C0079,R02,Completed,Bank Transfer,Standard,2025-08-23,2025-08-23,17,NONE,
O001233,2025-02-17,2025-02-22,C0522,R08,Completed,Card,Standard,2025-02-23,2025-02-22,8.5,BACK2WORK,
O001234,2025-05-03,2025-05-07,C0145,R02,Returned,Digital Wallet,Express,2025-05-06,2025-05-07,22,NONE,
O001235,2025-11-28,2025-12-04,C0337,R03,Completed,Bank Transfer,Standard,2025-12-04,2025-12-04,13.5,HOLIDAY,
O001236,2024-04-14,2024-04-19,C0624,R05,Returned,Digital Wallet,Standard,2024-04-20,2024-04-19,10,NONE,
O001237,2025-08-27,2025-09-02,C0645,R03,Completed,Card,Standard,2025-09-02,2025-09-02,12,NONE,
O001238,2025-11-26,2025-12-01,C0196,R03,Returned,Bank Transfer,Standard,2025-12-02,2025-12-01,8.5,HOLIDAY,
O001239,2025-11-16,2025-11-22,C0412,R04,Completed,Card,Standard,2025-11-22,2025-11-22,10,HOLIDAY,
O001240,2025-01-17,2025-01-23,C0020,R01,Completed,Buy Now Pay Later,Standard,2025-01-23,2025-01-23,8.5,NONE,
O001241,2024-08-12,2024-08-18,C0509,R03,Completed,Card,Standard,2024-08-18,2024-08-18,10,NONE,
O001242,2025-02-09,2025-02-15,C0609,R06,Completed,Card,Standard,2025-02-15,2025-02-15,10,NONE,
O001243,2025-11-30,2025-12-05,C0174,R08,Completed,Card,Standard,2025-12-06,2025-12-05,11.5,HOLIDAY,
O001244,2024-09-05,2024-09-11,C0464,R06,Completed,Buy Now Pay Later,Standard,2024-09-11,2024-09-11,8.5,NONE,
O001245,2025-06-13,2025-06-18,C0563,R02,Completed,Digital Wallet,Standard,2025-06-19,2025-06-18,10,NONE,
O001246,2024-12-11,2024-12-16,C0432,R01,Completed,Bank Transfer,Standard,2024-12-17,2024-12-16,16.5,HOLIDAY,
O001247,2025-09-10,2025-09-15,C0212,R01,Completed,Card,Standard,2025-09-16,2025-09-15,12,NONE,
O001248,2025-11-04,2025-11-09,C0607,R06,Completed,Card,Standard,2025-11-10,2025-11-09,8.5,HOLIDAY,
O001249,2024-06-17,,C0098,R03,Cancelled,Digital Wallet,Standard,,,11.5,NONE,Customer changed mind
O001250,2024-10-11,2024-10-16,C0425,R07,Completed,Card,Standard,2024-10-17,2024-10-16,8.5,NONE,
O001251,2025-02-04,2025-02-10,C0277,R07,Returned,Digital Wallet,Standard,2025-02-10,2025-02-10,18.5,NONE,
O001252,2024-05-02,2024-05-08,C0573,R01,Completed,Card,Standard,2024-05-08,2024-05-08,8.5,NONE,
O001253,2025-12-12,2025-12-17,C0420,R04,Completed,Card,Standard,2025-12-18,2025-12-17,10,HOLIDAY,
O001254,2024-05-19,2024-05-24,C0345,R04,Completed,Digital Wallet,Standard,2024-05-25,2024-05-24,10,SUMMER,
O001255,2025-06-21,2025-06-26,C0689,R03,Completed,Card,Standard,2025-06-27,2025-06-26,12,NONE,
O001256,2024-03-07,2024-03-12,C0385,R05,Completed,Buy Now Pay Later,Standard,2024-03-13,2024-03-12,8.5,NONE,
O001257,2025-09-28,,C0344,R07,Cancelled,Card,Standard,,,13.5,NONE,Customer changed mind
O001258,2025-01-18,2025-01-23,C0323,R08,Completed,Card,Standard,2025-01-24,2025-01-23,8.5,SUMMER,
O001259,2024-08-11,,C0006,R08,Cancelled,Card,Standard,,,8.5,NONE,Customer changed mind
O001260,2025-10-04,2025-10-10,C0563,R02,Completed,Card,Standard,2025-10-10,2025-10-10,8.5,SPRING,
O001261,2024-01-13,2024-01-19,C0358,R05,Completed,Bank Transfer,Standard,2024-01-19,2024-01-19,15,NONE,
O001262,2024-10-19,2024-10-24,C0033,R02,Completed,Digital Wallet,Standard,2024-10-25,2024-10-24,8.5,NONE,
O001263,2025-03-16,2025-03-21,C0499,R03,Completed,Card,Standard,2025-03-22,2025-03-21,8.5,NONE,
O001264,2025-07-03,2025-07-08,C0104,R03,Completed,Card,Standard,2025-07-09,2025-07-08,12,NONE,
O001265,2024-04-01,2024-04-06,C0098,R03,Completed,Card,Standard,2024-04-07,2024-04-06,8.5,NONE,
O001266,2024-09-23,2024-10-02,C0016,R05,Completed,Digital Wallet,Standard,2024-09-29,2024-10-02,16.5,NONE,
O001267,2025-05-05,2025-05-10,C0578,R01,Completed,Card,Standard,2025-05-11,2025-05-10,8.5,NONE,
O001268,2024-07-08,2024-07-16,C0441,R06,Completed,Digital Wallet,Standard,2024-07-14,2024-07-16,12,SUMMER,
O001269,2025-05-20,2025-05-22,C0696,R01,Completed,Card,Express,2025-05-23,2025-05-22,17,NONE,
O001270,2025-01-12,2025-01-17,C0527,R02,Completed,Buy Now Pay Later,Standard,2025-01-18,2025-01-17,18.5,NONE,
O001271,2024-12-04,2024-12-09,C0580,R04,Completed,Card,Standard,2024-12-10,2024-12-09,8.5,HOLIDAY,
O001272,2024-09-09,2024-09-14,C0087,R02,Completed,Card,Standard,2024-09-15,2024-09-14,8.5,NONE,
O001273,2024-11-05,2024-11-11,C0012,R06,Completed,Card,Standard,2024-11-11,2024-11-11,16.5,HOLIDAY,
O001274,2024-02-25,2024-02-28,C0323,R08,Completed,Bank Transfer,Express,2024-02-28,2024-02-28,20.5,NONE,
O001275,2025-04-28,2025-05-04,C0556,R07,Completed,Digital Wallet,Standard,2025-05-04,2025-05-04,10,BACK2WORK,
O001276,2024-12-14,2024-12-20,C0316,R06,Returned,Card,Standard,2024-12-20,2024-12-20,8.5,HOLIDAY,
O001277,2024-11-05,2024-11-11,C0502,R04,Completed,Card,Standard,2024-11-11,2024-11-11,8.5,HOLIDAY,
O001278,2024-02-05,2024-02-13,C0422,R02,Completed,Card,Standard,2024-02-11,2024-02-13,15,NONE,
O001279,2025-10-25,2025-10-30,C0328,R06,Completed,Card,Standard,2025-10-31,2025-10-30,10,NONE,
O001280,2024-07-27,2024-08-04,C0388,R03,Completed,Card,Standard,2024-08-02,2024-08-04,10,NONE,
O001281,2025-03-06,2025-03-11,C0063,R01,Completed,Card,Standard,2025-03-12,2025-03-11,12,NONE,
O001282,2025-09-10,2025-09-15,C0534,R01,Completed,Card,Standard,2025-09-16,2025-09-15,10,NONE,
O001283,2025-06-25,,C0213,R03,Cancelled,Digital Wallet,Standard,,,8.5,NONE,Customer changed mind
O001284,2024-07-30,2024-08-01,C0530,R01,Returned,Card,Express,2024-08-02,2024-08-01,18.5,NONE,
O001285,2025-04-27,2025-05-03,C0636,R01,Completed,Card,Standard,2025-05-03,2025-05-03,12,NONE,
O001286,2025-09-24,2025-09-29,C0455,R06,Completed,Digital Wallet,Standard,2025-09-30,2025-09-29,10,NONE,
O001287,2024-10-25,2024-10-30,C0074,R05,Completed,Card,Standard,2024-10-31,2024-10-30,13.5,BACK2WORK,
O001288,2025-03-24,2025-03-29,C0617,R03,Completed,Bank Transfer,Standard,2025-03-30,2025-03-29,15,NONE,
O001289,2025-04-03,2025-04-08,C0625,R02,Completed,Bank Transfer,Standard,2025-04-09,2025-04-08,12,NONE,
O001290,2024-12-10,2024-12-15,C0715,R01,Completed,Digital Wallet,Standard,2024-12-16,2024-12-15,13.5,HOLIDAY,
O001291,2025-02-15,2025-02-20,C0696,R01,Returned,Card,Standard,2025-02-21,2025-02-20,15,NONE,
O001292,2024-06-01,2024-06-06,C0033,R02,Completed,Card,Standard,2024-06-07,2024-06-06,16.5,NONE,
O001293,2025-07-04,2025-07-10,C0133,R05,Completed,Digital Wallet,Standard,2025-07-10,2025-07-10,8.5,NONE,
O001294,2025-11-10,2025-11-16,C0050,R06,Completed,Card,Standard,2025-11-16,2025-11-16,10,HOLIDAY,
O001295,2024-12-02,2024-12-07,C0534,R01,Completed,Digital Wallet,Standard,2024-12-08,2024-12-07,8.5,HOLIDAY,
O001296,2025-09-29,2025-10-02,C0256,R05,Completed,Card,Express,2025-10-02,2025-10-02,23.5,SPRING,
O001297,2024-10-04,2024-10-10,C0278,R02,Completed,Card,Standard,2024-10-10,2024-10-10,8.5,NONE,
O001298,2024-11-01,2024-11-06,C0102,R04,Completed,Digital Wallet,Standard,2024-11-07,2024-11-06,8.5,HOLIDAY,
O001299,2025-08-24,2025-09-03,C0366,R07,Completed,Buy Now Pay Later,Standard,2025-08-30,2025-09-03,12,NONE,
O001300,2024-01-24,2024-01-30,C0669,R07,Completed,Digital Wallet,Standard,2024-01-30,2024-01-30,10,NONE,
O001301,2025-08-29,2025-09-04,C0411,R01,Returned,Card,Standard,2025-09-04,2025-09-04,8.5,NONE,
O001302,2025-10-21,2025-10-27,C0159,R04,Completed,Bank Transfer,Standard,2025-10-27,2025-10-27,8.5,NONE,
O001303,2025-09-25,2025-10-04,C0460,R03,Completed,Card,Standard,2025-10-01,2025-10-04,10,NONE,
O001304,2025-09-14,2025-09-24,C0590,R06,Completed,Card,Standard,2025-09-20,2025-09-24,8.5,NONE,
O001305,2025-10-30,2025-11-05,C0577,R06,Completed,Digital Wallet,Standard,2025-11-05,2025-11-05,8.5,NONE,
O001306,2024-08-17,2024-08-19,C0455,R06,Completed,Digital Wallet,Express,2024-08-20,2024-08-19,15.5,NONE,
O001307,2024-03-18,2024-03-24,C0116,R08,Completed,Card,Standard,2024-03-24,2024-03-24,8.5,NONE,
O001308,2024-07-27,2024-08-02,C0349,R03,Completed,Card,Standard,2024-08-02,2024-08-02,15,NONE,
O001309,2025-09-20,2025-09-22,C0201,R02,Completed,Card,Express,2025-09-23,2025-09-22,15.5,NONE,
O001310,2025-04-26,2025-05-01,C0498,R04,Completed,Card,Standard,2025-05-02,2025-05-01,13.5,NONE,
O001311,2024-05-25,2024-05-31,C0057,R05,Completed,Card,Standard,2024-05-31,2024-05-31,10,NONE,
O001312,2024-09-11,2024-09-17,C0611,R01,Completed,Digital Wallet,Standard,2024-09-17,2024-09-17,13.5,NONE,
O001313,2024-12-23,,C0340,R04,Cancelled,Digital Wallet,Standard,,,12,HOLIDAY,Customer changed mind
O001314,2024-08-12,2024-08-18,C0329,R04,Completed,Card,Standard,2024-08-18,2024-08-18,10,SPRING,
O001315,2025-01-25,2025-02-03,C0637,R04,Completed,Card,Standard,2025-01-31,2025-02-03,10,NONE,
O001316,2024-11-05,2024-11-11,C0096,R03,Completed,Digital Wallet,Standard,2024-11-11,2024-11-11,12,HOLIDAY,
O001317,2025-09-15,2025-09-25,C0148,R03,Completed,Card,Standard,2025-09-21,2025-09-25,20,NONE,
O001318,2024-12-07,2024-12-17,C0483,R06,Returned,Card,Standard,2024-12-13,2024-12-17,16.5,HOLIDAY,
O001319,2024-05-17,2024-05-23,C0534,R01,Completed,Buy Now Pay Later,Standard,2024-05-23,2024-05-23,8.5,NONE,
O001320,2024-11-30,2024-12-06,C0669,R07,Completed,Card,Standard,2024-12-06,2024-12-06,15,HOLIDAY,
O001321,2025-02-18,2025-02-28,C0445,R01,Completed,Card,Standard,2025-02-24,2025-02-28,10,NONE,
O001322,2024-01-07,,C0403,R08,Cancelled,Card,Standard,,,11.5,NONE,Payment failure
O001323,2025-10-29,2025-11-04,C0318,R02,Completed,Digital Wallet,Standard,2025-11-04,2025-11-04,8.5,NONE,
O001324,2024-02-18,2024-02-23,C0397,R07,Completed,Digital Wallet,Standard,2024-02-24,2024-02-23,8.5,NONE,
O001325,2024-10-07,2024-10-13,C0294,R08,Completed,Card,Standard,2024-10-13,2024-10-13,8.5,NONE,
O001326,2025-02-07,2025-02-09,C0414,R04,Returned,Digital Wallet,Express,2025-02-10,2025-02-09,22,BACK2WORK,
O001327,2024-02-22,2024-02-27,C0094,R01,Completed,Card,Standard,2024-02-28,2024-02-27,20,NONE,
O001328,2025-09-07,2025-09-12,C0253,R03,Completed,Card,Standard,2025-09-13,2025-09-12,10,NONE,
O001329,2024-04-20,2024-04-27,C0083,R08,Completed,Card,Standard,2024-04-26,2024-04-27,10,NONE,
O001330,2025-11-23,2025-11-29,C0168,R04,Completed,Digital Wallet,Standard,2025-11-29,2025-11-29,11.5,HOLIDAY,
O001331,2024-08-03,2024-08-08,C0410,R01,Completed,Bank Transfer,Standard,2024-08-09,2024-08-08,13.5,NONE,
O001332,2024-12-21,2024-12-27,C0400,R05,Completed,Digital Wallet,Standard,2024-12-27,2024-12-27,8.5,HOLIDAY,
O001333,2024-06-13,2024-06-18,C0400,R05,Completed,Card,Standard,2024-06-19,2024-06-18,8.5,NONE,
O001334,2025-12-21,2025-12-26,C0471,R06,Completed,Card,Standard,2025-12-27,2025-12-26,16.5,HOLIDAY,
O001335,2025-09-06,2025-09-12,C0591,R02,Completed,Digital Wallet,Standard,2025-09-12,2025-09-12,8.5,SPRING,
O001336,2024-12-26,2025-01-01,C0524,R08,Completed,Bank Transfer,Standard,2025-01-01,2025-01-01,11.5,HOLIDAY,
O001337,2025-08-01,,C0318,R02,Cancelled,Buy Now Pay Later,Standard,,,8.5,NONE,Inventory unavailable
O001338,2024-06-15,2024-06-18,C0016,R05,Completed,Card,Express,2024-06-18,2024-06-18,20,BACK2WORK,
O001339,2024-07-27,2024-07-30,C0118,R03,Completed,Card,Express,2024-07-30,2024-07-30,19,BACK2WORK,
O001340,2025-08-01,2025-08-07,C0507,R04,Completed,Bank Transfer,Standard,2025-08-07,2025-08-07,8.5,NONE,
O001341,2025-02-27,2025-03-05,C0065,R03,Completed,Bank Transfer,Standard,2025-03-05,2025-03-05,8.5,NONE,
O001342,2025-02-22,2025-02-27,C0087,R02,Completed,Buy Now Pay Later,Standard,2025-02-28,2025-02-27,8.5,SUMMER,
O001343,2025-07-17,2025-07-20,C0333,R05,Completed,Bank Transfer,Express,2025-07-20,2025-07-20,19,SPRING,
O001344,2024-05-21,2024-05-26,C0351,R01,Completed,Card,Standard,2024-05-27,2024-05-26,8.5,NONE,
O001345,2024-09-19,2024-09-25,C0067,R04,Completed,Card,Standard,2024-09-25,2024-09-25,8.5,SPRING,
O001346,2025-06-17,2025-06-23,C0558,R05,Completed,Bank Transfer,Standard,2025-06-23,2025-06-23,10,NONE,
O001347,2024-07-14,2024-07-19,C0178,R01,Completed,Digital Wallet,Standard,2024-07-20,2024-07-19,10,NONE,
O001348,2025-12-10,2025-12-20,C0498,R04,Completed,Card,Standard,2025-12-16,2025-12-20,18.5,HOLIDAY,
O001349,2025-02-21,2025-02-24,C0087,R02,Completed,Card,Express,2025-02-24,2025-02-24,20.5,NONE,
O001350,2024-02-08,2024-02-13,C0517,R06,Completed,Buy Now Pay Later,Standard,2024-02-14,2024-02-13,12,NONE,
O001351,2024-12-06,2024-12-12,C0226,R02,Returned,Bank Transfer,Standard,2024-12-12,2024-12-12,8.5,HOLIDAY,
O001352,2025-02-13,2025-02-19,C0033,R02,Completed,Digital Wallet,Standard,2025-02-19,2025-02-19,8.5,NONE,
O001353,2024-12-26,2024-12-28,C0606,R04,Completed,Buy Now Pay Later,Express,2024-12-29,2024-12-28,17,HOLIDAY,
O001354,2024-09-05,2024-09-11,C0407,R05,Completed,Digital Wallet,Standard,2024-09-11,2024-09-11,11.5,NONE,
O001355,2025-08-31,2025-09-05,C0143,R04,Completed,Bank Transfer,Standard,2025-09-06,2025-09-05,13.5,NONE,
O001356,2024-03-05,2024-03-10,C0131,R06,Completed,Bank Transfer,Standard,2024-03-11,2024-03-10,10,NONE,
O001357,2025-05-04,2025-05-09,C0213,R03,Completed,Digital Wallet,Standard,2025-05-10,2025-05-09,8.5,SUMMER,
O001358,2024-05-05,2024-05-08,C0500,R01,Completed,Card,Express,2024-05-08,2024-05-08,17,NONE,
O001359,2025-03-07,2025-03-13,C0035,R06,Completed,Digital Wallet,Standard,2025-03-13,2025-03-13,8.5,BACK2WORK,
O001360,2024-09-05,2024-09-10,C0539,R01,Completed,Card,Standard,2024-09-11,2024-09-10,8.5,SUMMER,
O001361,2025-01-19,2025-01-25,C0664,R03,Completed,Digital Wallet,Standard,2025-01-25,2025-01-25,8.5,NONE,
O001362,2024-09-06,2024-09-14,C0089,R01,Completed,Digital Wallet,Standard,2024-09-12,2024-09-14,13.5,NONE,
O001363,2024-06-19,2024-06-25,C0453,R07,Completed,Card,Express,2024-06-22,2024-06-25,22,NONE,
O001364,2024-03-10,2024-03-12,C0476,R05,Completed,Digital Wallet,Express,2024-03-13,2024-03-12,20.5,NONE,
O001365,2025-02-06,2025-02-11,C0418,R04,Completed,Card,Standard,2025-02-12,2025-02-11,11.5,NONE,
O001366,2024-09-02,2024-09-07,C0043,R01,Completed,Card,Standard,2024-09-08,2024-09-07,16.5,NONE,
O001367,2024-06-23,2024-06-29,C0657,R01,Completed,Digital Wallet,Standard,2024-06-29,2024-06-29,12,NONE,
O001368,2025-12-20,2025-12-27,C0615,R06,Completed,Digital Wallet,Express,2025-12-23,2025-12-27,17,HOLIDAY,
O001369,2025-01-21,2025-01-30,C0342,R02,Completed,Bank Transfer,Standard,2025-01-27,2025-01-30,13.5,SPRING,
O001370,2024-07-26,2024-08-04,C0219,R04,Completed,Card,Standard,2024-08-01,2024-08-04,11.5,BACK2WORK,
O001371,2025-06-22,2025-06-27,C0330,R03,Completed,Card,Standard,2025-06-28,2025-06-27,13.5,NONE,
O001372,2025-09-22,2025-09-24,C0333,R05,Completed,Buy Now Pay Later,Express,2025-09-25,2025-09-24,22,SUMMER,
O001373,2025-11-26,2025-12-01,C0517,R06,Completed,Card,Standard,2025-12-02,2025-12-01,8.5,HOLIDAY,
O001374,2025-01-16,2025-01-22,C0580,R04,Completed,Buy Now Pay Later,Standard,2025-01-22,2025-01-22,18.5,NONE,
O001375,2025-10-15,2025-10-18,C0609,R06,Completed,Buy Now Pay Later,Express,2025-10-18,2025-10-18,19,NONE,
O001376,2024-02-08,2024-02-13,C0140,R04,Completed,Buy Now Pay Later,Standard,2024-02-14,2024-02-13,22,NONE,
O001377,2024-08-09,2024-08-15,C0390,R04,Completed,Digital Wallet,Standard,2024-08-15,2024-08-15,8.5,NONE,
O001378,2024-01-07,2024-01-09,C0616,R02,Completed,Digital Wallet,Express,2024-01-10,2024-01-09,17,NONE,
O001379,2025-07-01,2025-07-06,C0669,R07,Returned,Digital Wallet,Standard,2025-07-07,2025-07-06,8.5,NONE,
O001380,2025-04-07,2025-04-10,C0174,R08,Completed,Card,Express,2025-04-10,2025-04-10,15.5,NONE,
O001381,2024-05-21,2024-05-31,C0149,R08,Completed,Bank Transfer,Standard,2024-05-27,2024-05-31,15,NONE,
O001382,2025-04-26,2025-05-01,C0317,R07,Completed,Digital Wallet,Standard,2025-05-02,2025-05-01,8.5,NONE,
O001383,2024-02-12,2024-02-15,C0471,R06,Completed,Card,Express,2024-02-15,2024-02-15,15.5,NONE,
O001384,2024-11-14,2024-11-20,C0688,R02,Completed,Buy Now Pay Later,Standard,2024-11-20,2024-11-20,8.5,HOLIDAY,
O001385,2024-12-28,2025-01-03,C0428,R05,Completed,Bank Transfer,Standard,2025-01-03,2025-01-03,8.5,HOLIDAY,
O001386,2024-04-28,2024-05-04,C0700,R03,Completed,Bank Transfer,Standard,2024-05-04,2024-05-04,12,NONE,
O001387,2025-08-29,2025-09-07,C0701,R03,Completed,Card,Standard,2025-09-04,2025-09-07,11.5,NONE,
O001388,2024-09-06,2024-09-12,C0664,R03,Completed,Card,Standard,2024-09-12,2024-09-12,11.5,NONE,
O001389,2025-03-21,2025-03-30,C0129,R06,Completed,Card,Standard,2025-03-27,2025-03-30,12,NONE,
O001390,2025-02-13,2025-02-18,C0351,R01,Completed,Buy Now Pay Later,Standard,2025-02-19,2025-02-18,8.5,NONE,
O001391,2025-05-04,2025-05-07,C0525,R02,Completed,Digital Wallet,Express,2025-05-07,2025-05-07,17,NONE,
O001392,2024-11-30,,C0402,R05,Cancelled,Card,Standard,,,8.5,HOLIDAY,Payment failure
O001393,2025-01-07,2025-01-13,C0416,R05,Completed,Card,Standard,2025-01-13,2025-01-13,10,NONE,
O001394,2024-05-06,2024-05-09,C0580,R04,Completed,Card,Express,2024-05-09,2024-05-09,22,NONE,
O001395,2024-12-23,,C0198,R06,Cancelled,Bank Transfer,Standard,,,8.5,HOLIDAY,Inventory unavailable
O001396,2025-11-30,2025-12-05,C0637,R04,Completed,Digital Wallet,Express,2025-12-03,2025-12-05,20.5,HOLIDAY,
O001397,2025-04-13,2025-04-20,C0210,R03,Completed,Card,Express,2025-04-16,2025-04-20,22,NONE,
O001398,2024-01-07,2024-01-12,C0450,R04,Completed,Bank Transfer,Standard,2024-01-13,2024-01-12,8.5,BACK2WORK,
O001399,2025-04-20,2025-04-26,C0063,R01,Completed,Bank Transfer,Standard,2025-04-26,2025-04-26,8.5,NONE,
O001400,2025-04-10,2025-04-15,C0250,R02,Completed,Card,Standard,2025-04-16,2025-04-15,8.5,NONE,
O001401,2025-04-13,2025-04-19,C0611,R01,Completed,Digital Wallet,Standard,2025-04-19,2025-04-19,12,BACK2WORK,
O001402,2025-06-25,2025-06-27,C0549,R08,Returned,Card,Express,2025-06-28,2025-06-27,20.5,NONE,
O001403,2025-12-06,2025-12-11,C0302,R05,Completed,Card,Standard,2025-12-12,2025-12-11,10,HOLIDAY,
O001404,2024-10-16,2024-10-21,C0598,R06,Completed,Bank Transfer,Standard,2024-10-22,2024-10-21,16.5,NONE,
O001405,2025-04-26,2025-04-28,C0330,R03,Completed,Card,Express,2025-04-29,2025-04-28,15.5,NONE,
O001406,2025-06-22,,C0261,R08,Cancelled,Buy Now Pay Later,Standard,,,10,SUMMER,Customer changed mind
O001407,2025-06-30,2025-07-06,C0713,R07,Completed,Card,Standard,2025-07-06,2025-07-06,8.5,NONE,
O001408,2024-05-29,2024-06-04,C0503,R01,Completed,Card,Standard,2024-06-04,2024-06-04,8.5,NONE,
O001409,2024-06-13,2024-06-18,C0374,R01,Completed,Digital Wallet,Standard,2024-06-19,2024-06-18,8.5,SUMMER,
O001410,2024-12-20,2024-12-26,C0373,R05,Completed,Card,Standard,2024-12-26,2024-12-26,10,HOLIDAY,
O001411,2025-01-08,2025-01-14,C0351,R01,Completed,Card,Standard,2025-01-14,2025-01-14,10,NONE,
O001412,2025-02-23,2025-03-01,C0375,R04,Completed,Card,Standard,2025-03-01,2025-03-01,15,NONE,
O001413,2025-02-24,2025-03-05,C0464,R06,Completed,Card,Standard,2025-03-02,2025-03-05,8.5,NONE,
O001414,2025-12-12,2025-12-14,C0539,R01,Completed,Card,Express,2025-12-15,2025-12-14,15.5,HOLIDAY,
O001415,2024-08-22,,C0397,R07,Cancelled,Bank Transfer,Standard,,,8.5,SUMMER,Address issue
O001416,2025-08-20,2025-08-26,C0159,R04,Completed,Bank Transfer,Standard,2025-08-26,2025-08-26,10,NONE,
O001417,2025-04-05,2025-04-08,C0201,R02,Completed,Card,Express,2025-04-08,2025-04-08,19,NONE,
O001418,2025-11-04,2025-11-10,C0475,R08,Completed,Bank Transfer,Standard,2025-11-10,2025-11-10,12,HOLIDAY,
O001419,2024-09-17,2024-09-22,C0178,R01,Completed,Card,Standard,2024-09-23,2024-09-22,8.5,NONE,
O001420,2025-01-21,2025-01-26,C0442,R07,Returned,Buy Now Pay Later,Standard,2025-01-27,2025-01-26,12,NONE,
O001421,2025-02-20,2025-02-23,C0591,R02,Completed,Digital Wallet,Express,2025-02-23,2025-02-23,18.5,NONE,
O001422,2024-12-12,2024-12-14,C0175,R03,Completed,Digital Wallet,Express,2024-12-15,2024-12-14,19,HOLIDAY,
O001423,2025-04-10,2025-04-15,C0554,R04,Completed,Buy Now Pay Later,Standard,2025-04-16,2025-04-15,10,NONE,
O001424,2025-03-09,2025-03-15,C0503,R01,Returned,Card,Standard,2025-03-15,2025-03-15,12,SPRING,
O001425,2024-10-10,2024-10-16,C0638,R03,Completed,Card,Standard,2024-10-16,2024-10-16,10,BACK2WORK,
O001426,2025-05-28,2025-05-31,C0581,R06,Completed,Digital Wallet,Express,2025-05-31,2025-05-31,22,BACK2WORK,
O001427,2025-11-16,2025-11-19,C0016,R05,Completed,Card,Express,2025-11-19,2025-11-19,19,HOLIDAY,
O001428,2025-02-26,2025-03-01,C0700,R03,Completed,Card,Express,2025-03-01,2025-03-01,17,SUMMER,
O001429,2025-12-26,2025-12-28,C0063,R01,Completed,Card,Express,2025-12-29,2025-12-28,15.5,HOLIDAY,
O001430,2025-06-02,2025-06-07,C0302,R05,Completed,Buy Now Pay Later,Standard,2025-06-08,2025-06-07,10,NONE,
O001431,2025-08-01,2025-08-07,C0541,R03,Completed,Card,Standard,2025-08-07,2025-08-07,8.5,NONE,
O001432,2025-11-07,2025-11-13,C0701,R03,Returned,Bank Transfer,Standard,2025-11-13,2025-11-13,13.5,HOLIDAY,
O001433,2024-04-23,2024-04-29,C0399,R06,Completed,Card,Standard,2024-04-29,2024-04-29,11.5,NONE,
O001434,2025-10-15,2025-10-20,C0316,R06,Completed,Buy Now Pay Later,Standard,2025-10-21,2025-10-20,8.5,NONE,
O001435,2025-04-30,2025-05-06,C0483,R06,Completed,Card,Standard,2025-05-06,2025-05-06,11.5,NONE,
O001436,2025-06-28,2025-07-03,C0388,R03,Completed,Bank Transfer,Standard,2025-07-04,2025-07-03,10,NONE,
O001437,2025-03-05,2025-03-10,C0635,R04,Completed,Buy Now Pay Later,Standard,2025-03-11,2025-03-10,10,NONE,
O001438,2024-07-23,2024-07-29,C0611,R01,Completed,Buy Now Pay Later,Standard,2024-07-29,2024-07-29,8.5,NONE,
O001439,2025-01-24,2025-01-30,C0552,R08,Completed,Digital Wallet,Standard,2025-01-30,2025-01-30,8.5,NONE,
O001440,2024-10-17,2024-10-24,C0570,R02,Completed,Buy Now Pay Later,Standard,2024-10-23,2024-10-24,20,BACK2WORK,
O001441,2025-02-14,2025-02-24,C0161,R08,Completed,Card,Standard,2025-02-20,2025-02-24,12,NONE,
O001442,2024-12-25,2024-12-31,C0517,R06,Completed,Digital Wallet,Standard,2024-12-31,2024-12-31,8.5,HOLIDAY,
O001443,2025-08-19,2025-08-24,C0373,R05,Completed,Digital Wallet,Standard,2025-08-25,2025-08-24,8.5,NONE,
O001444,2024-08-09,2024-08-14,C0458,R08,Completed,Bank Transfer,Standard,2024-08-15,2024-08-14,12,NONE,
O001445,2025-04-13,2025-04-18,C0589,R01,Completed,Digital Wallet,Standard,2025-04-19,2025-04-18,8.5,NONE,
O001446,2025-12-08,2025-12-18,C0320,R03,Completed,Digital Wallet,Standard,2025-12-14,2025-12-18,13.5,HOLIDAY,
O001447,2025-02-23,,C0707,R06,Cancelled,Bank Transfer,Standard,,,8.5,NONE,Payment failure
O001448,2025-08-28,,C0161,R08,Cancelled,Card,Standard,,,8.5,NONE,Payment failure
O001449,2024-04-08,2024-04-14,C0332,R06,Completed,Card,Standard,2024-04-14,2024-04-14,11.5,BACK2WORK,
O001450,2025-10-18,2025-10-24,C0049,R04,Completed,Buy Now Pay Later,Standard,2025-10-24,2025-10-24,8.5,NONE,
O001451,2024-02-11,2024-02-17,C0557,R05,Completed,Buy Now Pay Later,Standard,2024-02-17,2024-02-17,11.5,NONE,
O001452,2025-07-03,2025-07-09,C0004,R03,Completed,Buy Now Pay Later,Standard,2025-07-09,2025-07-09,10,NONE,
O001453,2024-08-16,2024-08-26,C0509,R03,Completed,Digital Wallet,Standard,2024-08-22,2024-08-26,8.5,NONE,
O001454,2025-07-30,2025-08-04,C0213,R03,Completed,Digital Wallet,Standard,2025-08-05,2025-08-04,15,NONE,
O001455,2025-01-16,2025-01-23,C0254,R02,Completed,Digital Wallet,Standard,2025-01-22,2025-01-23,15,NONE,
O001456,2025-06-17,2025-06-23,C0571,R06,Completed,Card,Standard,2025-06-23,2025-06-23,12,NONE,
O001457,2024-07-20,2024-07-28,C0247,R01,Completed,Card,Standard,2024-07-26,2024-07-28,8.5,SUMMER,
O001458,2024-05-02,2024-05-09,C0014,R05,Completed,Card,Express,2024-05-05,2024-05-09,20.5,NONE,
O001459,2025-07-06,2025-07-13,C0305,R08,Completed,Bank Transfer,Standard,2025-07-12,2025-07-13,8.5,NONE,
O001460,2025-03-27,2025-04-02,C0509,R03,Completed,Card,Standard,2025-04-02,2025-04-02,10,NONE,
O001461,2024-07-11,2024-07-16,C0404,R06,Completed,Buy Now Pay Later,Standard,2024-07-17,2024-07-16,8.5,NONE,
O001462,2024-03-09,,C0402,R05,Cancelled,Card,Standard,,,12,NONE,Customer changed mind
O001463,2025-06-10,2025-06-16,C0455,R06,Completed,Card,Standard,2025-06-16,2025-06-16,8.5,NONE,
O001464,2024-07-04,2024-07-10,C0012,R06,Completed,Card,Standard,2024-07-10,2024-07-10,10,NONE,
O001465,2024-08-22,2024-08-24,C0159,R04,Completed,Card,Express,2024-08-25,2024-08-24,17,NONE,
O001466,2025-12-09,,C0651,R01,Cancelled,Digital Wallet,Standard,,,15,HOLIDAY,Customer changed mind
O001467,2024-02-23,2024-02-28,C0417,R07,Completed,Digital Wallet,Standard,2024-02-29,2024-02-28,8.5,NONE,
O001468,2025-12-22,2025-12-24,C0112,R04,Completed,Card,Express,2025-12-25,2025-12-24,20.5,HOLIDAY,
O001469,2024-02-17,2024-02-24,C0536,R03,Completed,Digital Wallet,Express,2024-02-20,2024-02-24,29,NONE,
O001470,2024-01-21,2024-01-26,C0175,R03,Completed,Card,Standard,2024-01-27,2024-01-26,8.5,NONE,
O001471,2024-10-10,,C0161,R08,Cancelled,Card,Express,,,15.5,NONE,Payment failure
O001472,2024-04-03,2024-04-08,C0712,R01,Completed,Digital Wallet,Standard,2024-04-09,2024-04-08,8.5,NONE,
O001473,2024-04-30,2024-05-05,C0580,R04,Completed,Bank Transfer,Standard,2024-05-06,2024-05-05,10,NONE,
O001474,2024-05-06,2024-05-11,C0417,R07,Completed,Bank Transfer,Standard,2024-05-12,2024-05-11,13.5,NONE,
O001475,2024-02-25,2024-03-01,C0564,R03,Completed,Card,Standard,2024-03-02,2024-03-01,8.5,NONE,
O001476,2024-05-05,2024-05-07,C0044,R06,Returned,Digital Wallet,Express,2024-05-08,2024-05-07,23.5,BACK2WORK,
O001477,2024-04-14,2024-04-20,C0538,R04,Completed,Digital Wallet,Standard,2024-04-20,2024-04-20,8.5,NONE,
O001478,2025-03-21,2025-03-26,C0489,R04,Completed,Buy Now Pay Later,Standard,2025-03-27,2025-03-26,11.5,NONE,
O001479,2025-08-22,2025-08-25,C0366,R07,Completed,Card,Express,2025-08-25,2025-08-25,15.5,NONE,
O001480,2025-07-30,2025-08-01,C0503,R01,Completed,Card,Express,2025-08-02,2025-08-01,15.5,BACK2WORK,
O001481,2025-01-20,2025-01-26,C0094,R01,Completed,Card,Standard,2025-01-26,2025-01-26,12,NONE,
O001482,2024-04-16,2024-04-21,C0021,R05,Completed,Bank Transfer,Standard,2024-04-22,2024-04-21,8.5,SPRING,
O001483,2025-02-12,2025-02-17,C0091,R04,Completed,Buy Now Pay Later,Standard,2025-02-18,2025-02-17,10,NONE,
O001484,2025-01-24,2025-01-30,C0128,R04,Completed,Card,Standard,2025-01-30,2025-01-30,10,NONE,
O001485,2025-06-09,2025-06-12,C0337,R03,Completed,Card,Express,2025-06-12,2025-06-12,15.5,NONE,
O001486,2024-02-12,2024-02-17,C0713,R07,Completed,Card,Standard,2024-02-18,2024-02-17,12,NONE,
O001487,2025-12-06,,C0047,R03,Cancelled,Card,Standard,,,8.5,HOLIDAY,Payment failure
O001488,2024-06-28,,C0014,R05,Cancelled,Digital Wallet,Standard,,,8.5,NONE,Payment failure
O001489,2024-05-06,2024-05-12,C0012,R06,Returned,Card,Standard,2024-05-12,2024-05-12,8.5,NONE,
O001490,2024-06-13,2024-06-16,C0403,R08,Completed,Bank Transfer,Express,2024-06-16,2024-06-16,17,NONE,
O001491,2025-05-12,2025-05-18,C0587,R05,Completed,Card,Standard,2025-05-18,2025-05-18,8.5,NONE,
O001492,2025-07-07,2025-07-09,C0624,R05,Completed,Card,Express,2025-07-10,2025-07-09,15.5,NONE,
O001493,2025-09-30,2025-10-06,C0143,R04,Completed,Digital Wallet,Standard,2025-10-06,2025-10-06,15,NONE,
O001494,2024-05-25,2024-05-30,C0174,R08,Completed,Digital Wallet,Standard,2024-05-31,2024-05-30,11.5,NONE,
O001495,2024-08-21,2024-08-27,C0348,R05,Completed,Card,Standard,2024-08-27,2024-08-27,10,NONE,
O001496,2025-03-31,2025-04-05,C0464,R06,Completed,Digital Wallet,Standard,2025-04-06,2025-04-05,13,NONE,
O001497,2024-09-12,2024-09-18,C0050,R06,Completed,Digital Wallet,Standard,2024-09-18,2024-09-18,13.5,NONE,
O001498,2025-10-01,2025-10-11,C0192,R03,Completed,Digital Wallet,Standard,2025-10-07,2025-10-11,12,NONE,
O001499,2025-04-19,2025-04-21,C0564,R03,Returned,Card,Express,2025-04-22,2025-04-21,15.5,NONE,
O001500,2024-09-09,2024-09-14,C0415,R06,Completed,Bank Transfer,Standard,2024-09-15,2024-09-14,10,NONE,
O001501,2024-08-19,2024-08-25,C0658,R08,Returned,Card,Standard,2024-08-25,2024-08-25,10,NONE,
O001502,2024-05-09,2024-05-19,C0502,R04,Completed,Digital Wallet,Standard,2024-05-15,2024-05-19,8.5,BACK2WORK,
O001503,2024-01-05,2024-01-10,C0471,R06,Completed,Bank Transfer,Standard,2024-01-11,2024-01-10,10,SPRING,
O001504,2025-10-08,2025-10-14,C0441,R06,Completed,Card,Standard,2025-10-14,2025-10-14,15,NONE,
O001505,2024-10-08,2024-10-17,C0583,R07,Completed,Card,Standard,2024-10-14,2024-10-17,11.5,SPRING,
O001506,2024-04-29,2024-05-05,C0374,R01,Completed,Card,Standard,2024-05-05,2024-05-05,8.5,NONE,
O001507,2025-05-17,2025-05-22,C0035,R06,Completed,Card,Standard,2025-05-23,2025-05-22,8.5,NONE,
O001508,2025-04-18,2025-04-24,C0400,R05,Completed,Bank Transfer,Standard,2025-04-24,2025-04-24,8.5,NONE,
O001509,2024-06-25,2024-07-04,C0223,R06,Completed,Buy Now Pay Later,Standard,2024-07-01,2024-07-04,15,SUMMER,
O001510,2025-02-10,2025-02-15,C0220,R06,Completed,Digital Wallet,Standard,2025-02-16,2025-02-15,8.5,SPRING,
O001511,2024-05-12,2024-05-17,C0012,R06,Completed,Card,Standard,2024-05-18,2024-05-17,8.5,NONE,
O001512,2025-07-03,2025-07-08,C0273,R02,Completed,Digital Wallet,Standard,2025-07-09,2025-07-08,8.5,NONE,
O001513,2024-11-12,2024-11-18,C0345,R04,Completed,Digital Wallet,Standard,2024-11-18,2024-11-18,13.5,HOLIDAY,
O001514,2024-01-22,2024-01-27,C0663,R03,Completed,Digital Wallet,Standard,2024-01-28,2024-01-27,8.5,NONE,
O001515,2024-09-23,2024-09-29,C0554,R04,Completed,Buy Now Pay Later,Standard,2024-09-29,2024-09-29,12,NONE,
O001516,2025-05-23,2025-05-29,C0526,R02,Completed,Card,Standard,2025-05-29,2025-05-29,8.5,BACK2WORK,
O001517,2025-05-04,2025-05-10,C0159,R04,Completed,Card,Standard,2025-05-10,2025-05-10,10,NONE,
O001518,2024-05-07,2024-05-12,C0689,R03,Completed,Card,Standard,2024-05-13,2024-05-12,13.5,BACK2WORK,
O001519,2024-09-06,2024-09-12,C0536,R03,Completed,Digital Wallet,Standard,2024-09-12,2024-09-12,10,NONE,
O001520,2024-04-16,2024-04-22,C0391,R01,Completed,Digital Wallet,Standard,2024-04-22,2024-04-22,8.5,NONE,
O001521,2024-09-27,2024-10-03,C0581,R06,Completed,Card,Standard,2024-10-03,2024-10-03,18.5,NONE,
O001522,2024-05-30,2024-06-04,C0278,R02,Completed,Card,Standard,2024-06-05,2024-06-04,12,NONE,
O001523,2025-01-01,2025-01-07,C0298,R06,Completed,Buy Now Pay Later,Standard,2025-01-07,2025-01-07,16.5,NONE,
O001524,2024-07-14,2024-07-23,C0580,R04,Completed,Card,Standard,2024-07-20,2024-07-23,12,SUMMER,
O001525,2025-08-04,2025-08-13,C0420,R04,Returned,Digital Wallet,Standard,2025-08-10,2025-08-13,12,NONE,
O001526,2024-06-28,2024-07-06,C0606,R04,Completed,Buy Now Pay Later,Standard,2024-07-04,2024-07-06,20,SUMMER,
O001527,2025-12-12,2025-12-18,C0033,R02,Completed,Card,Standard,2025-12-18,2025-12-18,12,HOLIDAY,
O001528,2025-06-22,2025-06-28,C0418,R04,Completed,Digital Wallet,Standard,2025-06-28,2025-06-28,15,NONE,
O001529,2025-12-18,2025-12-24,C0069,R05,Completed,Buy Now Pay Later,Standard,2025-12-24,2025-12-24,8.5,HOLIDAY,
O001530,2024-08-31,2024-09-02,C0302,R05,Completed,Bank Transfer,Express,2024-09-03,2024-09-02,15.5,NONE,
O001531,2024-02-02,2024-02-07,C0443,R05,Completed,Card,Standard,2024-02-08,2024-02-07,8.5,NONE,
O001532,2025-07-18,2025-07-25,C0171,R06,Completed,Digital Wallet,Standard,2025-07-24,2025-07-25,8.5,NONE,
O001533,2024-07-10,2024-07-16,C0148,R03,Completed,Digital Wallet,Standard,2024-07-16,2024-07-16,13.5,NONE,
O001534,2024-06-20,2024-06-25,C0320,R03,Completed,Card,Standard,2024-06-26,2024-06-25,8.5,NONE,
O001535,2025-01-22,2025-01-27,C0391,R01,Completed,Card,Standard,2025-01-28,2025-01-27,8.5,NONE,
O001536,2024-01-06,2024-01-11,C0404,R06,Completed,Bank Transfer,Standard,2024-01-12,2024-01-11,10,NONE,
O001537,2025-04-11,,C0499,R03,Cancelled,Digital Wallet,Express,,,17,NONE,Payment failure
O001538,2025-03-24,2025-03-26,C0620,R04,Completed,Bank Transfer,Express,2025-03-27,2025-03-26,15.5,NONE,
O001539,2024-12-16,2024-12-26,C0102,R04,Completed,Card,Standard,2024-12-22,2024-12-26,12,HOLIDAY,
O001540,2024-07-30,2024-08-09,C0253,R03,Completed,Digital Wallet,Standard,2024-08-05,2024-08-09,8.5,SPRING,
O001541,2025-06-22,2025-06-28,C0226,R02,Completed,Digital Wallet,Standard,2025-06-28,2025-06-28,8.5,SUMMER,
O001542,2024-10-24,2024-10-29,C0194,R08,Completed,Card,Standard,2024-10-30,2024-10-29,8.5,NONE,
O001543,2024-12-08,2024-12-13,C0216,R08,Completed,Card,Standard,2024-12-14,2024-12-13,8.5,HOLIDAY,
O001544,2025-06-26,2025-06-29,C0187,R05,Completed,Card,Express,2025-06-29,2025-06-29,19,NONE,
O001545,2024-08-17,2024-08-23,C0102,R04,Completed,Digital Wallet,Standard,2024-08-23,2024-08-23,8.5,SPRING,
O001546,2025-11-01,2025-11-03,C0549,R08,Completed,Card,Express,2025-11-04,2025-11-03,19,HOLIDAY,
O001547,2024-03-19,2024-03-28,C0503,R01,Completed,Buy Now Pay Later,Standard,2024-03-25,2024-03-28,12,NONE,
O001548,2025-07-01,2025-07-08,C0635,R04,Completed,Buy Now Pay Later,Express,2025-07-04,2025-07-08,25.5,NONE,
O001549,2024-06-10,2024-06-16,C0238,R04,Completed,Card,Standard,2024-06-16,2024-06-16,10,NONE,
O001550,2025-03-12,2025-03-18,C0235,R06,Completed,Bank Transfer,Standard,2025-03-18,2025-03-18,10,NONE,
O001551,2025-07-14,2025-07-19,C0538,R04,Completed,Card,Standard,2025-07-20,2025-07-19,12,NONE,
O001552,2025-03-05,,C0021,R05,Cancelled,Digital Wallet,Standard,,,10,NONE,Inventory unavailable
O001553,2025-07-23,2025-07-29,C0343,R02,Completed,Digital Wallet,Standard,2025-07-29,2025-07-29,8.5,NONE,
O001554,2025-02-03,2025-02-06,C0388,R03,Completed,Digital Wallet,Express,2025-02-06,2025-02-06,17,NONE,
O001555,2025-11-05,2025-11-14,C0212,R01,Completed,Digital Wallet,Standard,2025-11-11,2025-11-14,8.5,HOLIDAY,
O001556,2025-06-30,2025-07-03,C0470,R07,Completed,Buy Now Pay Later,Express,2025-07-03,2025-07-03,15.5,NONE,
O001557,2025-03-22,2025-03-28,C0236,R04,Completed,Digital Wallet,Standard,2025-03-28,2025-03-28,13.5,NONE,
O001558,2025-09-13,2025-09-18,C0176,R08,Completed,Card,Standard,2025-09-19,2025-09-18,10,NONE,
O001559,2025-06-08,2025-06-13,C0416,R05,Completed,Buy Now Pay Later,Standard,2025-06-14,2025-06-13,8.5,NONE,
O001560,2024-11-02,2024-11-12,C0177,R04,Completed,Buy Now Pay Later,Standard,2024-11-08,2024-11-12,10,HOLIDAY,
O001561,2024-10-17,2024-10-23,C0466,R03,Completed,Buy Now Pay Later,Standard,2024-10-23,2024-10-23,10,NONE,
O001562,2024-01-14,2024-01-20,C0351,R01,Completed,Buy Now Pay Later,Standard,2024-01-20,2024-01-20,10,NONE,
O001563,2024-12-13,2024-12-19,C0153,R04,Completed,Digital Wallet,Standard,2024-12-19,2024-12-19,10,HOLIDAY,
O001564,2024-02-21,2024-02-26,C0542,R01,Completed,Card,Standard,2024-02-27,2024-02-26,10,NONE,
O001565,2025-02-13,2025-02-23,C0226,R02,Completed,Digital Wallet,Standard,2025-02-19,2025-02-23,8.5,SUMMER,
O001566,2024-08-15,2024-08-20,C0373,R05,Completed,Card,Standard,2024-08-21,2024-08-20,8.5,SUMMER,
O001567,2024-04-09,2024-04-12,C0532,R07,Completed,Bank Transfer,Express,2024-04-12,2024-04-12,17,NONE,
O001568,2025-08-25,2025-08-30,C0520,R05,Completed,Card,Standard,2025-08-31,2025-08-30,15,NONE,
O001569,2025-08-25,2025-08-31,C0616,R02,Completed,Card,Standard,2025-08-31,2025-08-31,15,NONE,
O001570,2025-01-04,2025-01-06,C0705,R01,Completed,Bank Transfer,Express,2025-01-07,2025-01-06,15.5,NONE,
O001571,2025-09-09,2025-09-17,C0238,R04,Completed,Card,Standard,2025-09-15,2025-09-17,8.5,NONE,
O001572,2024-01-02,2024-01-07,C0100,R07,Returned,Digital Wallet,Standard,2024-01-08,2024-01-07,13.5,NONE,
O001573,2025-02-07,2025-02-12,C0375,R04,Completed,Digital Wallet,Standard,2025-02-13,2025-02-12,12,SPRING,
O001574,2024-03-10,2024-03-15,C0125,R07,Completed,Card,Standard,2024-03-16,2024-03-15,8.5,NONE,
O001575,2025-10-11,2025-10-16,C0526,R02,Returned,Digital Wallet,Standard,2025-10-17,2025-10-16,12,NONE,
O001576,2024-05-25,2024-05-31,C0404,R06,Completed,Bank Transfer,Standard,2024-05-31,2024-05-31,12,NONE,
O001577,2025-12-23,2025-12-25,C0635,R04,Completed,Buy Now Pay Later,Express,2025-12-26,2025-12-25,15.5,HOLIDAY,
O001578,2024-10-06,2024-10-11,C0606,R04,Completed,Card,Standard,2024-10-12,2024-10-11,8.5,BACK2WORK,
O001579,2025-01-17,2025-01-22,C0063,R01,Completed,Digital Wallet,Standard,2025-01-23,2025-01-22,8.5,NONE,
O001580,2025-10-02,2025-10-08,C0316,R06,Completed,Card,Standard,2025-10-08,2025-10-08,11.5,NONE,
O001581,2025-01-26,2025-01-31,C0461,R07,Completed,Digital Wallet,Standard,2025-02-01,2025-01-31,8.5,NONE,
O001582,2024-02-16,2024-02-21,C0173,R02,Completed,Digital Wallet,Standard,2024-02-22,2024-02-21,15,NONE,
O001583,2024-01-25,2024-01-30,C0434,R04,Completed,Card,Standard,2024-01-31,2024-01-30,15,NONE,
O001584,2025-05-06,2025-05-12,C0713,R07,Completed,Digital Wallet,Standard,2025-05-12,2025-05-12,12,NONE,
O001585,2024-03-08,2024-03-12,C0405,R06,Completed,Card,Express,2024-03-11,2024-03-12,19,NONE,
O001586,2025-09-17,2025-09-23,C0238,R04,Completed,Card,Standard,2025-09-23,2025-09-23,13,NONE,
O001587,2025-10-07,2025-10-12,C0153,R04,Completed,Digital Wallet,Standard,2025-10-13,2025-10-12,13.5,NONE,
O001588,2024-01-19,2024-01-25,C0638,R03,Completed,Digital Wallet,Standard,2024-01-25,2024-01-25,8.5,NONE,
O001589,2024-05-25,2024-05-28,C0044,R06,Returned,Card,Express,2024-05-28,2024-05-28,15.5,NONE,
O001590,2024-07-10,2024-07-15,C0581,R06,Completed,Digital Wallet,Standard,2024-07-16,2024-07-15,8.5,NONE,
O001591,2025-03-22,2025-04-01,C0590,R06,Completed,Buy Now Pay Later,Standard,2025-03-28,2025-04-01,10,NONE,
O001592,2025-07-27,2025-08-01,C0427,R06,Completed,Bank Transfer,Standard,2025-08-02,2025-08-01,10,NONE,
O001593,2025-04-21,2025-04-27,C0539,R01,Completed,Digital Wallet,Standard,2025-04-27,2025-04-27,16.5,NONE,
O001594,2024-10-29,2024-11-05,C0261,R08,Completed,Card,Standard,2024-11-04,2024-11-05,8.5,NONE,
O001595,2024-07-30,2024-08-05,C0006,R08,Completed,Digital Wallet,Standard,2024-08-05,2024-08-05,8.5,SUMMER,
O001596,2024-01-12,2024-01-17,C0385,R05,Completed,Card,Standard,2024-01-18,2024-01-17,10,SUMMER,
O001597,2025-03-24,2025-04-02,C0706,R03,Completed,Card,Standard,2025-03-30,2025-04-02,8.5,SUMMER,
O001598,2024-06-03,2024-06-08,C0074,R05,Completed,Card,Standard,2024-06-09,2024-06-08,10,NONE,
O001599,2025-07-24,2025-08-02,C0148,R03,Completed,Card,Standard,2025-07-30,2025-08-02,10,BACK2WORK,
O001600,2024-12-29,,C0145,R02,Cancelled,Card,Standard,,,12,HOLIDAY,Payment failure
O001601,2024-01-14,2024-01-18,C0552,R08,Completed,Bank Transfer,Express,2024-01-17,2024-01-18,20.5,NONE,
O001602,2025-12-02,2025-12-12,C0235,R06,Completed,Card,Standard,2025-12-08,2025-12-12,12,HOLIDAY,
O001603,2025-05-12,2025-05-21,C0460,R03,Completed,Card,Standard,2025-05-18,2025-05-21,8.5,NONE,
O001604,2024-02-09,2024-02-14,C0178,R01,Completed,Card,Standard,2024-02-15,2024-02-14,13.5,NONE,
O001605,2024-07-25,2024-07-30,C0612,R05,Completed,Digital Wallet,Standard,2024-07-31,2024-07-30,8.5,NONE,
O001606,2025-06-11,2025-06-13,C0152,R06,Completed,Digital Wallet,Express,2025-06-14,2025-06-13,22,NONE,
O001607,2024-10-21,2024-10-23,C0714,R01,Returned,Card,Express,2024-10-24,2024-10-23,17,NONE,
O001608,2025-09-28,2025-10-03,C0563,R02,Completed,Bank Transfer,Standard,2025-10-04,2025-10-03,12,BACK2WORK,
O001609,2025-02-01,2025-02-07,C0539,R01,Completed,Card,Standard,2025-02-07,2025-02-07,15,NONE,
O001610,2024-03-16,2024-03-21,C0522,R08,Completed,Card,Standard,2024-03-22,2024-03-21,13,NONE,
O001611,2025-05-04,2025-05-10,C0441,R06,Completed,Digital Wallet,Standard,2025-05-10,2025-05-10,8.5,BACK2WORK,
O001612,2025-07-26,2025-08-01,C0067,R04,Completed,Digital Wallet,Standard,2025-08-01,2025-08-01,10,NONE,
O001613,2025-06-09,2025-06-18,C0602,R06,Completed,Buy Now Pay Later,Standard,2025-06-15,2025-06-18,12,SUMMER,
O001614,2025-01-02,2025-01-04,C0460,R03,Completed,Digital Wallet,Express,2025-01-05,2025-01-04,18.5,NONE,
O001615,2025-01-29,2025-02-03,C0256,R05,Completed,Digital Wallet,Standard,2025-02-04,2025-02-03,12,NONE,
O001616,2024-09-16,2024-09-21,C0466,R03,Completed,Bank Transfer,Standard,2024-09-22,2024-09-21,8.5,NONE,
O001617,2024-05-02,2024-05-08,C0052,R04,Completed,Card,Standard,2024-05-08,2024-05-08,10,NONE,
O001618,2025-11-09,2025-11-16,C0507,R04,Completed,Digital Wallet,Standard,2025-11-15,2025-11-16,8.5,HOLIDAY,
O001619,2025-04-13,2025-04-22,C0388,R03,Completed,Card,Standard,2025-04-19,2025-04-22,11.5,NONE,
O001620,2024-09-20,2024-09-26,C0580,R04,Completed,Card,Standard,2024-09-26,2024-09-26,12,NONE,
O001621,2025-09-02,2025-09-07,C0213,R03,Returned,Card,Standard,2025-09-08,2025-09-07,16.5,NONE,
O001622,2024-03-27,2024-04-04,C0337,R03,Returned,Card,Standard,2024-04-02,2024-04-04,8.5,SPRING,
O001623,2024-07-28,2024-08-02,C0236,R04,Completed,Card,Standard,2024-08-03,2024-08-02,10,NONE,
O001624,2024-11-26,2024-12-01,C0689,R03,Completed,Card,Standard,2024-12-02,2024-12-01,17,HOLIDAY,
O001625,2025-01-07,2025-01-12,C0338,R04,Completed,Digital Wallet,Standard,2025-01-13,2025-01-12,8.5,NONE,
O001626,2024-06-04,2024-06-10,C0238,R04,Completed,Card,Standard,2024-06-10,2024-06-10,12,NONE,
O001627,2025-08-26,2025-09-01,C0300,R03,Completed,Bank Transfer,Standard,2025-09-01,2025-09-01,8.5,NONE,
O001628,2024-06-01,2024-06-08,C0405,R06,Completed,Digital Wallet,Standard,2024-06-07,2024-06-08,10,NONE,
O001629,2024-05-19,2024-05-25,C0623,R08,Completed,Buy Now Pay Later,Standard,2024-05-25,2024-05-25,8.5,NONE,
O001630,2025-07-28,2025-08-05,C0536,R03,Completed,Card,Standard,2025-08-03,2025-08-05,8.5,NONE,
O001631,2025-12-08,2025-12-10,C0490,R06,Completed,Buy Now Pay Later,Express,2025-12-11,2025-12-10,19,HOLIDAY,
O001632,2024-07-19,2024-07-24,C0527,R02,Completed,Bank Transfer,Standard,2024-07-25,2024-07-24,13.5,NONE,
O001633,2025-03-20,2025-03-30,C0212,R01,Completed,Digital Wallet,Standard,2025-03-26,2025-03-30,12,NONE,
O001634,2025-11-11,2025-11-17,C0431,R03,Completed,Card,Standard,2025-11-17,2025-11-17,8.5,HOLIDAY,
O001635,2024-03-26,2024-04-01,C0337,R03,Completed,Digital Wallet,Standard,2024-04-01,2024-04-01,17,NONE,
O001636,2024-03-04,2024-03-07,C0479,R04,Completed,Buy Now Pay Later,Express,2024-03-07,2024-03-07,17,NONE,
O001637,2025-11-05,2025-11-08,C0418,R04,Completed,Card,Express,2025-11-08,2025-11-08,15.5,HOLIDAY,
O001638,2024-05-22,2024-05-27,C0502,R04,Completed,Card,Standard,2024-05-28,2024-05-27,8.5,BACK2WORK,
O001639,2024-03-16,2024-03-21,C0318,R02,Returned,Card,Standard,2024-03-22,2024-03-21,15,SPRING,
O001640,2025-07-30,2025-08-05,C0302,R05,Completed,Card,Standard,2025-08-05,2025-08-05,10,NONE,
O001641,2024-08-02,2024-08-07,C0655,R04,Completed,Buy Now Pay Later,Standard,2024-08-08,2024-08-07,10,NONE,
O001642,2024-12-04,2024-12-10,C0651,R01,Completed,Buy Now Pay Later,Standard,2024-12-10,2024-12-10,8.5,HOLIDAY,
O001643,2025-09-15,2025-09-20,C0088,R01,Completed,Card,Standard,2025-09-21,2025-09-20,12,NONE,
O001644,2024-06-21,2024-06-27,C0381,R02,Completed,Bank Transfer,Standard,2024-06-27,2024-06-27,8.5,NONE,
O001645,2024-02-13,2024-02-22,C0508,R04,Completed,Card,Standard,2024-02-19,2024-02-22,10,SPRING,
O001646,2025-05-08,2025-05-13,C0431,R03,Completed,Card,Standard,2025-05-14,2025-05-13,13.5,NONE,
O001647,2025-10-25,2025-11-02,C0683,R06,Completed,Card,Standard,2025-10-31,2025-11-02,8.5,NONE,
O001648,2024-06-02,2024-06-08,C0161,R08,Completed,Bank Transfer,Standard,2024-06-08,2024-06-08,8.5,NONE,
O001649,2024-02-05,2024-02-08,C0161,R08,Completed,Bank Transfer,Express,2024-02-08,2024-02-08,15.5,NONE,
O001650,2025-09-26,2025-10-02,C0091,R04,Returned,Buy Now Pay Later,Standard,2025-10-02,2025-10-02,8.5,SPRING,
O001651,2024-10-12,2024-10-17,C0159,R04,Completed,Card,Standard,2024-10-18,2024-10-17,10,NONE,
O001652,2025-06-06,2025-06-11,C0052,R04,Completed,Digital Wallet,Standard,2025-06-12,2025-06-11,11.5,NONE,
O001653,2025-01-17,2025-01-22,C0047,R03,Returned,Card,Standard,2025-01-23,2025-01-22,12,NONE,
O001654,2025-12-05,2025-12-11,C0556,R07,Completed,Bank Transfer,Standard,2025-12-11,2025-12-11,15,HOLIDAY,
O001655,2025-09-20,2025-09-27,C0532,R07,Completed,Buy Now Pay Later,Standard,2025-09-26,2025-09-27,8.5,NONE,
O001656,2025-12-28,2026-01-06,C0443,R05,Completed,Digital Wallet,Standard,2026-01-03,2026-01-06,10,HOLIDAY,
O001657,2024-11-27,2024-12-02,C0687,R05,Completed,Bank Transfer,Standard,2024-12-03,2024-12-02,11.5,HOLIDAY,
O001658,2024-03-20,2024-03-25,C0373,R05,Completed,Buy Now Pay Later,Standard,2024-03-26,2024-03-25,12,NONE,
O001659,2025-01-08,2025-01-10,C0273,R02,Completed,Digital Wallet,Express,2025-01-11,2025-01-10,19,NONE,
O001660,2024-09-29,2024-10-01,C0557,R05,Completed,Card,Express,2024-10-02,2024-10-01,15.5,NONE,
O001661,2025-12-04,2025-12-13,C0441,R06,Completed,Card,Standard,2025-12-10,2025-12-13,15,HOLIDAY,
O001662,2025-01-10,2025-01-12,C0538,R04,Completed,Card,Express,2025-01-13,2025-01-12,19,NONE,
O001663,2025-06-25,2025-06-30,C0289,R03,Completed,Card,Standard,2025-07-01,2025-06-30,8.5,BACK2WORK,
O001664,2025-03-10,2025-03-16,C0104,R03,Completed,Card,Standard,2025-03-16,2025-03-16,15,NONE,
O001665,2025-04-16,2025-04-22,C0330,R03,Completed,Card,Standard,2025-04-22,2025-04-22,8.5,NONE,
O001666,2025-06-17,2025-06-19,C0490,R06,Completed,Card,Express,2025-06-20,2025-06-19,19,NONE,
O001667,2025-07-22,,C0199,R07,Cancelled,Card,Express,,,19,NONE,Payment failure
O001668,2025-11-13,2025-11-16,C0081,R05,Completed,Bank Transfer,Express,2025-11-16,2025-11-16,15.5,HOLIDAY,
O001669,2024-06-24,2024-06-30,C0482,R01,Completed,Digital Wallet,Standard,2024-06-30,2024-06-30,10,NONE,
O001670,2025-02-16,2025-02-21,C0070,R03,Completed,Bank Transfer,Standard,2025-02-22,2025-02-21,10,BACK2WORK,
O001671,2024-01-12,2024-01-18,C0390,R04,Completed,Digital Wallet,Standard,2024-01-18,2024-01-18,11.5,NONE,
O001672,2024-03-06,2024-03-16,C0178,R01,Completed,Card,Standard,2024-03-12,2024-03-16,8.5,NONE,
O001673,2024-09-15,2024-09-21,C0155,R06,Completed,Card,Standard,2024-09-21,2024-09-21,8.5,BACK2WORK,
O001674,2025-10-22,2025-10-28,C0606,R04,Completed,Bank Transfer,Standard,2025-10-28,2025-10-28,8.5,NONE,
O001675,2025-11-30,2025-12-05,C0054,R02,Completed,Card,Standard,2025-12-06,2025-12-05,13.5,HOLIDAY,
O001676,2024-03-16,2024-03-22,C0546,R06,Returned,Card,Standard,2024-03-22,2024-03-22,8.5,NONE,
O001677,2025-02-23,2025-02-28,C0530,R01,Completed,Bank Transfer,Standard,2025-03-01,2025-02-28,10,NONE,
O001678,2025-07-30,2025-08-05,C0063,R01,Completed,Digital Wallet,Standard,2025-08-05,2025-08-05,8.5,BACK2WORK,
O001679,2024-03-29,2024-04-03,C0194,R08,Completed,Card,Standard,2024-04-04,2024-04-03,10,NONE,
O001680,2024-05-01,2024-05-06,C0374,R01,Completed,Digital Wallet,Express,2024-05-04,2024-05-06,15.5,NONE,
O001681,2025-04-07,2025-04-13,C0035,R06,Completed,Card,Standard,2025-04-13,2025-04-13,10,NONE,
O001682,2024-01-08,2024-01-13,C0391,R01,Completed,Card,Standard,2024-01-14,2024-01-13,12,BACK2WORK,
O001683,2024-11-25,2024-11-30,C0652,R06,Completed,Buy Now Pay Later,Standard,2024-12-01,2024-11-30,10,HOLIDAY,
O001684,2024-03-28,2024-04-02,C0125,R07,Completed,Digital Wallet,Standard,2024-04-03,2024-04-02,12,NONE,
O001685,2025-09-17,2025-09-23,C0633,R03,Completed,Card,Standard,2025-09-23,2025-09-23,10,NONE,
O001686,2025-09-10,2025-09-16,C0551,R01,Completed,Card,Standard,2025-09-16,2025-09-16,11.5,NONE,
O001687,2024-11-03,2024-11-08,C0625,R02,Completed,Bank Transfer,Standard,2024-11-09,2024-11-08,10,HOLIDAY,
O001688,2025-06-02,2025-06-08,C0014,R05,Completed,Digital Wallet,Standard,2025-06-08,2025-06-08,8.5,NONE,
O001689,2025-09-02,2025-09-04,C0611,R01,Completed,Bank Transfer,Express,2025-09-05,2025-09-04,20.5,SUMMER,
O001690,2025-02-05,2025-02-11,C0273,R02,Completed,Card,Standard,2025-02-11,2025-02-11,11.5,SPRING,
O001691,2025-08-03,2025-08-09,C0441,R06,Completed,Bank Transfer,Standard,2025-08-09,2025-08-09,10,NONE,
O001692,2024-09-11,2024-09-18,C0145,R02,Returned,Buy Now Pay Later,Standard,2024-09-17,2024-09-18,8.5,NONE,
O001693,2024-06-30,2024-07-05,C0145,R02,Completed,Digital Wallet,Standard,2024-07-06,2024-07-05,8.5,BACK2WORK,
O001694,2024-05-18,2024-05-22,C0213,R03,Completed,Card,Express,2024-05-21,2024-05-22,17,NONE,
O001695,2025-07-24,2025-07-27,C0546,R06,Completed,Card,Express,2025-07-27,2025-07-27,15.5,NONE,
O001696,2024-11-27,2024-12-02,C0052,R04,Completed,Buy Now Pay Later,Standard,2024-12-03,2024-12-02,10,HOLIDAY,
O001697,2025-03-08,2025-03-18,C0575,R04,Completed,Card,Standard,2025-03-14,2025-03-18,16.5,NONE,
O001698,2025-02-25,2025-03-03,C0067,R04,Completed,Card,Standard,2025-03-03,2025-03-03,8.5,NONE,
O001699,2024-07-03,2024-07-13,C0530,R01,Completed,Bank Transfer,Standard,2024-07-09,2024-07-13,18.5,SPRING,
O001700,2024-12-30,2025-01-04,C0652,R06,Completed,Buy Now Pay Later,Standard,2025-01-05,2025-01-04,12,HOLIDAY,
O001701,2025-12-03,2025-12-10,C0236,R04,Completed,Card,Standard,2025-12-09,2025-12-10,16.5,HOLIDAY,
O001702,2025-01-16,2025-01-22,C0476,R05,Completed,Digital Wallet,Express,2025-01-19,2025-01-22,17,NONE,
O001703,2025-12-07,2025-12-13,C0090,R03,Completed,Card,Standard,2025-12-13,2025-12-13,10,HOLIDAY,
O001704,2024-04-01,2024-04-06,C0565,R06,Completed,Card,Standard,2024-04-07,2024-04-06,8.5,NONE,
O001705,2024-03-16,2024-03-21,C0407,R05,Completed,Digital Wallet,Standard,2024-03-22,2024-03-21,10,NONE,
O001706,2025-04-24,2025-04-30,C0088,R01,Completed,Card,Standard,2025-04-30,2025-04-30,10,NONE,
O001707,2025-04-02,2025-04-07,C0715,R01,Completed,Card,Standard,2025-04-08,2025-04-07,8.5,NONE,
O001708,2025-10-22,2025-10-28,C0517,R06,Completed,Card,Standard,2025-10-28,2025-10-28,13.5,NONE,
O001709,2024-10-31,2024-11-06,C0489,R04,Completed,Digital Wallet,Standard,2024-11-06,2024-11-06,10,NONE,
O001710,2024-03-19,2024-03-24,C0399,R06,Completed,Card,Standard,2024-03-25,2024-03-24,13.5,NONE,
O001711,2025-01-30,2025-02-05,C0107,R08,Completed,Bank Transfer,Standard,2025-02-05,2025-02-05,8.5,NONE,
O001712,2025-07-10,2025-07-15,C0509,R03,Completed,Bank Transfer,Standard,2025-07-16,2025-07-15,13.5,NONE,
O001713,2024-09-12,2024-09-18,C0220,R06,Completed,Card,Standard,2024-09-18,2024-09-18,10,NONE,
O001714,2025-09-30,2025-10-03,C0624,R05,Completed,Card,Express,2025-10-03,2025-10-03,15.5,NONE,
O001715,2024-11-16,2024-11-22,C0351,R01,Completed,Card,Standard,2024-11-22,2024-11-22,15,HOLIDAY,
O001716,2025-06-06,2025-06-12,C0661,R07,Completed,Card,Standard,2025-06-12,2025-06-12,10,NONE,
O001717,2025-09-04,,C0689,R03,Cancelled,Card,Standard,,,16.5,NONE,Address issue
O001718,2024-02-09,2024-02-14,C0333,R05,Returned,Card,Standard,2024-02-15,2024-02-14,13.5,SPRING,
O001719,2024-10-27,2024-11-01,C0425,R07,Completed,Digital Wallet,Standard,2024-11-02,2024-11-01,8.5,BACK2WORK,
O001720,2025-03-07,2025-03-12,C0473,R05,Completed,Bank Transfer,Standard,2025-03-13,2025-03-12,10,NONE,
O001721,2024-06-16,2024-06-21,C0414,R04,Completed,Card,Standard,2024-06-22,2024-06-21,13.5,SPRING,
O001722,2024-08-01,2024-08-06,C0278,R02,Completed,Card,Standard,2024-08-07,2024-08-06,8.5,SPRING,
O001723,2025-11-06,2025-11-11,C0476,R05,Completed,Card,Standard,2025-11-12,2025-11-11,10,HOLIDAY,
O001724,2024-02-29,2024-03-05,C0006,R08,Completed,Card,Standard,2024-03-06,2024-03-05,8.5,NONE,
O001725,2025-09-12,2025-09-17,C0028,R08,Returned,Card,Standard,2025-09-18,2025-09-17,10,NONE,
O001726,2025-03-02,2025-03-07,C0342,R02,Completed,Card,Standard,2025-03-08,2025-03-07,8.5,SUMMER,
O001727,2025-11-15,2025-11-24,C0460,R03,Returned,Card,Standard,2025-11-21,2025-11-24,12,HOLIDAY,
O001728,2024-09-16,2024-09-21,C0577,R06,Completed,Card,Standard,2024-09-22,2024-09-21,10,NONE,
O001729,2025-03-14,2025-03-16,C0669,R07,Completed,Card,Express,2025-03-17,2025-03-16,15.5,NONE,
O001730,2024-05-25,2024-06-03,C0293,R07,Returned,Card,Standard,2024-05-31,2024-06-03,16.5,SPRING,
O001731,2024-08-20,2024-08-25,C0069,R05,Completed,Card,Standard,2024-08-26,2024-08-25,8.5,NONE,
O001732,2025-01-01,2025-01-06,C0345,R04,Completed,Card,Standard,2025-01-07,2025-01-06,11.5,SPRING,
O001733,2024-08-09,2024-08-15,C0406,R04,Completed,Bank Transfer,Standard,2024-08-15,2024-08-15,10,NONE,
O001734,2025-11-11,2025-11-14,C0378,R05,Completed,Bank Transfer,Express,2025-11-14,2025-11-14,15.5,HOLIDAY,
O001735,2025-09-15,2025-09-21,C0316,R06,Completed,Card,Standard,2025-09-21,2025-09-21,15,NONE,
O001736,2025-02-23,2025-02-28,C0527,R02,Completed,Digital Wallet,Standard,2025-03-01,2025-02-28,12,BACK2WORK,
O001737,2025-02-21,2025-02-27,C0476,R05,Completed,Card,Standard,2025-02-27,2025-02-27,10,NONE,
O001738,2024-06-20,2024-06-25,C0012,R06,Completed,Card,Standard,2024-06-26,2024-06-25,10,SPRING,
O001739,2025-04-13,2025-04-18,C0039,R04,Completed,Card,Standard,2025-04-19,2025-04-18,8.5,NONE,
O001740,2025-11-29,2025-12-05,C0683,R06,Completed,Digital Wallet,Standard,2025-12-05,2025-12-05,8.5,HOLIDAY,
O001741,2024-01-18,2024-01-24,C0460,R03,Completed,Buy Now Pay Later,Standard,2024-01-24,2024-01-24,10,NONE,
O001742,2025-07-04,2025-07-09,C0095,R04,Completed,Card,Standard,2025-07-10,2025-07-09,12,NONE,
O001743,2025-06-03,2025-06-06,C0050,R06,Completed,Buy Now Pay Later,Express,2025-06-06,2025-06-06,15.5,NONE,
O001744,2025-01-04,2025-01-09,C0070,R03,Completed,Card,Standard,2025-01-10,2025-01-09,17,NONE,
O001745,2025-10-05,2025-10-11,C0337,R03,Completed,Digital Wallet,Standard,2025-10-11,2025-10-11,12,NONE,
O001746,2024-06-22,2024-06-28,C0251,R07,Completed,Digital Wallet,Standard,2024-06-28,2024-06-28,11.5,NONE,
O001747,2025-07-03,2025-07-08,C0719,R04,Completed,Card,Standard,2025-07-09,2025-07-08,10,NONE,
O001748,2025-10-03,2025-10-09,C0563,R02,Completed,Bank Transfer,Standard,2025-10-09,2025-10-09,8.5,NONE,
O001749,2025-02-26,2025-02-28,C0087,R02,Completed,Card,Express,2025-03-01,2025-02-28,19,NONE,
O001750,2025-12-14,2025-12-20,C0323,R08,Completed,Card,Standard,2025-12-20,2025-12-20,10,HOLIDAY,
O001751,2025-06-16,2025-06-22,C0520,R05,Completed,Card,Standard,2025-06-22,2025-06-22,18.5,NONE,
O001752,2024-05-10,2024-05-16,C0212,R01,Completed,Buy Now Pay Later,Standard,2024-05-16,2024-05-16,15,NONE,
O001753,2025-08-19,2025-08-24,C0504,R06,Completed,Buy Now Pay Later,Standard,2025-08-25,2025-08-24,12,NONE,
O001754,2024-11-18,2024-11-23,C0366,R07,Completed,Digital Wallet,Standard,2024-11-24,2024-11-23,10,HOLIDAY,
O001755,2025-11-03,2025-11-08,C0666,R04,Completed,Card,Standard,2025-11-09,2025-11-08,12,HOLIDAY,
O001756,2025-03-04,2025-03-09,C0404,R06,Completed,Card,Standard,2025-03-10,2025-03-09,10,NONE,
O001757,2025-03-12,2025-03-17,C0622,R05,Completed,Digital Wallet,Standard,2025-03-18,2025-03-17,11.5,NONE,
O001758,2024-08-18,2024-08-24,C0077,R07,Returned,Bank Transfer,Standard,2024-08-24,2024-08-24,10,NONE,
O001759,2024-04-14,2024-04-19,C0351,R01,Completed,Card,Standard,2024-04-20,2024-04-19,8.5,NONE,
O001760,2024-09-10,2024-09-16,C0527,R02,Completed,Bank Transfer,Standard,2024-09-16,2024-09-16,8.5,NONE,
O001761,2025-10-24,2025-10-29,C0226,R02,Completed,Bank Transfer,Standard,2025-10-30,2025-10-29,8.5,NONE,
O001762,2024-10-12,2024-10-17,C0546,R06,Completed,Bank Transfer,Standard,2024-10-18,2024-10-17,11.5,NONE,
O001763,2025-04-01,2025-04-07,C0052,R04,Completed,Bank Transfer,Standard,2025-04-07,2025-04-07,10,NONE,
O001764,2025-11-30,2025-12-05,C0478,R03,Completed,Card,Standard,2025-12-06,2025-12-05,10,HOLIDAY,
O001765,2024-11-10,2024-11-13,C0183,R07,Completed,Card,Express,2024-11-13,2024-11-13,15.5,HOLIDAY,
O001766,2025-03-01,2025-03-06,C0581,R06,Completed,Digital Wallet,Standard,2025-03-07,2025-03-06,18.5,NONE,
O001767,2025-09-17,2025-09-27,C0534,R01,Completed,Card,Standard,2025-09-23,2025-09-27,13.5,NONE,
O001768,2025-07-13,2025-07-19,C0383,R03,Completed,Card,Standard,2025-07-19,2025-07-19,8.5,SPRING,
O001769,2025-01-23,2025-02-01,C0393,R05,Completed,Card,Standard,2025-01-29,2025-02-01,10,NONE,
O001770,2024-02-17,2024-02-22,C0498,R04,Completed,Digital Wallet,Standard,2024-02-23,2024-02-22,8.5,NONE,
O001771,2025-04-13,2025-04-15,C0278,R02,Returned,Digital Wallet,Express,2025-04-16,2025-04-15,20.5,NONE,
O001772,2024-10-22,2024-10-25,C0236,R04,Completed,Card,Express,2024-10-25,2024-10-25,20.5,SUMMER,
O001773,2024-11-05,2024-11-10,C0556,R07,Completed,Buy Now Pay Later,Express,2024-11-08,2024-11-10,17,HOLIDAY,
O001774,2025-09-28,2025-10-03,C0538,R04,Completed,Buy Now Pay Later,Standard,2025-10-04,2025-10-03,15,NONE,
O001775,2024-01-12,2024-01-17,C0033,R02,Completed,Card,Express,2024-01-15,2024-01-17,23.5,BACK2WORK,
O001776,2024-01-03,2024-01-10,C0479,R04,Completed,Card,Express,2024-01-06,2024-01-10,20.5,NONE,
O001777,2025-09-18,2025-09-23,C0658,R08,Completed,Card,Standard,2025-09-24,2025-09-23,8.5,NONE,
O001778,2025-11-18,2025-11-27,C0455,R06,Completed,Bank Transfer,Standard,2025-11-24,2025-11-27,10,HOLIDAY,
O001779,2024-05-06,2024-05-13,C0473,R05,Completed,Card,Express,2024-05-09,2024-05-13,18.5,NONE,
O001780,2024-09-27,2024-10-05,C0526,R02,Completed,Bank Transfer,Standard,2024-10-03,2024-10-05,8.5,NONE,
O001781,2024-05-02,2024-05-07,C0063,R01,Completed,Buy Now Pay Later,Express,2024-05-05,2024-05-07,27,SUMMER,
O001782,2025-08-26,2025-08-31,C0062,R02,Completed,Card,Standard,2025-09-01,2025-08-31,8.5,BACK2WORK,
O001783,2025-04-16,2025-04-18,C0289,R03,Returned,Card,Express,2025-04-19,2025-04-18,19,NONE,
O001784,2025-06-07,2025-06-15,C0096,R03,Completed,Digital Wallet,Standard,2025-06-13,2025-06-15,15,SPRING,
O001785,2024-07-22,2024-08-01,C0348,R05,Completed,Buy Now Pay Later,Standard,2024-07-28,2024-08-01,8.5,NONE,
O001786,2024-12-29,2025-01-03,C0637,R04,Completed,Digital Wallet,Standard,2025-01-04,2025-01-03,10,HOLIDAY,
O001787,2024-06-21,2024-06-27,C0234,R08,Completed,Card,Standard,2024-06-27,2024-06-27,8.5,NONE,
O001788,2025-01-11,2025-01-16,C0213,R03,Completed,Card,Standard,2025-01-17,2025-01-16,20,NONE,
O001789,2024-09-16,2024-09-21,C0071,R06,Completed,Buy Now Pay Later,Standard,2024-09-22,2024-09-21,12,NONE,
O001790,2024-08-29,2024-09-03,C0278,R02,Completed,Digital Wallet,Standard,2024-09-04,2024-09-03,8.5,NONE,
O001791,2024-02-23,2024-02-29,C0611,R01,Completed,Digital Wallet,Standard,2024-02-29,2024-02-29,15,NONE,
O001792,2024-01-30,2024-02-08,C0483,R06,Completed,Card,Standard,2024-02-05,2024-02-08,11.5,NONE,
O001793,2024-11-26,,C0333,R05,Cancelled,Card,Standard,,,13.5,HOLIDAY,Customer changed mind
O001794,2024-12-14,2024-12-19,C0184,R03,Completed,Digital Wallet,Standard,2024-12-20,2024-12-19,8.5,HOLIDAY,
O001795,2024-12-17,2024-12-23,C0391,R01,Completed,Bank Transfer,Standard,2024-12-23,2024-12-23,8.5,HOLIDAY,
O001796,2024-06-30,2024-07-06,C0431,R03,Completed,Bank Transfer,Standard,2024-07-06,2024-07-06,16.5,NONE,
O001797,2025-05-14,2025-05-20,C0357,R02,Returned,Digital Wallet,Standard,2025-05-20,2025-05-20,8.5,NONE,
O001798,2024-09-23,2024-09-29,C0165,R05,Returned,Digital Wallet,Standard,2024-09-29,2024-09-29,15,SPRING,
O001799,2025-08-08,2025-08-14,C0705,R01,Completed,Buy Now Pay Later,Standard,2025-08-14,2025-08-14,8.5,NONE,
O001800,2025-09-12,2025-09-18,C0276,R05,Completed,Card,Standard,2025-09-18,2025-09-18,8.5,NONE,
O001801,2025-12-27,2026-01-01,C0485,R04,Completed,Digital Wallet,Standard,2026-01-02,2026-01-01,8.5,HOLIDAY,
O001802,2024-12-11,2024-12-17,C0118,R03,Completed,Bank Transfer,Standard,2024-12-17,2024-12-17,8.5,HOLIDAY,
O001803,2025-07-22,2025-07-27,C0161,R08,Completed,Digital Wallet,Standard,2025-07-28,2025-07-27,8.5,NONE,
O001804,2025-10-13,2025-10-16,C0063,R01,Completed,Card,Express,2025-10-16,2025-10-16,18.5,NONE,
O001805,2025-09-21,2025-09-28,C0551,R01,Completed,Bank Transfer,Standard,2025-09-27,2025-09-28,12,NONE,
O001806,2025-11-02,2025-11-07,C0450,R04,Completed,Bank Transfer,Standard,2025-11-08,2025-11-07,10,HOLIDAY,
O001807,2024-01-06,2024-01-12,C0412,R04,Completed,Digital Wallet,Standard,2024-01-12,2024-01-12,8.5,NONE,
O001808,2025-01-29,2025-01-31,C0617,R03,Completed,Card,Express,2025-02-01,2025-01-31,19,NONE,
O001809,2025-06-01,2025-06-11,C0067,R04,Returned,Digital Wallet,Standard,2025-06-07,2025-06-11,13.5,NONE,
O001810,2025-02-14,2025-02-16,C0080,R04,Returned,Card,Express,2025-02-17,2025-02-16,17,NONE,
O001811,2024-06-16,2024-06-22,C0571,R06,Completed,Bank Transfer,Standard,2024-06-22,2024-06-22,8.5,NONE,
O001812,2024-09-10,2024-09-12,C0236,R04,Returned,Card,Express,2024-09-13,2024-09-12,23.5,NONE,
O001813,2025-11-14,2025-11-20,C0102,R04,Completed,Bank Transfer,Standard,2025-11-20,2025-11-20,8.5,HOLIDAY,
O001814,2025-03-19,2025-03-25,C0414,R04,Completed,Digital Wallet,Standard,2025-03-25,2025-03-25,8.5,SUMMER,
O001815,2024-03-15,2024-03-20,C0294,R08,Completed,Card,Standard,2024-03-21,2024-03-20,10,BACK2WORK,
O001816,2024-02-29,2024-03-09,C0257,R02,Returned,Buy Now Pay Later,Standard,2024-03-06,2024-03-09,15,NONE,
O001817,2024-02-10,2024-02-16,C0612,R05,Completed,Card,Standard,2024-02-16,2024-02-16,8.5,NONE,
O001818,2024-05-26,2024-06-03,C0063,R01,Completed,Card,Standard,2024-06-01,2024-06-03,8.5,NONE,
O001819,2024-03-10,2024-03-13,C0006,R08,Completed,Digital Wallet,Express,2024-03-13,2024-03-13,15.5,NONE,
O001820,2024-11-07,2024-11-12,C0460,R03,Completed,Card,Standard,2024-11-13,2024-11-12,13.5,HOLIDAY,
O001821,2025-03-17,2025-03-19,C0569,R06,Completed,Digital Wallet,Express,2025-03-20,2025-03-19,19,NONE,
O001822,2024-06-13,2024-06-16,C0431,R03,Completed,Bank Transfer,Express,2024-06-16,2024-06-16,19,NONE,
O001823,2024-03-15,2024-03-17,C0403,R08,Completed,Bank Transfer,Express,2024-03-18,2024-03-17,25.5,NONE,
O001824,2025-08-07,2025-08-13,C0585,R01,Completed,Card,Standard,2025-08-13,2025-08-13,8.5,NONE,
O001825,2024-03-28,2024-04-03,C0717,R05,Completed,Digital Wallet,Standard,2024-04-03,2024-04-03,8.5,NONE,
O001826,2025-08-15,2025-08-23,C0483,R06,Completed,Digital Wallet,Standard,2025-08-21,2025-08-23,13.5,NONE,
O001827,2025-01-10,2025-01-12,C0339,R05,Returned,Card,Express,2025-01-13,2025-01-12,19,BACK2WORK,
O001828,2025-09-15,2025-09-21,C0240,R02,Completed,Buy Now Pay Later,Standard,2025-09-21,2025-09-21,8.5,NONE,
O001829,2025-06-21,2025-06-27,C0202,R07,Completed,Card,Standard,2025-06-27,2025-06-27,8.5,NONE,
O001830,2025-09-01,2025-09-07,C0338,R04,Completed,Card,Standard,2025-09-07,2025-09-07,13,NONE,
O001831,2024-07-10,2024-07-16,C0546,R06,Completed,Card,Standard,2024-07-16,2024-07-16,13.5,NONE,
O001832,2024-12-07,2024-12-13,C0120,R01,Completed,Buy Now Pay Later,Standard,2024-12-13,2024-12-13,10,HOLIDAY,
O001833,2025-04-02,2025-04-04,C0026,R06,Completed,Card,Express,2025-04-05,2025-04-04,15.5,NONE,
O001834,2025-09-23,2025-09-29,C0696,R01,Completed,Digital Wallet,Standard,2025-09-29,2025-09-29,8.5,NONE,
O001835,2024-02-10,2024-02-16,C0256,R05,Completed,Buy Now Pay Later,Standard,2024-02-16,2024-02-16,10,NONE,
O001836,2025-03-06,2025-03-11,C0409,R06,Completed,Digital Wallet,Standard,2025-03-12,2025-03-11,13.5,SUMMER,
O001837,2024-05-13,2024-05-18,C0431,R03,Completed,Card,Standard,2024-05-19,2024-05-18,8.5,NONE,
O001838,2024-12-16,2024-12-18,C0581,R06,Completed,Card,Express,2024-12-19,2024-12-18,15.5,HOLIDAY,
O001839,2025-07-02,2025-07-07,C0713,R07,Completed,Card,Standard,2025-07-08,2025-07-07,8.5,SPRING,
O001840,2025-02-10,2025-02-16,C0001,R05,Completed,Card,Standard,2025-02-16,2025-02-16,16.5,NONE,
O001841,2024-12-02,2024-12-09,C0339,R05,Completed,Digital Wallet,Standard,2024-12-08,2024-12-09,12,HOLIDAY,
O001842,2025-09-26,2025-10-05,C0473,R05,Returned,Digital Wallet,Standard,2025-10-02,2025-10-05,20,NONE,
O001843,2025-10-20,2025-10-26,C0435,R01,Completed,Card,Standard,2025-10-26,2025-10-26,18.5,NONE,
O001844,2025-07-09,2025-07-12,C0719,R04,Completed,Bank Transfer,Express,2025-07-12,2025-07-12,17,NONE,
O001845,2025-12-17,,C0028,R08,Cancelled,Digital Wallet,Standard,,,8.5,HOLIDAY,Payment failure
O001846,2025-10-15,2025-10-18,C0088,R01,Completed,Buy Now Pay Later,Express,2025-10-18,2025-10-18,17,NONE,
O001847,2025-02-21,2025-02-26,C0625,R02,Completed,Card,Standard,2025-02-27,2025-02-26,8.5,NONE,
O001848,2025-04-22,2025-04-27,C0194,R08,Completed,Digital Wallet,Standard,2025-04-28,2025-04-27,13.5,NONE,
O001849,2024-01-20,2024-01-22,C0373,R05,Completed,Buy Now Pay Later,Express,2024-01-23,2024-01-22,15.5,NONE,
O001850,2024-10-10,2024-10-15,C0333,R05,Completed,Card,Standard,2024-10-16,2024-10-15,8.5,SPRING,
O001851,2024-07-11,2024-07-16,C0402,R05,Completed,Card,Standard,2024-07-17,2024-07-16,8.5,NONE,
O001852,2025-02-08,2025-02-15,C0615,R06,Completed,Card,Standard,2025-02-14,2025-02-15,13.5,NONE,
O001853,2025-04-05,2025-04-12,C0570,R02,Completed,Digital Wallet,Standard,2025-04-11,2025-04-12,13.5,BACK2WORK,
O001854,2024-02-18,2024-02-24,C0325,R01,Completed,Digital Wallet,Standard,2024-02-24,2024-02-24,12,NONE,
O001855,2025-10-28,2025-11-02,C0400,R05,Completed,Digital Wallet,Standard,2025-11-03,2025-11-02,10,SUMMER,
O001856,2025-11-16,2025-11-22,C0001,R05,Completed,Card,Standard,2025-11-22,2025-11-22,10,HOLIDAY,
O001857,2024-07-23,2024-07-28,C0703,R02,Completed,Bank Transfer,Standard,2024-07-29,2024-07-28,8.5,NONE,
O001858,2024-05-22,2024-05-28,C0318,R02,Completed,Card,Standard,2024-05-28,2024-05-28,13.5,NONE,
O001859,2025-11-20,2025-11-28,C0642,R05,Completed,Card,Standard,2025-11-26,2025-11-28,12,HOLIDAY,
O001860,2024-11-18,2024-11-24,C0031,R07,Completed,Digital Wallet,Standard,2024-11-24,2024-11-24,12,HOLIDAY,
O001861,2025-01-05,2025-01-12,C0471,R06,Completed,Card,Standard,2025-01-11,2025-01-12,16.5,NONE,
O001862,2024-11-22,2024-11-28,C0174,R08,Completed,Bank Transfer,Standard,2024-11-28,2024-11-28,8.5,HOLIDAY,
O001863,2024-10-03,2024-10-09,C0598,R06,Completed,Bank Transfer,Standard,2024-10-09,2024-10-09,13.5,NONE,
O001864,2024-03-11,2024-03-14,C0566,R04,Completed,Card,Express,2024-03-14,2024-03-14,15.5,NONE,
O001865,2025-01-25,2025-01-31,C0342,R02,Completed,Card,Standard,2025-01-31,2025-01-31,8.5,NONE,
O001866,2025-03-29,2025-04-08,C0400,R05,Completed,Digital Wallet,Standard,2025-04-04,2025-04-08,16.5,NONE,
O001867,2025-07-29,2025-08-08,C0348,R05,Completed,Bank Transfer,Standard,2025-08-04,2025-08-08,13.5,NONE,
O001868,2024-11-27,2024-11-30,C0091,R04,Completed,Card,Express,2024-11-30,2024-11-30,20.5,HOLIDAY,
O001869,2024-05-24,2024-05-27,C0031,R07,Completed,Buy Now Pay Later,Express,2024-05-27,2024-05-27,15.5,BACK2WORK,
O001870,2025-12-22,2025-12-28,C0273,R02,Returned,Digital Wallet,Standard,2025-12-28,2025-12-28,8.5,HOLIDAY,
O001871,2025-05-24,2025-05-30,C0088,R01,Completed,Card,Standard,2025-05-30,2025-05-30,11.5,NONE,
O001872,2025-11-30,2025-12-05,C0088,R01,Completed,Card,Standard,2025-12-06,2025-12-05,10,HOLIDAY,
O001873,2024-09-10,2024-09-16,C0714,R01,Completed,Digital Wallet,Standard,2024-09-16,2024-09-16,13.5,BACK2WORK,
O001874,2025-10-19,2025-10-27,C0373,R05,Completed,Digital Wallet,Standard,2025-10-25,2025-10-27,8.5,NONE,
O001875,2025-03-23,,C0024,R07,Cancelled,Bank Transfer,Standard,,,12,NONE,Inventory unavailable
O001876,2024-03-21,2024-03-29,C0441,R06,Completed,Card,Standard,2024-03-27,2024-03-29,10,NONE,
O001877,2024-06-15,2024-06-20,C0687,R05,Completed,Bank Transfer,Standard,2024-06-21,2024-06-20,15,NONE,
O001878,2024-05-03,2024-05-09,C0052,R04,Completed,Bank Transfer,Standard,2024-05-09,2024-05-09,16.5,NONE,
O001879,2025-11-08,2025-11-15,C0175,R03,Completed,Digital Wallet,Standard,2025-11-14,2025-11-15,10,HOLIDAY,
O001880,2024-06-02,2024-06-08,C0520,R05,Returned,Digital Wallet,Standard,2024-06-08,2024-06-08,10,NONE,
O001881,2025-03-26,2025-04-01,C0483,R06,Completed,Digital Wallet,Standard,2025-04-01,2025-04-01,8.5,NONE,
O001882,2025-10-26,2025-11-01,C0390,R04,Completed,Bank Transfer,Standard,2025-11-01,2025-11-01,8.5,NONE,
O001883,2025-02-12,2025-02-17,C0348,R05,Completed,Card,Standard,2025-02-18,2025-02-17,11.5,BACK2WORK,
O001884,2025-11-19,2025-11-24,C0687,R05,Completed,Card,Standard,2025-11-25,2025-11-24,8.5,HOLIDAY,
O001885,2024-06-10,2024-06-16,C0586,R05,Completed,Card,Standard,2024-06-16,2024-06-16,10,NONE,
O001886,2025-04-06,2025-04-12,C0431,R03,Completed,Card,Standard,2025-04-12,2025-04-12,8.5,NONE,
O001887,2025-04-21,2025-04-27,C0326,R07,Completed,Card,Standard,2025-04-27,2025-04-27,18.5,NONE,
O001888,2024-10-23,2024-10-25,C0512,R05,Completed,Card,Express,2024-10-26,2024-10-25,17,NONE,
O001889,2025-03-31,2025-04-06,C0400,R05,Completed,Digital Wallet,Standard,2025-04-06,2025-04-06,8.5,NONE,
O001890,2024-02-02,2024-02-08,C0378,R05,Returned,Bank Transfer,Standard,2024-02-08,2024-02-08,8.5,NONE,
O001891,2024-11-11,2024-11-17,C0149,R08,Returned,Digital Wallet,Express,2024-11-14,2024-11-17,20.5,HOLIDAY,
O001892,2024-04-20,2024-04-26,C0603,R08,Completed,Card,Standard,2024-04-26,2024-04-26,8.5,NONE,
O001893,2025-12-28,2026-01-05,C0638,R03,Completed,Buy Now Pay Later,Standard,2026-01-03,2026-01-05,13.5,HOLIDAY,
O001894,2024-10-25,2024-10-27,C0254,R02,Completed,Bank Transfer,Express,2024-10-28,2024-10-27,15.5,NONE,
O001895,2025-08-15,2025-08-24,C0382,R01,Completed,Digital Wallet,Standard,2025-08-21,2025-08-24,8.5,NONE,
O001896,2024-09-07,2024-09-16,C0526,R02,Completed,Card,Standard,2024-09-13,2024-09-16,8.5,NONE,
O001897,2025-05-13,2025-05-15,C0701,R03,Completed,Card,Express,2025-05-16,2025-05-15,17,SPRING,
O001898,2024-08-02,2024-08-07,C0490,R06,Completed,Card,Standard,2024-08-08,2024-08-07,12,BACK2WORK,
O001899,2024-02-23,2024-02-29,C0210,R03,Completed,Digital Wallet,Standard,2024-02-29,2024-02-29,12,NONE,
O001900,2024-04-26,2024-05-01,C0507,R04,Completed,Card,Standard,2024-05-02,2024-05-01,13.5,NONE,
O001901,2024-11-13,2024-11-19,C0625,R02,Completed,Bank Transfer,Standard,2024-11-19,2024-11-19,15,HOLIDAY,
O001902,2024-10-21,2024-10-26,C0548,R03,Completed,Card,Standard,2024-10-27,2024-10-26,8.5,NONE,
O001903,2025-08-15,2025-08-20,C0388,R03,Returned,Card,Standard,2025-08-21,2025-08-20,13.5,NONE,
O001904,2024-08-20,2024-08-26,C0247,R01,Completed,Card,Standard,2024-08-26,2024-08-26,11.5,NONE,
O001905,2024-09-12,2024-09-19,C0348,R05,Completed,Card,Standard,2024-09-18,2024-09-19,8.5,NONE,
O001906,2025-11-19,2025-11-21,C0145,R02,Completed,Card,Express,2025-11-22,2025-11-21,22,HOLIDAY,
O001907,2025-05-23,2025-06-01,C0526,R02,Completed,Card,Standard,2025-05-29,2025-06-01,8.5,NONE,
O001908,2025-06-24,2025-06-30,C0652,R06,Completed,Digital Wallet,Standard,2025-06-30,2025-06-30,12,NONE,
O001909,2025-06-01,2025-06-07,C0143,R04,Completed,Digital Wallet,Standard,2025-06-07,2025-06-07,13.5,NONE,
O001910,2024-05-06,2024-05-14,C0275,R08,Completed,Card,Standard,2024-05-12,2024-05-14,8.5,SPRING,
O001911,2024-01-21,2024-01-27,C0482,R01,Completed,Digital Wallet,Standard,2024-01-27,2024-01-27,15,SUMMER,
O001912,2024-12-15,,C0088,R01,Cancelled,Card,Standard,,,12,HOLIDAY,Customer changed mind
O001913,2024-10-12,2024-10-19,C0373,R05,Completed,Digital Wallet,Express,2024-10-15,2024-10-19,17,NONE,
O001914,2024-07-20,2024-07-26,C0145,R02,Completed,Card,Standard,2024-07-26,2024-07-26,12,BACK2WORK,
O001915,2025-09-27,2025-10-02,C0230,R05,Completed,Bank Transfer,Standard,2025-10-03,2025-10-02,10,SUMMER,
O001916,2025-08-17,2025-08-25,C0273,R02,Completed,Bank Transfer,Standard,2025-08-23,2025-08-25,11.5,NONE,
O001917,2025-10-07,2025-10-13,C0499,R03,Completed,Buy Now Pay Later,Standard,2025-10-13,2025-10-13,8.5,NONE,
O001918,2025-02-23,2025-03-01,C0693,R07,Completed,Card,Standard,2025-03-01,2025-03-01,8.5,NONE,
O001919,2025-01-03,2025-01-08,C0563,R02,Completed,Digital Wallet,Standard,2025-01-09,2025-01-08,10,NONE,
O001920,2025-08-11,2025-08-20,C0254,R02,Completed,Bank Transfer,Standard,2025-08-17,2025-08-20,10,SUMMER,
O001921,2024-06-07,2024-06-13,C0509,R03,Completed,Digital Wallet,Standard,2024-06-13,2024-06-13,10,NONE,
O001922,2025-09-28,2025-09-30,C0095,R04,Returned,Card,Express,2025-10-01,2025-09-30,17,NONE,
O001923,2025-11-11,2025-11-16,C0525,R02,Completed,Digital Wallet,Standard,2025-11-17,2025-11-16,8.5,HOLIDAY,
O001924,2024-08-19,2024-08-24,C0278,R02,Completed,Card,Standard,2024-08-25,2024-08-24,8.5,SPRING,
O001925,2025-06-09,2025-06-16,C0686,R01,Completed,Digital Wallet,Standard,2025-06-15,2025-06-16,16.5,NONE,
O001926,2024-05-27,2024-06-06,C0016,R05,Returned,Card,Standard,2024-06-02,2024-06-06,13.5,NONE,
O001927,2024-10-21,2024-10-26,C0416,R05,Completed,Card,Standard,2024-10-27,2024-10-26,8.5,NONE,
O001928,2025-01-20,2025-01-26,C0323,R08,Completed,Card,Standard,2025-01-26,2025-01-26,8.5,NONE,
O001929,2024-09-04,2024-09-10,C0556,R07,Completed,Card,Standard,2024-09-10,2024-09-10,10,NONE,
O001930,2025-10-20,2025-10-25,C0637,R04,Completed,Bank Transfer,Standard,2025-10-26,2025-10-25,15,NONE,
O001931,2024-06-07,2024-06-12,C0238,R04,Completed,Card,Standard,2024-06-13,2024-06-12,8.5,NONE,
O001932,2025-11-22,2025-11-28,C0637,R04,Completed,Card,Standard,2025-11-28,2025-11-28,12,HOLIDAY,
O001933,2024-12-16,2024-12-23,C0339,R05,Returned,Card,Standard,2024-12-22,2024-12-23,16.5,HOLIDAY,
O001934,2025-06-06,2025-06-13,C0617,R03,Completed,Digital Wallet,Standard,2025-06-12,2025-06-13,12,NONE,
O001935,2025-10-22,2025-10-27,C0220,R06,Completed,Bank Transfer,Standard,2025-10-28,2025-10-27,12,NONE,
O001936,2024-11-05,2024-11-08,C0415,R06,Completed,Digital Wallet,Express,2024-11-08,2024-11-08,17,HOLIDAY,
O001937,2024-05-29,2024-06-03,C0653,R03,Completed,Card,Standard,2024-06-04,2024-06-03,8.5,NONE,
O001938,2025-04-12,2025-04-18,C0657,R01,Returned,Card,Standard,2025-04-18,2025-04-18,11.5,NONE,
O001939,2024-08-27,2024-09-02,C0234,R08,Completed,Digital Wallet,Express,2024-08-30,2024-09-02,15.5,NONE,
O001940,2025-06-27,2025-07-03,C0323,R08,Returned,Card,Standard,2025-07-03,2025-07-03,15,NONE,
O001941,2025-11-28,2025-12-03,C0077,R07,Completed,Card,Standard,2025-12-04,2025-12-03,11.5,HOLIDAY,
O001942,2024-12-18,2024-12-24,C0454,R05,Completed,Digital Wallet,Standard,2024-12-24,2024-12-24,8.5,HOLIDAY,
O001943,2025-05-15,2025-05-21,C0652,R06,Completed,Buy Now Pay Later,Standard,2025-05-21,2025-05-21,10,NONE,
O001944,2025-10-03,2025-10-09,C0366,R07,Completed,Digital Wallet,Standard,2025-10-09,2025-10-09,10,NONE,
O001945,2025-02-16,2025-02-21,C0536,R03,Completed,Digital Wallet,Standard,2025-02-22,2025-02-21,10,NONE,
O001946,2025-08-15,2025-08-21,C0707,R06,Completed,Digital Wallet,Standard,2025-08-21,2025-08-21,12,NONE,
O001947,2025-12-28,2026-01-03,C0251,R07,Completed,Card,Standard,2026-01-03,2026-01-03,12,HOLIDAY,
O001948,2024-01-09,2024-01-15,C0625,R02,Completed,Digital Wallet,Standard,2024-01-15,2024-01-15,13.5,NONE,
O001949,2025-10-02,2025-10-08,C0412,R04,Completed,Digital Wallet,Standard,2025-10-08,2025-10-08,8.5,NONE,
O001950,2024-06-11,2024-06-16,C0388,R03,Completed,Card,Standard,2024-06-17,2024-06-16,8.5,NONE,
O001951,2024-04-12,2024-04-14,C0074,R05,Completed,Buy Now Pay Later,Express,2024-04-15,2024-04-14,17,NONE,
O001952,2024-09-22,2024-09-27,C0054,R02,Returned,Digital Wallet,Standard,2024-09-28,2024-09-27,13.5,SUMMER,
O001953,2025-07-19,2025-07-22,C0242,R08,Completed,Digital Wallet,Express,2025-07-22,2025-07-22,17,BACK2WORK,
O001954,2025-09-02,2025-09-06,C0644,R08,Returned,Card,Express,2025-09-05,2025-09-06,15.5,NONE,
O001955,2025-08-31,2025-09-09,C0717,R05,Completed,Buy Now Pay Later,Standard,2025-09-06,2025-09-09,12,NONE,
O001956,2024-03-12,2024-03-21,C0522,R08,Returned,Bank Transfer,Standard,2024-03-18,2024-03-21,12,NONE,
O001957,2025-10-14,2025-10-19,C0684,R08,Completed,Digital Wallet,Standard,2025-10-20,2025-10-19,10,BACK2WORK,
O001958,2024-02-28,2024-03-06,C0271,R05,Completed,Card,Standard,2024-03-05,2024-03-06,15,BACK2WORK,
O001959,2025-12-18,2025-12-20,C0050,R06,Completed,Digital Wallet,Express,2025-12-21,2025-12-20,17,HOLIDAY,
O001960,2024-06-17,2024-06-23,C0473,R05,Completed,Card,Standard,2024-06-23,2024-06-23,13.5,NONE,
O001961,2024-08-12,2024-08-18,C0015,R08,Completed,Card,Standard,2024-08-18,2024-08-18,8.5,NONE,
O001962,2025-03-05,2025-03-15,C0273,R02,Completed,Bank Transfer,Standard,2025-03-11,2025-03-15,8.5,NONE,
O001963,2025-09-18,2025-09-23,C0454,R05,Completed,Card,Standard,2025-09-24,2025-09-23,10,NONE,
O001964,2024-05-14,2024-05-20,C0473,R05,Completed,Card,Standard,2024-05-20,2024-05-20,11.5,SUMMER,
O001965,2024-01-01,2024-01-07,C0382,R01,Completed,Bank Transfer,Standard,2024-01-07,2024-01-07,13.5,NONE,
O001966,2025-07-23,2025-07-28,C0326,R07,Completed,Buy Now Pay Later,Standard,2025-07-29,2025-07-28,8.5,NONE,
O001967,2025-11-08,2025-11-13,C0519,R03,Completed,Card,Standard,2025-11-14,2025-11-13,12,HOLIDAY,
O001968,2024-11-27,2024-12-03,C0106,R08,Completed,Card,Standard,2024-12-03,2024-12-03,13,HOLIDAY,
O001969,2024-03-23,2024-03-29,C0546,R06,Completed,Card,Standard,2024-03-29,2024-03-29,8.5,NONE,
O001970,2025-02-10,2025-02-15,C0004,R03,Completed,Buy Now Pay Later,Standard,2025-02-16,2025-02-15,10,NONE,
O001971,2025-05-26,2025-05-28,C0715,R01,Completed,Bank Transfer,Express,2025-05-29,2025-05-28,17,BACK2WORK,
O001972,2024-10-28,2024-11-02,C0625,R02,Completed,Digital Wallet,Standard,2024-11-03,2024-11-02,12,NONE,
O001973,2025-07-13,2025-07-18,C0712,R01,Completed,Digital Wallet,Standard,2025-07-19,2025-07-18,11.5,NONE,
O001974,2024-04-16,2024-04-21,C0557,R05,Completed,Card,Standard,2024-04-22,2024-04-21,11.5,SPRING,
O001975,2025-07-09,2025-07-14,C0388,R03,Completed,Bank Transfer,Standard,2025-07-15,2025-07-14,11.5,NONE,
O001976,2025-11-03,2025-11-09,C0118,R03,Completed,Card,Standard,2025-11-09,2025-11-09,10,HOLIDAY,
O001977,2024-08-25,2024-08-27,C0067,R04,Completed,Buy Now Pay Later,Express,2024-08-28,2024-08-27,19,BACK2WORK,
O001978,2024-09-06,2024-09-12,C0240,R02,Completed,Bank Transfer,Standard,2024-09-12,2024-09-12,12,NONE,
O001979,2025-11-12,2025-11-21,C0381,R02,Completed,Bank Transfer,Standard,2025-11-18,2025-11-21,13.5,HOLIDAY,
O001980,2025-07-04,2025-07-09,C0388,R03,Completed,Card,Standard,2025-07-10,2025-07-09,12,NONE,
O001981,2025-07-13,2025-07-16,C0201,R02,Completed,Bank Transfer,Express,2025-07-16,2025-07-16,15.5,NONE,
O001982,2024-06-19,2024-06-28,C0349,R03,Completed,Card,Standard,2024-06-25,2024-06-28,8.5,NONE,
O001983,2025-07-03,2025-07-08,C0441,R06,Completed,Card,Standard,2025-07-09,2025-07-08,13,NONE,
O001984,2025-01-10,2025-01-12,C0014,R05,Completed,Card,Express,2025-01-13,2025-01-12,17,SUMMER,
O001985,2025-05-22,2025-05-27,C0606,R04,Completed,Buy Now Pay Later,Standard,2025-05-28,2025-05-27,8.5,NONE,
O001986,2024-10-17,2024-10-23,C0323,R08,Completed,Card,Standard,2024-10-23,2024-10-23,12,NONE,
O001987,2025-07-30,2025-08-05,C0091,R04,Completed,Card,Standard,2025-08-05,2025-08-05,15,NONE,
O001988,2025-02-15,2025-02-20,C0337,R03,Returned,Card,Standard,2025-02-21,2025-02-20,13.5,SPRING,
O001989,2025-03-05,2025-03-13,C0163,R04,Completed,Card,Standard,2025-03-11,2025-03-13,12,NONE,
O001990,2024-07-28,2024-08-03,C0326,R07,Completed,Card,Standard,2024-08-03,2024-08-03,10,NONE,
O001991,2025-05-02,2025-05-05,C0536,R03,Completed,Card,Express,2025-05-05,2025-05-05,20.5,NONE,
O001992,2024-04-09,2024-04-14,C0461,R07,Completed,Buy Now Pay Later,Standard,2024-04-15,2024-04-14,13.5,NONE,
O001993,2025-12-25,2025-12-27,C0184,R03,Completed,Bank Transfer,Express,2025-12-28,2025-12-27,17,HOLIDAY,
O001994,2024-03-02,2024-03-07,C0366,R07,Completed,Bank Transfer,Standard,2024-03-08,2024-03-07,10,BACK2WORK,
O001995,2024-01-10,2024-01-12,C0696,R01,Completed,Card,Express,2024-01-13,2024-01-12,17,NONE,
O001996,2024-08-26,2024-08-31,C0551,R01,Completed,Bank Transfer,Standard,2024-09-01,2024-08-31,16.5,NONE,
O001997,2024-08-07,2024-08-13,C0476,R05,Completed,Card,Standard,2024-08-13,2024-08-13,8.5,NONE,
O001998,2024-03-09,2024-03-15,C0719,R04,Completed,Card,Standard,2024-03-15,2024-03-15,13.5,NONE,
O001999,2024-12-05,2024-12-10,C0035,R06,Completed,Bank Transfer,Standard,2024-12-11,2024-12-10,10,HOLIDAY,
O002000,2024-07-13,2024-07-18,C0522,R08,Completed,Bank Transfer,Standard,2024-07-19,2024-07-18,12,NONE,
O002001,2024-05-10,2024-05-16,C0033,R02,Completed,Card,Standard,2024-05-16,2024-05-16,10,NONE,
O002002,2025-01-25,2025-01-30,C0153,R04,Completed,Card,Standard,2025-01-31,2025-01-30,8.5,NONE,
O002003,2025-08-20,2025-08-26,C0674,R08,Completed,Bank Transfer,Standard,2025-08-26,2025-08-26,10,NONE,
O002004,2025-01-23,2025-01-28,C0090,R03,Completed,Bank Transfer,Standard,2025-01-29,2025-01-28,8.5,NONE,
O002005,2024-02-23,2024-02-28,C0351,R01,Completed,Digital Wallet,Standard,2024-02-29,2024-02-28,10,NONE,
O002006,2024-11-28,2024-12-03,C0715,R01,Completed,Digital Wallet,Standard,2024-12-04,2024-12-03,8.5,HOLIDAY,
O002007,2024-06-23,2024-06-28,C0031,R07,Completed,Bank Transfer,Standard,2024-06-29,2024-06-28,8.5,NONE,
O002008,2024-06-01,2024-06-06,C0300,R03,Completed,Card,Standard,2024-06-07,2024-06-06,12,NONE,
O002009,2025-03-02,2025-03-07,C0224,R08,Completed,Card,Standard,2025-03-08,2025-03-07,10,NONE,
O002010,2025-03-09,2025-03-14,C0175,R03,Completed,Bank Transfer,Standard,2025-03-15,2025-03-14,12,NONE,
O002011,2024-01-24,2024-02-03,C0207,R01,Completed,Card,Standard,2024-01-30,2024-02-03,16.5,NONE,
O002012,2024-11-15,2024-11-20,C0044,R06,Completed,Card,Standard,2024-11-21,2024-11-20,18.5,HOLIDAY,
O002013,2025-12-17,2025-12-22,C0012,R06,Returned,Card,Standard,2025-12-23,2025-12-22,8.5,HOLIDAY,
O002014,2024-11-05,2024-11-11,C0621,R08,Completed,Digital Wallet,Standard,2024-11-11,2024-11-11,8.5,HOLIDAY,
O002015,2024-06-30,2024-07-05,C0643,R01,Completed,Digital Wallet,Standard,2024-07-06,2024-07-05,11.5,NONE,
O002016,2024-07-23,2024-07-28,C0374,R01,Completed,Digital Wallet,Standard,2024-07-29,2024-07-28,8.5,NONE,
O002017,2024-04-27,2024-05-02,C0417,R07,Completed,Card,Standard,2024-05-03,2024-05-02,8.5,NONE,
O002018,2024-12-05,2024-12-11,C0055,R02,Completed,Card,Standard,2024-12-11,2024-12-11,8.5,HOLIDAY,
O002019,2025-12-23,2025-12-29,C0688,R02,Completed,Digital Wallet,Standard,2025-12-29,2025-12-29,13.5,HOLIDAY,
O002020,2025-08-14,2025-08-19,C0052,R04,Completed,Card,Standard,2025-08-20,2025-08-19,8.5,NONE,
O002021,2025-04-08,2025-04-13,C0226,R02,Completed,Card,Standard,2025-04-14,2025-04-13,13.5,NONE,
O002022,2024-03-22,2024-03-31,C0033,R02,Completed,Card,Standard,2024-03-28,2024-03-31,17,SPRING,
O002023,2025-11-27,2025-12-03,C0204,R05,Completed,Digital Wallet,Standard,2025-12-03,2025-12-03,10,HOLIDAY,
O002024,2024-06-15,2024-06-20,C0612,R05,Completed,Digital Wallet,Standard,2024-06-21,2024-06-20,10,SUMMER,
O002025,2025-12-01,2025-12-07,C0586,R05,Completed,Card,Standard,2025-12-07,2025-12-07,8.5,HOLIDAY,
O002026,2024-02-01,2024-02-06,C0536,R03,Completed,Digital Wallet,Standard,2024-02-07,2024-02-06,8.5,NONE,
O002027,2025-02-13,2025-02-18,C0563,R02,Completed,Digital Wallet,Standard,2025-02-19,2025-02-18,10,NONE,
O002028,2024-05-09,2024-05-15,C0678,R02,Completed,Buy Now Pay Later,Standard,2024-05-15,2024-05-15,15,NONE,
O002029,2025-06-07,2025-06-13,C0178,R01,Completed,Buy Now Pay Later,Standard,2025-06-13,2025-06-13,13.5,NONE,
O002030,2024-02-17,2024-02-22,C0054,R02,Returned,Card,Standard,2024-02-23,2024-02-22,8.5,NONE,
O002031,2024-10-16,2024-10-21,C0145,R02,Completed,Card,Standard,2024-10-22,2024-10-21,12,SPRING,
O002032,2024-11-07,2024-11-12,C0482,R01,Completed,Card,Standard,2024-11-13,2024-11-12,10,HOLIDAY,
O002033,2024-10-24,2024-10-30,C0390,R04,Completed,Digital Wallet,Standard,2024-10-30,2024-10-30,13.5,SPRING,
O002034,2025-01-25,2025-01-31,C0682,R05,Completed,Buy Now Pay Later,Standard,2025-01-31,2025-01-31,8.5,NONE,
O002035,2025-04-18,2025-04-26,C0391,R01,Completed,Card,Standard,2025-04-24,2025-04-26,10,SPRING,
O002036,2025-11-04,2025-11-14,C0396,R03,Completed,Digital Wallet,Standard,2025-11-10,2025-11-14,12,HOLIDAY,
O002037,2024-06-04,2024-06-09,C0499,R03,Returned,Card,Standard,2024-06-10,2024-06-09,12,NONE,
O002038,2024-03-22,2024-03-24,C0175,R03,Completed,Bank Transfer,Express,2024-03-25,2024-03-24,20.5,NONE,
O002039,2024-06-10,2024-06-13,C0526,R02,Completed,Buy Now Pay Later,Express,2024-06-13,2024-06-13,15.5,NONE,
O002040,2024-12-12,2024-12-18,C0651,R01,Completed,Card,Standard,2024-12-18,2024-12-18,10,HOLIDAY,
O002041,2025-01-10,2025-01-16,C0715,R01,Completed,Digital Wallet,Standard,2025-01-16,2025-01-16,11.5,SPRING,
O002042,2024-07-31,2024-08-06,C0571,R06,Completed,Buy Now Pay Later,Standard,2024-08-06,2024-08-06,10,NONE,
O002043,2024-11-16,2024-11-22,C0382,R01,Completed,Card,Standard,2024-11-22,2024-11-22,13.5,HOLIDAY,
O002044,2024-10-14,2024-10-20,C0021,R05,Completed,Buy Now Pay Later,Standard,2024-10-20,2024-10-20,10,NONE,
O002045,2024-04-04,2024-04-09,C0139,R05,Returned,Digital Wallet,Standard,2024-04-10,2024-04-09,12,NONE,
O002046,2024-11-29,2024-12-04,C0377,R04,Completed,Card,Standard,2024-12-05,2024-12-04,8.5,HOLIDAY,
O002047,2024-11-20,2024-11-26,C0707,R06,Completed,Card,Standard,2024-11-26,2024-11-26,13.5,HOLIDAY,
O002048,2025-04-24,2025-04-30,C0213,R03,Completed,Digital Wallet,Standard,2025-04-30,2025-04-30,8.5,NONE,
O002049,2025-11-19,2025-11-24,C0546,R06,Completed,Digital Wallet,Standard,2025-11-25,2025-11-24,10,HOLIDAY,
O002050,2024-03-15,2024-03-24,C0205,R08,Completed,Card,Standard,2024-03-21,2024-03-24,20,NONE,
O002051,2024-01-10,2024-01-15,C0131,R06,Completed,Card,Standard,2024-01-16,2024-01-15,13.5,NONE,
O002052,2025-07-06,2025-07-11,C0573,R01,Completed,Card,Standard,2025-07-12,2025-07-11,8.5,NONE,
O002053,2025-08-23,2025-09-02,C0295,R03,Completed,Card,Standard,2025-08-29,2025-09-02,20,NONE,
O002054,2024-01-01,2024-01-06,C0069,R05,Completed,Card,Standard,2024-01-07,2024-01-06,11.5,NONE,
O002055,2024-08-11,2024-08-13,C0377,R04,Completed,Card,Express,2024-08-14,2024-08-13,29,NONE,
O002056,2025-09-18,2025-09-23,C0062,R02,Completed,Buy Now Pay Later,Standard,2025-09-24,2025-09-23,15,NONE,
O002057,2025-09-06,2025-09-12,C0517,R06,Completed,Card,Standard,2025-09-12,2025-09-12,8.5,NONE,
O002058,2024-11-21,2024-11-27,C0273,R02,Completed,Bank Transfer,Standard,2024-11-27,2024-11-27,12,HOLIDAY,
O002059,2025-01-10,2025-01-17,C0073,R04,Completed,Digital Wallet,Standard,2025-01-16,2025-01-17,17,NONE,
O002060,2024-02-23,2024-02-26,C0563,R02,Completed,Bank Transfer,Express,2024-02-26,2024-02-26,15.5,NONE,
O002061,2024-11-01,2024-11-07,C0330,R03,Completed,Card,Standard,2024-11-07,2024-11-07,8.5,HOLIDAY,
O002062,2024-07-14,2024-07-17,C0102,R04,Completed,Buy Now Pay Later,Express,2024-07-17,2024-07-17,18.5,SPRING,
O002063,2025-07-17,2025-07-23,C0382,R01,Completed,Buy Now Pay Later,Standard,2025-07-23,2025-07-23,18.5,SUMMER,
O002064,2024-12-04,,C0260,R07,Cancelled,Card,Standard,,,8.5,HOLIDAY,Customer changed mind
O002065,2024-02-06,2024-02-12,C0546,R06,Completed,Card,Standard,2024-02-12,2024-02-12,8.5,NONE,
O002066,2024-07-03,2024-07-09,C0128,R04,Completed,Digital Wallet,Standard,2024-07-09,2024-07-09,8.5,NONE,
O002067,2025-09-10,2025-09-16,C0637,R04,Completed,Digital Wallet,Standard,2025-09-16,2025-09-16,8.5,BACK2WORK,
O002068,2025-12-15,2025-12-20,C0466,R03,Completed,Card,Standard,2025-12-21,2025-12-20,8.5,HOLIDAY,
O002069,2024-04-22,2024-04-27,C0265,R06,Completed,Card,Standard,2024-04-28,2024-04-27,13.5,NONE,
O002070,2024-08-09,2024-08-14,C0431,R03,Completed,Card,Express,2024-08-12,2024-08-14,15.5,NONE,
O002071,2025-06-08,,C0431,R03,Cancelled,Card,Express,,,15.5,SPRING,Customer changed mind
O002072,2025-09-20,2025-09-23,C0701,R03,Completed,Digital Wallet,Express,2025-09-23,2025-09-23,15.5,BACK2WORK,
O002073,2024-05-09,2024-05-12,C0667,R05,Completed,Card,Express,2024-05-12,2024-05-12,20.5,NONE,
O002074,2024-08-17,2024-08-23,C0006,R08,Completed,Digital Wallet,Standard,2024-08-23,2024-08-23,10,NONE,
O002075,2024-08-09,2024-08-14,C0543,R01,Completed,Card,Standard,2024-08-15,2024-08-14,8.5,NONE,
O002076,2025-01-17,2025-01-23,C0527,R02,Completed,Bank Transfer,Standard,2025-01-23,2025-01-23,8.5,NONE,
O002077,2025-07-22,2025-07-27,C0278,R02,Completed,Card,Standard,2025-07-28,2025-07-27,8.5,NONE,
O002078,2024-10-23,2024-10-29,C0145,R02,Completed,Bank Transfer,Standard,2024-10-29,2024-10-29,11.5,NONE,
O002079,2024-05-14,2024-05-19,C0052,R04,Completed,Card,Standard,2024-05-20,2024-05-19,8.5,SPRING,
O002080,2025-10-25,,C0373,R05,Cancelled,Card,Standard,,,8.5,NONE,Payment failure
O002081,2025-11-01,,C0637,R04,Cancelled,Bank Transfer,Standard,,,12,HOLIDAY,Address issue
O002082,2025-07-15,2025-07-17,C0087,R02,Completed,Card,Express,2025-07-18,2025-07-17,15.5,NONE,
O002083,2024-01-02,2024-01-07,C0343,R02,Completed,Bank Transfer,Standard,2024-01-08,2024-01-07,8.5,NONE,
O002084,2024-03-03,2024-03-08,C0005,R02,Completed,Card,Standard,2024-03-09,2024-03-08,8.5,NONE,
O002085,2024-06-21,2024-06-26,C0339,R05,Completed,Card,Standard,2024-06-27,2024-06-26,8.5,NONE,
O002086,2024-12-18,2024-12-24,C0102,R04,Completed,Digital Wallet,Standard,2024-12-24,2024-12-24,8.5,HOLIDAY,
O002087,2025-03-01,2025-03-03,C0537,R02,Returned,Card,Express,2025-03-04,2025-03-03,15.5,NONE,
O002088,2025-01-08,2025-01-11,C0028,R08,Completed,Digital Wallet,Express,2025-01-11,2025-01-11,20.5,NONE,
O002089,2024-08-18,2024-08-24,C0374,R01,Completed,Card,Standard,2024-08-24,2024-08-24,12,NONE,
O002090,2024-10-11,2024-10-16,C0552,R08,Completed,Bank Transfer,Standard,2024-10-17,2024-10-16,17,NONE,
O002091,2025-03-17,2025-03-24,C0611,R01,Completed,Card,Express,2025-03-20,2025-03-24,23.5,NONE,
O002092,2024-07-24,,C0366,R07,Cancelled,Bank Transfer,Standard,,,8.5,NONE,Inventory unavailable
O002093,2025-02-20,2025-02-23,C0055,R02,Completed,Digital Wallet,Express,2025-02-23,2025-02-23,20,NONE,
O002094,2025-05-17,2025-05-23,C0381,R02,Completed,Card,Standard,2025-05-23,2025-05-23,12,NONE,
O002095,2024-05-21,2024-05-23,C0404,R06,Completed,Digital Wallet,Express,2024-05-24,2024-05-23,15.5,NONE,
O002096,2024-02-04,2024-02-09,C0473,R05,Completed,Digital Wallet,Standard,2024-02-10,2024-02-09,18.5,SUMMER,
O002097,2024-05-02,2024-05-07,C0372,R01,Completed,Digital Wallet,Standard,2024-05-08,2024-05-07,12,NONE,
O002098,2024-02-18,2024-02-24,C0521,R08,Completed,Bank Transfer,Standard,2024-02-24,2024-02-24,12,SPRING,
O002099,2024-10-18,2024-10-24,C0654,R04,Completed,Card,Standard,2024-10-24,2024-10-24,13.5,NONE,
O002100,2025-11-09,2025-11-14,C0088,R01,Completed,Card,Standard,2025-11-15,2025-11-14,10,HOLIDAY,
O002101,2024-05-21,2024-05-27,C0480,R03,Completed,Card,Standard,2024-05-27,2024-05-27,12,NONE,
O002102,2024-11-02,2024-11-07,C0330,R03,Completed,Card,Standard,2024-11-08,2024-11-07,8.5,HOLIDAY,
O002103,2024-05-29,2024-06-03,C0217,R03,Completed,Digital Wallet,Standard,2024-06-04,2024-06-03,10,NONE,
O002104,2024-11-06,2024-11-11,C0587,R05,Completed,Card,Standard,2024-11-12,2024-11-11,8.5,HOLIDAY,
O002105,2025-09-29,2025-10-04,C0580,R04,Completed,Buy Now Pay Later,Standard,2025-10-05,2025-10-04,8.5,NONE,
O002106,2025-04-04,2025-04-10,C0645,R03,Completed,Digital Wallet,Standard,2025-04-10,2025-04-10,10,NONE,
O002107,2024-03-23,,C0442,R07,Cancelled,Bank Transfer,Standard,,,15,NONE,Customer changed mind
O002108,2025-06-03,2025-06-08,C0577,R06,Completed,Card,Standard,2025-06-09,2025-06-08,10,NONE,
O002109,2025-03-10,2025-03-15,C0226,R02,Completed,Card,Standard,2025-03-16,2025-03-15,13,BACK2WORK,
O002110,2024-10-17,2024-10-23,C0455,R06,Returned,Bank Transfer,Standard,2024-10-23,2024-10-23,13.5,BACK2WORK,
O002111,2024-12-27,2024-12-30,C0455,R06,Completed,Digital Wallet,Express,2024-12-30,2024-12-30,15.5,HOLIDAY,
O002112,2024-12-02,2024-12-07,C0622,R05,Completed,Buy Now Pay Later,Standard,2024-12-08,2024-12-07,8.5,HOLIDAY,
O002113,2025-12-01,2025-12-06,C0330,R03,Completed,Card,Standard,2025-12-07,2025-12-06,8.5,HOLIDAY,
O002114,2024-12-20,2024-12-26,C0450,R04,Completed,Card,Standard,2024-12-26,2024-12-26,8.5,HOLIDAY,
O002115,2025-12-01,2025-12-06,C0639,R01,Completed,Bank Transfer,Standard,2025-12-07,2025-12-06,10,HOLIDAY,
O002116,2025-08-04,2025-08-10,C0563,R02,Completed,Bank Transfer,Standard,2025-08-10,2025-08-10,11.5,BACK2WORK,
O002117,2024-06-25,2024-06-28,C0573,R01,Completed,Card,Express,2024-06-28,2024-06-28,19,NONE,
O002118,2024-02-01,2024-02-04,C0269,R06,Completed,Card,Express,2024-02-04,2024-02-04,15.5,NONE,
O002119,2025-01-01,2025-01-04,C0149,R08,Completed,Bank Transfer,Express,2025-01-04,2025-01-04,17,NONE,
O002120,2024-12-28,2025-01-03,C0495,R04,Completed,Buy Now Pay Later,Standard,2025-01-03,2025-01-03,8.5,HOLIDAY,
O002121,2025-10-17,2025-10-20,C0331,R04,Completed,Digital Wallet,Express,2025-10-20,2025-10-20,15.5,NONE,
O002122,2025-03-27,2025-04-02,C0364,R03,Completed,Digital Wallet,Standard,2025-04-02,2025-04-02,8.5,BACK2WORK,
O002123,2025-11-06,2025-11-12,C0339,R05,Completed,Card,Standard,2025-11-12,2025-11-12,8.5,HOLIDAY,
O002124,2024-02-24,2024-02-29,C0465,R04,Completed,Bank Transfer,Standard,2024-03-01,2024-02-29,10,NONE,
O002125,2024-11-28,2024-12-04,C0031,R07,Completed,Bank Transfer,Standard,2024-12-04,2024-12-04,10,HOLIDAY,
O002126,2025-09-29,2025-10-04,C0627,R06,Returned,Card,Standard,2025-10-05,2025-10-04,18.5,NONE,
O002127,2024-03-23,2024-03-29,C0539,R01,Completed,Card,Standard,2024-03-29,2024-03-29,8.5,SPRING,
O002128,2025-12-22,2025-12-28,C0612,R05,Completed,Card,Standard,2025-12-28,2025-12-28,10,HOLIDAY,
O002129,2024-12-14,2024-12-20,C0256,R05,Completed,Digital Wallet,Standard,2024-12-20,2024-12-20,11.5,HOLIDAY,
O002130,2025-10-12,,C0248,R07,Cancelled,Digital Wallet,Express,,,18.5,NONE,Payment failure
O002131,2025-11-04,2025-11-07,C0178,R01,Completed,Card,Express,2025-11-07,2025-11-07,15.5,HOLIDAY,
O002132,2025-11-13,2025-11-18,C0712,R01,Returned,Card,Standard,2025-11-19,2025-11-18,10,HOLIDAY,
O002133,2025-09-20,2025-09-25,C0558,R05,Completed,Buy Now Pay Later,Standard,2025-09-26,2025-09-25,13.5,NONE,
O002134,2024-01-14,2024-01-20,C0081,R05,Completed,Digital Wallet,Standard,2024-01-20,2024-01-20,13.5,BACK2WORK,
O002135,2025-09-25,2025-10-01,C0477,R03,Completed,Digital Wallet,Standard,2025-10-01,2025-10-01,8.5,SUMMER,
O002136,2025-05-13,2025-05-16,C0234,R08,Completed,Card,Express,2025-05-16,2025-05-16,19,NONE,
O002137,2025-11-03,2025-11-08,C0610,R02,Completed,Card,Standard,2025-11-09,2025-11-08,8.5,HOLIDAY,
O002138,2024-07-05,2024-07-09,C0012,R06,Completed,Card,Express,2024-07-08,2024-07-09,15.5,NONE,
O002139,2025-04-03,2025-04-08,C0407,R05,Completed,Bank Transfer,Standard,2025-04-09,2025-04-08,8.5,NONE,
O002140,2025-10-09,2025-10-14,C0524,R08,Completed,Digital Wallet,Standard,2025-10-15,2025-10-14,15,NONE,
O002141,2024-04-19,2024-04-25,C0418,R04,Completed,Bank Transfer,Standard,2024-04-25,2024-04-25,10,BACK2WORK,
O002142,2024-08-09,2024-08-15,C0095,R04,Completed,Buy Now Pay Later,Standard,2024-08-15,2024-08-15,8.5,NONE,
O002143,2025-04-07,2025-04-13,C0134,R06,Completed,Digital Wallet,Standard,2025-04-13,2025-04-13,10,SPRING,
O002144,2025-04-28,2025-05-07,C0652,R06,Completed,Digital Wallet,Standard,2025-05-04,2025-05-07,10,NONE,
O002145,2024-10-06,2024-10-12,C0405,R06,Completed,Card,Standard,2024-10-12,2024-10-12,8.5,NONE,
O002146,2024-11-25,2024-12-02,C0580,R04,Completed,Card,Standard,2024-12-01,2024-12-02,8.5,HOLIDAY,
O002147,2025-08-31,2025-09-02,C0689,R03,Completed,Card,Express,2025-09-03,2025-09-02,18.5,NONE,
O002148,2024-03-07,2024-03-12,C0253,R03,Completed,Card,Standard,2024-03-13,2024-03-12,8.5,NONE,
O002149,2024-01-11,2024-01-16,C0213,R03,Completed,Card,Standard,2024-01-17,2024-01-16,17,NONE,
O002150,2025-08-21,2025-08-27,C0100,R07,Completed,Buy Now Pay Later,Standard,2025-08-27,2025-08-27,8.5,NONE,
O002151,2025-03-30,2025-04-05,C0012,R06,Completed,Card,Standard,2025-04-05,2025-04-05,8.5,NONE,
O002152,2024-08-01,2024-08-06,C0476,R05,Completed,Bank Transfer,Standard,2024-08-07,2024-08-06,8.5,NONE,
O002153,2025-09-11,2025-09-21,C0148,R03,Returned,Card,Standard,2025-09-17,2025-09-21,10,NONE,
O002154,2025-05-11,2025-05-13,C0498,R04,Completed,Buy Now Pay Later,Express,2025-05-14,2025-05-13,15.5,NONE,
O002155,2025-11-20,2025-11-25,C0405,R06,Completed,Buy Now Pay Later,Standard,2025-11-26,2025-11-25,8.5,HOLIDAY,
O002156,2025-03-11,2025-03-17,C0416,R05,Completed,Digital Wallet,Standard,2025-03-17,2025-03-17,13.5,NONE,
O002157,2025-12-19,2025-12-24,C0055,R02,Completed,Buy Now Pay Later,Standard,2025-12-25,2025-12-24,8.5,HOLIDAY,
O002158,2024-02-14,2024-02-19,C0253,R03,Completed,Bank Transfer,Standard,2024-02-20,2024-02-19,10,NONE,
O002159,2025-01-08,2025-01-13,C0055,R02,Completed,Card,Standard,2025-01-14,2025-01-13,10,NONE,
O002160,2024-10-21,2024-10-24,C0090,R03,Completed,Card,Express,2024-10-24,2024-10-24,22,SPRING,
O002161,2024-10-01,2024-10-07,C0293,R07,Completed,Card,Standard,2024-10-07,2024-10-07,10,NONE,
O002162,2024-12-14,2024-12-22,C0707,R06,Completed,Digital Wallet,Standard,2024-12-20,2024-12-22,8.5,HOLIDAY,
O002163,2024-01-20,2024-01-26,C0088,R01,Completed,Card,Standard,2024-01-26,2024-01-26,10,NONE,
O002164,2024-11-28,2024-12-06,C0298,R06,Completed,Card,Standard,2024-12-04,2024-12-06,8.5,HOLIDAY,
O002165,2025-01-04,2025-01-10,C0393,R05,Completed,Card,Standard,2025-01-10,2025-01-10,8.5,NONE,
O002166,2025-12-20,2025-12-25,C0591,R02,Completed,Card,Standard,2025-12-26,2025-12-25,8.5,HOLIDAY,
O002167,2025-02-01,2025-02-07,C0058,R01,Completed,Card,Standard,2025-02-07,2025-02-07,10,NONE,
O002168,2025-09-25,2025-10-01,C0701,R03,Completed,Digital Wallet,Standard,2025-10-01,2025-10-01,15,NONE,
O002169,2025-02-26,2025-03-04,C0470,R07,Completed,Digital Wallet,Standard,2025-03-04,2025-03-04,12,NONE,
O002170,2024-12-28,2025-01-03,C0179,R05,Completed,Card,Standard,2025-01-03,2025-01-03,13.5,HOLIDAY,
O002171,2025-02-10,2025-02-16,C0473,R05,Completed,Bank Transfer,Standard,2025-02-16,2025-02-16,8.5,BACK2WORK,
O002172,2025-11-06,2025-11-11,C0450,R04,Completed,Digital Wallet,Standard,2025-11-12,2025-11-11,10,HOLIDAY,
O002173,2024-02-29,2024-03-05,C0388,R03,Completed,Buy Now Pay Later,Standard,2024-03-06,2024-03-05,8.5,NONE,
O002174,2025-02-08,2025-02-13,C0547,R08,Completed,Bank Transfer,Standard,2025-02-14,2025-02-13,16.5,NONE,
O002175,2024-04-18,2024-04-21,C0532,R07,Completed,Digital Wallet,Express,2024-04-21,2024-04-21,19,BACK2WORK,
O002176,2025-01-28,2025-02-02,C0537,R02,Completed,Card,Standard,2025-02-03,2025-02-02,8.5,NONE,
O002177,2024-01-08,2024-01-13,C0713,R07,Completed,Card,Standard,2024-01-14,2024-01-13,12,NONE,
O002178,2025-11-10,2025-11-15,C0563,R02,Completed,Bank Transfer,Express,2025-11-13,2025-11-15,19,HOLIDAY,
O002179,2024-12-06,2024-12-11,C0134,R06,Returned,Bank Transfer,Standard,2024-12-12,2024-12-11,8.5,HOLIDAY,
O002180,2024-04-27,,C0329,R04,Cancelled,Card,Standard,,,15,SUMMER,Address issue
O002181,2025-06-07,2025-06-13,C0050,R06,Completed,Card,Standard,2025-06-13,2025-06-13,10,NONE,
O002182,2024-02-09,2024-02-15,C0471,R06,Completed,Card,Standard,2024-02-15,2024-02-15,10,SPRING,
O002183,2025-11-03,2025-11-05,C0201,R02,Completed,Card,Express,2025-11-06,2025-11-05,19,HOLIDAY,
O002184,2024-08-18,2024-08-27,C0522,R08,Completed,Digital Wallet,Standard,2024-08-24,2024-08-27,15,SUMMER,
O002185,2024-03-18,2024-03-23,C0338,R04,Completed,Bank Transfer,Standard,2024-03-24,2024-03-23,8.5,NONE,
O002186,2024-04-16,2024-04-21,C0462,R04,Completed,Card,Standard,2024-04-22,2024-04-21,13.5,SUMMER,
O002187,2024-09-14,2024-09-21,C0552,R08,Completed,Card,Standard,2024-09-20,2024-09-21,12,NONE,
O002188,2024-06-23,2024-06-29,C0418,R04,Completed,Buy Now Pay Later,Standard,2024-06-29,2024-06-29,12,NONE,
O002189,2025-05-23,2025-05-28,C0683,R06,Completed,Card,Standard,2025-05-29,2025-05-28,10,NONE,
O002190,2025-09-16,2025-09-21,C0070,R03,Completed,Digital Wallet,Standard,2025-09-22,2025-09-21,13.5,NONE,
O002191,2024-01-31,2024-02-09,C0084,R07,Completed,Card,Standard,2024-02-06,2024-02-09,12,NONE,
O002192,2025-03-13,2025-03-19,C0450,R04,Returned,Card,Standard,2025-03-19,2025-03-19,17,NONE,
O002193,2024-05-08,2024-05-13,C0330,R03,Completed,Card,Standard,2024-05-14,2024-05-13,11.5,NONE,
O002194,2024-09-17,2024-09-25,C0499,R03,Completed,Digital Wallet,Standard,2024-09-23,2024-09-25,12,NONE,
O002195,2025-04-30,2025-05-06,C0293,R07,Completed,Digital Wallet,Standard,2025-05-06,2025-05-06,8.5,SPRING,
O002196,2024-07-26,2024-07-31,C0581,R06,Completed,Digital Wallet,Standard,2024-08-01,2024-07-31,8.5,NONE,
O002197,2024-05-25,2024-05-27,C0015,R08,Completed,Bank Transfer,Express,2024-05-28,2024-05-27,15.5,NONE,
O002198,2024-12-14,2024-12-19,C0238,R04,Returned,Bank Transfer,Standard,2024-12-20,2024-12-19,11.5,HOLIDAY,
O002199,2024-07-18,2024-07-24,C0497,R02,Completed,Digital Wallet,Standard,2024-07-24,2024-07-24,8.5,NONE,
O002200,2024-11-21,2024-11-26,C0297,R06,Completed,Card,Standard,2024-11-27,2024-11-26,8.5,HOLIDAY,
O002201,2024-08-06,2024-08-16,C0503,R01,Returned,Card,Standard,2024-08-12,2024-08-16,10,NONE,
O002202,2025-04-11,2025-04-16,C0529,R06,Completed,Bank Transfer,Standard,2025-04-17,2025-04-16,11.5,NONE,
O002203,2024-12-08,2024-12-15,C0037,R03,Returned,Digital Wallet,Standard,2024-12-14,2024-12-15,13.5,HOLIDAY,
O002204,2025-07-05,2025-07-11,C0617,R03,Completed,Card,Standard,2025-07-11,2025-07-11,13.5,NONE,
O002205,2025-11-13,,C0312,R08,Cancelled,Digital Wallet,Standard,,,15,HOLIDAY,Payment failure
O002206,2025-02-01,2025-02-08,C0502,R04,Completed,Bank Transfer,Standard,2025-02-07,2025-02-08,8.5,SPRING,
O002207,2025-05-03,2025-05-08,C0683,R06,Completed,Card,Standard,2025-05-09,2025-05-08,8.5,BACK2WORK,
O002208,2024-04-12,2024-04-18,C0621,R08,Completed,Card,Standard,2024-04-18,2024-04-18,8.5,NONE,
O002209,2024-08-03,2024-08-05,C0087,R02,Completed,Card,Express,2024-08-06,2024-08-05,15.5,NONE,
O002210,2025-11-22,2025-11-26,C0194,R08,Completed,Card,Express,2025-11-25,2025-11-26,17,HOLIDAY,
O002211,2024-06-03,2024-06-05,C0079,R02,Completed,Card,Express,2024-06-06,2024-06-05,23.5,NONE,
O002212,2024-09-09,2024-09-18,C0101,R07,Completed,Card,Standard,2024-09-15,2024-09-18,12,NONE,
O002213,2025-09-28,2025-10-03,C0708,R05,Completed,Card,Standard,2025-10-04,2025-10-03,8.5,NONE,
O002214,2024-12-07,2024-12-13,C0603,R08,Completed,Bank Transfer,Standard,2024-12-13,2024-12-13,8.5,HOLIDAY,
O002215,2025-03-09,2025-03-14,C0432,R01,Completed,Card,Standard,2025-03-15,2025-03-14,15,NONE,
O002216,2025-03-21,2025-03-27,C0683,R06,Completed,Card,Standard,2025-03-27,2025-03-27,8.5,NONE,
O002217,2024-05-27,2024-06-02,C0013,R03,Completed,Card,Standard,2024-06-02,2024-06-02,8.5,NONE,
O002218,2024-10-28,2024-11-06,C0194,R08,Completed,Bank Transfer,Standard,2024-11-03,2024-11-06,10,NONE,
O002219,2024-05-07,2024-05-13,C0333,R05,Completed,Card,Standard,2024-05-13,2024-05-13,10,NONE,
O002220,2025-03-24,2025-03-30,C0014,R05,Returned,Bank Transfer,Standard,2025-03-30,2025-03-30,12,NONE,
O002221,2024-04-26,2024-05-01,C0563,R02,Completed,Card,Standard,2024-05-02,2024-05-01,12,BACK2WORK,
O002222,2025-02-27,2025-03-03,C0183,R07,Completed,Card,Express,2025-03-02,2025-03-03,15.5,NONE,
O002223,2025-01-21,2025-01-24,C0087,R02,Completed,Card,Express,2025-01-24,2025-01-24,18.5,NONE,
O002224,2025-09-17,2025-09-22,C0473,R05,Completed,Card,Standard,2025-09-23,2025-09-22,8.5,SUMMER,
O002225,2024-10-20,2024-10-26,C0375,R04,Completed,Card,Standard,2024-10-26,2024-10-26,8.5,NONE,
O002226,2024-10-10,2024-10-16,C0455,R06,Completed,Card,Standard,2024-10-16,2024-10-16,8.5,NONE,
O002227,2024-02-22,2024-02-28,C0498,R04,Completed,Card,Standard,2024-02-28,2024-02-28,13.5,NONE,
O002228,2024-09-02,2024-09-12,C0278,R02,Completed,Digital Wallet,Standard,2024-09-08,2024-09-12,10,NONE,
O002229,2025-02-04,2025-02-10,C0503,R01,Completed,Card,Standard,2025-02-10,2025-02-10,8.5,NONE,
O002230,2024-05-07,2024-05-09,C0348,R05,Completed,Card,Express,2024-05-10,2024-05-09,19,NONE,
O002231,2025-07-10,2025-07-15,C0265,R06,Completed,Card,Standard,2025-07-16,2025-07-15,8.5,NONE,
O002232,2024-06-26,2024-07-01,C0014,R05,Completed,Card,Standard,2024-07-02,2024-07-01,12,NONE,
O002233,2024-12-29,2025-01-03,C0672,R01,Completed,Digital Wallet,Standard,2025-01-04,2025-01-03,10,HOLIDAY,
O002234,2025-10-29,2025-11-07,C0581,R06,Completed,Digital Wallet,Standard,2025-11-04,2025-11-07,10,BACK2WORK,
O002235,2025-05-20,2025-05-28,C0320,R03,Completed,Card,Standard,2025-05-26,2025-05-28,8.5,NONE,
O002236,2025-11-21,2025-11-27,C0278,R02,Completed,Bank Transfer,Standard,2025-11-27,2025-11-27,13,HOLIDAY,
O002237,2025-03-30,2025-04-04,C0712,R01,Completed,Digital Wallet,Standard,2025-04-05,2025-04-04,8.5,NONE,
O002238,2025-06-12,2025-06-18,C0719,R04,Completed,Digital Wallet,Standard,2025-06-18,2025-06-18,10,NONE,
O002239,2025-11-07,2025-11-12,C0498,R04,Completed,Digital Wallet,Standard,2025-11-13,2025-11-12,12,HOLIDAY,
O002240,2024-05-10,2024-05-13,C0333,R05,Completed,Card,Express,2024-05-13,2024-05-13,19,NONE,
O002241,2025-09-30,2025-10-06,C0556,R07,Completed,Card,Standard,2025-10-06,2025-10-06,8.5,NONE,
O002242,2024-03-07,2024-03-12,C0036,R08,Completed,Bank Transfer,Standard,2024-03-13,2024-03-12,15,NONE,
O002243,2025-05-10,2025-05-15,C0248,R07,Completed,Card,Standard,2025-05-16,2025-05-15,10,NONE,
O002244,2024-09-15,2024-09-20,C0542,R01,Completed,Digital Wallet,Standard,2024-09-21,2024-09-20,13,NONE,
O002245,2024-08-20,2024-08-27,C0460,R03,Returned,Bank Transfer,Standard,2024-08-26,2024-08-27,13.5,NONE,
O002246,2025-02-08,2025-02-18,C0532,R07,Completed,Card,Standard,2025-02-14,2025-02-18,8.5,SPRING,
O002247,2025-04-06,2025-04-11,C0205,R08,Completed,Card,Standard,2025-04-12,2025-04-11,10,NONE,
O002248,2024-06-15,2024-06-18,C0661,R07,Returned,Card,Express,2024-06-18,2024-06-18,15.5,NONE,
O002249,2024-01-27,,C0625,R02,Cancelled,Digital Wallet,Standard,,,8.5,SPRING,Inventory unavailable
O002250,2025-10-11,2025-10-16,C0650,R05,Completed,Bank Transfer,Standard,2025-10-17,2025-10-16,8.5,NONE,
O002251,2025-10-01,2025-10-07,C0024,R07,Completed,Card,Standard,2025-10-07,2025-10-07,8.5,NONE,
O002252,2024-04-08,2024-04-16,C0607,R06,Completed,Card,Standard,2024-04-14,2024-04-16,10,NONE,
O002253,2025-04-24,2025-04-29,C0055,R02,Completed,Buy Now Pay Later,Standard,2025-04-30,2025-04-29,10,NONE,
O002254,2024-09-05,2024-09-11,C0047,R03,Completed,Bank Transfer,Standard,2024-09-11,2024-09-11,12,SPRING,
O002255,2025-01-01,2025-01-07,C0052,R04,Completed,Buy Now Pay Later,Standard,2025-01-07,2025-01-07,11.5,BACK2WORK,
O002256,2024-01-13,2024-01-18,C0405,R06,Completed,Bank Transfer,Standard,2024-01-19,2024-01-18,12,NONE,
O002257,2025-06-06,2025-06-12,C0509,R03,Completed,Digital Wallet,Standard,2025-06-12,2025-06-12,17,NONE,
O002258,2025-02-19,2025-02-24,C0636,R01,Returned,Card,Standard,2025-02-25,2025-02-24,12,NONE,
O002259,2025-11-13,2025-11-18,C0261,R08,Completed,Digital Wallet,Standard,2025-11-19,2025-11-18,10,HOLIDAY,
O002260,2024-07-10,2024-07-15,C0494,R03,Completed,Card,Standard,2024-07-16,2024-07-15,8.5,NONE,
O002261,2025-09-03,2025-09-09,C0597,R01,Completed,Digital Wallet,Standard,2025-09-09,2025-09-09,15,SPRING,
O002262,2025-11-12,2025-11-18,C0558,R05,Returned,Digital Wallet,Standard,2025-11-18,2025-11-18,10,HOLIDAY,
O002263,2025-04-05,2025-04-10,C0405,R06,Completed,Bank Transfer,Standard,2025-04-11,2025-04-10,8.5,NONE,
O002264,2024-06-12,2024-06-17,C0049,R04,Completed,Card,Standard,2024-06-18,2024-06-17,13.5,NONE,
O002265,2024-12-24,2024-12-30,C0451,R05,Completed,Digital Wallet,Standard,2024-12-30,2024-12-30,10,HOLIDAY,
O002266,2025-11-26,2025-12-01,C0037,R03,Completed,Bank Transfer,Standard,2025-12-02,2025-12-01,13,HOLIDAY,
O002267,2024-09-18,2024-09-24,C0610,R02,Completed,Digital Wallet,Standard,2024-09-24,2024-09-24,8.5,NONE,
O002268,2024-02-27,2024-03-04,C0125,R07,Completed,Bank Transfer,Standard,2024-03-04,2024-03-04,8.5,NONE,
O002269,2024-11-23,2024-12-01,C0668,R07,Completed,Card,Standard,2024-11-29,2024-12-01,10,HOLIDAY,
O002270,2024-01-02,2024-01-08,C0460,R03,Completed,Digital Wallet,Standard,2024-01-08,2024-01-08,11.5,NONE,
O002271,2025-03-12,,C0548,R03,Cancelled,Digital Wallet,Standard,,,8.5,NONE,Customer changed mind
O002272,2024-10-05,2024-10-10,C0033,R02,Completed,Bank Transfer,Standard,2024-10-11,2024-10-10,8.5,NONE,
O002273,2025-09-15,2025-09-21,C0480,R03,Completed,Buy Now Pay Later,Standard,2025-09-21,2025-09-21,13.5,NONE,
O002274,2024-04-13,2024-04-18,C0427,R06,Completed,Card,Standard,2024-04-19,2024-04-18,16.5,NONE,
O002275,2025-03-16,2025-03-21,C0602,R06,Completed,Card,Standard,2025-03-22,2025-03-21,10,NONE,
O002276,2025-11-26,2025-12-01,C0461,R07,Completed,Buy Now Pay Later,Standard,2025-12-02,2025-12-01,8.5,HOLIDAY,
O002277,2024-05-21,2024-05-27,C0393,R05,Completed,Card,Standard,2024-05-27,2024-05-27,12,NONE,
O002278,2024-06-05,2024-06-13,C0118,R03,Completed,Card,Standard,2024-06-11,2024-06-13,15,NONE,
O002279,2024-12-18,,C0603,R08,Cancelled,Digital Wallet,Standard,,,10,HOLIDAY,Address issue
O002280,2024-08-19,2024-08-24,C0473,R05,Completed,Card,Standard,2024-08-25,2024-08-24,10,NONE,
O002281,2025-11-06,2025-11-08,C0184,R03,Completed,Card,Express,2025-11-09,2025-11-08,17,HOLIDAY,
O002282,2024-01-07,2024-01-12,C0174,R08,Completed,Card,Standard,2024-01-13,2024-01-12,10,SPRING,
O002283,2025-04-30,2025-05-06,C0685,R02,Completed,Card,Standard,2025-05-06,2025-05-06,15,NONE,
O002284,2025-09-01,2025-09-06,C0342,R02,Returned,Bank Transfer,Standard,2025-09-07,2025-09-06,12,NONE,
O002285,2024-09-06,2024-09-11,C0044,R06,Completed,Digital Wallet,Standard,2024-09-12,2024-09-11,17,NONE,
O002286,2025-11-19,2025-11-29,C0683,R06,Completed,Digital Wallet,Standard,2025-11-25,2025-11-29,13.5,HOLIDAY,
O002287,2024-09-17,2024-09-24,C0374,R01,Completed,Bank Transfer,Standard,2024-09-23,2024-09-24,12,NONE,
O002288,2025-05-09,2025-05-14,C0554,R04,Completed,Card,Standard,2025-05-15,2025-05-14,13.5,NONE,
O002289,2025-04-07,,C0707,R06,Cancelled,Digital Wallet,Standard,,,12,NONE,Customer changed mind
O002290,2025-09-23,2025-09-28,C0226,R02,Completed,Bank Transfer,Standard,2025-09-29,2025-09-28,11.5,NONE,
O002291,2025-01-14,2025-01-20,C0627,R06,Completed,Bank Transfer,Standard,2025-01-20,2025-01-20,8.5,NONE,
O002292,2024-08-02,2024-08-07,C0404,R06,Completed,Buy Now Pay Later,Standard,2024-08-08,2024-08-07,10,NONE,
O002293,2024-10-25,2024-11-04,C0121,R03,Completed,Bank Transfer,Standard,2024-10-31,2024-11-04,8.5,NONE,
O002294,2025-05-25,2025-05-27,C0295,R03,Completed,Card,Express,2025-05-28,2025-05-27,15.5,SUMMER,
O002295,2024-09-12,2024-09-17,C0425,R07,Completed,Card,Standard,2024-09-18,2024-09-17,8.5,NONE,
O002296,2025-01-27,2025-02-01,C0680,R07,Completed,Card,Standard,2025-02-02,2025-02-01,8.5,NONE,
O002297,2024-06-15,2024-06-21,C0180,R04,Completed,Card,Standard,2024-06-21,2024-06-21,8.5,NONE,
O002298,2025-12-12,2025-12-15,C0058,R01,Completed,Card,Express,2025-12-15,2025-12-15,17,HOLIDAY,
O002299,2024-01-09,2024-01-15,C0125,R07,Completed,Card,Standard,2024-01-15,2024-01-15,8.5,NONE,
O002300,2025-02-20,2025-02-25,C0580,R04,Completed,Card,Standard,2025-02-26,2025-02-25,8.5,NONE,
O002301,2025-04-04,2025-04-10,C0381,R02,Completed,Bank Transfer,Standard,2025-04-10,2025-04-10,8.5,NONE,
O002302,2024-04-22,2024-04-27,C0432,R01,Returned,Card,Standard,2024-04-28,2024-04-27,13.5,NONE,
O002303,2025-10-21,2025-10-26,C0539,R01,Completed,Buy Now Pay Later,Standard,2025-10-27,2025-10-26,12,NONE,
O002304,2025-02-13,2025-02-19,C0715,R01,Completed,Card,Standard,2025-02-19,2025-02-19,8.5,NONE,
O002305,2024-09-05,2024-09-15,C0161,R08,Completed,Bank Transfer,Standard,2024-09-11,2024-09-15,15,SPRING,
O002306,2025-08-17,2025-08-23,C0664,R03,Completed,Bank Transfer,Standard,2025-08-23,2025-08-23,13.5,BACK2WORK,
O002307,2025-12-01,2025-12-07,C0660,R06,Completed,Card,Standard,2025-12-07,2025-12-07,11.5,HOLIDAY,
O002308,2025-03-28,2025-04-03,C0012,R06,Completed,Card,Standard,2025-04-03,2025-04-03,10,NONE,
O002309,2024-02-21,2024-03-02,C0519,R03,Completed,Buy Now Pay Later,Standard,2024-02-27,2024-03-02,13.5,NONE,
O002310,2025-06-18,2025-06-21,C0564,R03,Completed,Card,Express,2025-06-21,2025-06-21,18.5,NONE,
O002311,2024-06-04,2024-06-10,C0161,R08,Completed,Card,Standard,2024-06-10,2024-06-10,15,SPRING,
O002312,2025-04-06,2025-04-12,C0420,R04,Completed,Card,Standard,2025-04-12,2025-04-12,10,SPRING,
O002313,2024-08-27,2024-09-06,C0551,R01,Completed,Card,Standard,2024-09-02,2024-09-06,8.5,NONE,
O002314,2025-11-14,2025-11-20,C0530,R01,Completed,Card,Standard,2025-11-20,2025-11-20,8.5,HOLIDAY,
O002315,2024-04-06,2024-04-11,C0611,R01,Completed,Digital Wallet,Standard,2024-04-12,2024-04-11,11.5,BACK2WORK,
O002316,2025-04-19,2025-04-29,C0539,R01,Completed,Digital Wallet,Standard,2025-04-25,2025-04-29,12,NONE,
O002317,2024-07-22,2024-07-24,C0657,R01,Returned,Digital Wallet,Express,2024-07-25,2024-07-24,20,SPRING,
O002318,2024-08-05,2024-08-15,C0580,R04,Completed,Digital Wallet,Standard,2024-08-11,2024-08-15,11.5,NONE,
O002319,2025-12-21,2025-12-26,C0666,R04,Completed,Card,Standard,2025-12-27,2025-12-26,8.5,HOLIDAY,
O002320,2025-03-19,2025-03-25,C0037,R03,Completed,Card,Standard,2025-03-25,2025-03-25,8.5,NONE,
O002321,2024-11-19,2024-11-25,C0081,R05,Completed,Digital Wallet,Standard,2024-11-25,2024-11-25,8.5,HOLIDAY,
O002322,2024-03-22,2024-03-25,C0278,R02,Completed,Card,Express,2024-03-25,2024-03-25,18.5,SPRING,
O002323,2024-10-17,2024-10-25,C0443,R05,Completed,Card,Standard,2024-10-23,2024-10-25,10,SUMMER,
O002324,2024-07-11,2024-07-17,C0332,R06,Completed,Card,Standard,2024-07-17,2024-07-17,13.5,NONE,
O002325,2024-12-05,2024-12-11,C0490,R06,Completed,Card,Standard,2024-12-11,2024-12-11,13.5,HOLIDAY,
O002326,2024-08-15,2024-08-20,C0200,R02,Completed,Card,Standard,2024-08-21,2024-08-20,8.5,NONE,
O002327,2024-07-19,2024-07-25,C0390,R04,Completed,Buy Now Pay Later,Standard,2024-07-25,2024-07-25,8.5,NONE,
O002328,2025-01-12,2025-01-17,C0090,R03,Completed,Buy Now Pay Later,Standard,2025-01-18,2025-01-17,8.5,NONE,
O002329,2024-11-23,2024-11-29,C0251,R07,Completed,Digital Wallet,Standard,2024-11-29,2024-11-29,8.5,HOLIDAY,
O002330,2025-05-17,2025-05-23,C0340,R04,Completed,Bank Transfer,Standard,2025-05-23,2025-05-23,11.5,NONE,
O002331,2025-06-28,2025-07-05,C0373,R05,Completed,Bank Transfer,Express,2025-07-01,2025-07-05,17,NONE,
O002332,2025-08-13,2025-08-15,C0054,R02,Completed,Card,Express,2025-08-16,2025-08-15,20.5,SPRING,
O002333,2024-02-21,2024-02-27,C0432,R01,Completed,Card,Standard,2024-02-27,2024-02-27,8.5,SPRING,
O002334,2024-12-30,2025-01-01,C0333,R05,Completed,Bank Transfer,Express,2025-01-02,2025-01-01,15.5,HOLIDAY,
O002335,2025-07-16,2025-07-21,C0087,R02,Completed,Digital Wallet,Standard,2025-07-22,2025-07-21,10,NONE,
O002336,2024-05-07,2024-05-10,C0546,R06,Completed,Bank Transfer,Express,2024-05-10,2024-05-10,15.5,NONE,
O002337,2025-03-04,2025-03-10,C0182,R07,Completed,Card,Standard,2025-03-10,2025-03-10,16.5,NONE,
O002338,2024-06-22,2024-06-29,C0031,R07,Completed,Digital Wallet,Express,2024-06-25,2024-06-29,20.5,NONE,
O002339,2024-02-29,2024-03-06,C0177,R04,Completed,Buy Now Pay Later,Standard,2024-03-06,2024-03-06,10,NONE,
O002340,2024-08-24,2024-08-30,C0571,R06,Completed,Digital Wallet,Standard,2024-08-30,2024-08-30,11.5,NONE,
O002341,2024-06-10,2024-06-16,C0052,R04,Completed,Card,Standard,2024-06-16,2024-06-16,13.5,NONE,
O002342,2025-12-18,2025-12-27,C0070,R03,Completed,Card,Standard,2025-12-24,2025-12-27,8.5,HOLIDAY,
O002343,2025-03-14,,C0512,R05,Cancelled,Card,Express,,,19,NONE,Customer changed mind
O002344,2025-05-23,,C0351,R01,Cancelled,Card,Standard,,,10,NONE,Customer changed mind
O002345,2024-05-20,2024-05-26,C0419,R05,Completed,Card,Standard,2024-05-26,2024-05-26,8.5,BACK2WORK,
O002346,2025-11-25,2025-11-27,C0417,R07,Completed,Card,Express,2025-11-28,2025-11-27,20.5,HOLIDAY,
O002347,2025-09-24,2025-10-01,C0410,R01,Completed,Bank Transfer,Standard,2025-09-30,2025-10-01,12,NONE,
O002348,2024-05-08,2024-05-14,C0539,R01,Completed,Digital Wallet,Standard,2024-05-14,2024-05-14,8.5,NONE,
O002349,2024-01-25,2024-01-30,C0466,R03,Completed,Card,Standard,2024-01-31,2024-01-30,8.5,NONE,
O002350,2025-09-20,2025-09-22,C0400,R05,Completed,Digital Wallet,Express,2025-09-23,2025-09-22,15.5,NONE,
O002351,2024-04-19,2024-04-25,C0318,R02,Completed,Digital Wallet,Standard,2024-04-25,2024-04-25,12,NONE,
O002352,2024-07-07,,C0342,R02,Cancelled,Digital Wallet,Standard,,,13.5,NONE,Payment failure
O002353,2025-03-13,2025-03-15,C0174,R08,Completed,Card,Express,2025-03-16,2025-03-15,20,NONE,
O002354,2025-08-31,2025-09-05,C0074,R05,Completed,Digital Wallet,Standard,2025-09-06,2025-09-05,12,NONE,
O002355,2024-11-06,2024-11-11,C0585,R01,Completed,Card,Standard,2024-11-12,2024-11-11,12,HOLIDAY,
O002356,2025-07-15,2025-07-21,C0236,R04,Completed,Card,Standard,2025-07-21,2025-07-21,8.5,NONE,
O002357,2024-12-09,2024-12-12,C0520,R05,Completed,Card,Express,2024-12-12,2024-12-12,17,HOLIDAY,
O002358,2024-05-18,2024-05-28,C0400,R05,Completed,Digital Wallet,Standard,2024-05-24,2024-05-28,12,NONE,
O002359,2025-02-07,2025-02-12,C0037,R03,Completed,Card,Standard,2025-02-13,2025-02-12,10,NONE,
O002360,2025-05-21,2025-05-23,C0462,R04,Completed,Digital Wallet,Express,2025-05-24,2025-05-23,25.5,NONE,
O002361,2025-01-28,2025-02-03,C0283,R03,Completed,Digital Wallet,Standard,2025-02-03,2025-02-03,8.5,NONE,
O002362,2025-07-05,2025-07-08,C0387,R06,Returned,Bank Transfer,Express,2025-07-08,2025-07-08,22,NONE,
O002363,2025-01-20,2025-01-26,C0081,R05,Completed,Digital Wallet,Standard,2025-01-26,2025-01-26,10,NONE,
O002364,2025-07-18,2025-07-24,C0606,R04,Completed,Digital Wallet,Standard,2025-07-24,2025-07-24,10,NONE,
O002365,2024-12-14,2024-12-17,C0687,R05,Completed,Digital Wallet,Express,2024-12-17,2024-12-17,15.5,HOLIDAY,
O002366,2025-09-23,2025-09-30,C0161,R08,Completed,Card,Standard,2025-09-29,2025-09-30,13,BACK2WORK,
O002367,2024-03-06,2024-03-09,C0323,R08,Completed,Digital Wallet,Express,2024-03-09,2024-03-09,15.5,SUMMER,
O002368,2024-09-19,2024-09-24,C0615,R06,Completed,Digital Wallet,Standard,2024-09-25,2024-09-24,13.5,SUMMER,
O002369,2024-05-12,2024-05-18,C0428,R05,Completed,Card,Express,2024-05-15,2024-05-18,22,NONE,
O002370,2025-02-24,2025-03-01,C0509,R03,Completed,Bank Transfer,Standard,2025-03-02,2025-03-01,8.5,NONE,
O002371,2024-01-23,2024-01-25,C0482,R01,Completed,Buy Now Pay Later,Express,2024-01-26,2024-01-25,25.5,NONE,
O002372,2024-06-04,2024-06-09,C0345,R04,Completed,Card,Standard,2024-06-10,2024-06-09,8.5,NONE,
O002373,2024-10-30,2024-11-02,C0302,R05,Completed,Buy Now Pay Later,Express,2024-11-02,2024-11-02,19,NONE,
O002374,2025-01-17,2025-01-19,C0251,R07,Returned,Buy Now Pay Later,Express,2025-01-20,2025-01-19,22,NONE,
O002375,2024-05-18,,C0418,R04,Cancelled,Buy Now Pay Later,Standard,,,11.5,NONE,Inventory unavailable
O002376,2025-04-02,2025-04-07,C0464,R06,Completed,Digital Wallet,Standard,2025-04-08,2025-04-07,12,NONE,
O002377,2024-07-21,2024-07-27,C0570,R02,Completed,Card,Standard,2024-07-27,2024-07-27,8.5,SUMMER,
O002378,2025-07-11,2025-07-13,C0428,R05,Completed,Card,Express,2025-07-14,2025-07-13,19,NONE,
O002379,2024-08-12,2024-08-17,C0212,R01,Completed,Digital Wallet,Standard,2024-08-18,2024-08-17,12,NONE,
O002380,2025-08-12,2025-08-19,C0637,R04,Completed,Buy Now Pay Later,Standard,2025-08-18,2025-08-19,13.5,NONE,
O002381,2025-07-19,2025-07-24,C0450,R04,Completed,Card,Standard,2025-07-25,2025-07-24,12,NONE,
O002382,2025-04-30,2025-05-05,C0087,R02,Completed,Digital Wallet,Standard,2025-05-06,2025-05-05,8.5,NONE,
O002383,2024-10-11,2024-10-16,C0669,R07,Returned,Digital Wallet,Standard,2024-10-17,2024-10-16,10,SPRING,
O002384,2025-02-08,2025-02-14,C0351,R01,Completed,Buy Now Pay Later,Standard,2025-02-14,2025-02-14,12,SUMMER,
O002385,2024-07-31,2024-08-05,C0135,R03,Completed,Card,Standard,2024-08-06,2024-08-05,12,SPRING,
O002386,2025-03-07,2025-03-09,C0205,R08,Completed,Card,Express,2025-03-10,2025-03-09,15.5,NONE,
O002387,2025-12-25,2025-12-31,C0118,R03,Completed,Card,Standard,2025-12-31,2025-12-31,8.5,HOLIDAY,
O002388,2024-02-16,2024-02-21,C0323,R08,Returned,Buy Now Pay Later,Standard,2024-02-22,2024-02-21,8.5,NONE,
O002389,2025-12-12,2025-12-17,C0201,R02,Completed,Bank Transfer,Standard,2025-12-18,2025-12-17,11.5,HOLIDAY,
O002390,2025-11-16,2025-11-22,C0212,R01,Completed,Bank Transfer,Standard,2025-11-22,2025-11-22,10,HOLIDAY,
O002391,2025-04-26,2025-04-28,C0520,R05,Completed,Card,Express,2025-04-29,2025-04-28,17,NONE,
O002392,2024-09-14,2024-09-20,C0274,R03,Completed,Card,Standard,2024-09-20,2024-09-20,8.5,NONE,
O002393,2025-02-20,2025-02-27,C0079,R02,Completed,Card,Standard,2025-02-26,2025-02-27,8.5,NONE,
O002394,2025-11-29,2025-12-04,C0480,R03,Completed,Digital Wallet,Standard,2025-12-05,2025-12-04,10,HOLIDAY,
O002395,2025-12-01,2025-12-04,C0548,R03,Completed,Card,Express,2025-12-04,2025-12-04,15.5,HOLIDAY,
O002396,2025-05-25,2025-05-31,C0366,R07,Completed,Digital Wallet,Standard,2025-05-31,2025-05-31,10,NONE,
O002397,2024-03-04,2024-03-11,C0717,R05,Completed,Digital Wallet,Standard,2024-03-10,2024-03-11,8.5,NONE,
O002398,2025-03-14,2025-03-20,C0375,R04,Completed,Buy Now Pay Later,Standard,2025-03-20,2025-03-20,10,NONE,
O002399,2024-12-06,2024-12-12,C0052,R04,Completed,Card,Standard,2024-12-12,2024-12-12,10,HOLIDAY,
O002400,2025-09-17,2025-09-23,C0713,R07,Completed,Card,Standard,2025-09-23,2025-09-23,16.5,NONE,
O002401,2024-11-05,2024-11-15,C0571,R06,Returned,Card,Standard,2024-11-11,2024-11-15,15,HOLIDAY,
O002402,2024-07-01,2024-07-07,C0128,R04,Returned,Card,Standard,2024-07-07,2024-07-07,8.5,NONE,
O002403,2025-08-09,2025-08-14,C0148,R03,Completed,Digital Wallet,Standard,2025-08-15,2025-08-14,10,NONE,
O002404,2024-02-22,2024-02-28,C0636,R01,Completed,Buy Now Pay Later,Standard,2024-02-28,2024-02-28,11.5,NONE,
O002405,2025-02-11,2025-02-17,C0390,R04,Completed,Buy Now Pay Later,Standard,2025-02-17,2025-02-17,15,NONE,
O002406,2025-09-20,2025-09-26,C0189,R04,Completed,Card,Standard,2025-09-26,2025-09-26,10,NONE,
O002407,2025-05-02,2025-05-07,C0147,R08,Completed,Digital Wallet,Standard,2025-05-08,2025-05-07,10,NONE,
O002408,2024-03-27,2024-04-02,C0591,R02,Completed,Card,Standard,2024-04-02,2024-04-02,8.5,NONE,
O002409,2025-10-15,2025-10-20,C0498,R04,Completed,Buy Now Pay Later,Standard,2025-10-21,2025-10-20,8.5,NONE,
O002410,2024-11-07,2024-11-15,C0687,R05,Completed,Digital Wallet,Standard,2024-11-13,2024-11-15,8.5,HOLIDAY,
O002411,2024-02-14,2024-02-19,C0411,R01,Completed,Bank Transfer,Standard,2024-02-20,2024-02-19,13,NONE,
O002412,2025-04-13,2025-04-18,C0557,R05,Completed,Card,Standard,2025-04-19,2025-04-18,8.5,NONE,
O002413,2025-02-14,2025-02-22,C0405,R06,Returned,Card,Standard,2025-02-20,2025-02-22,16.5,NONE,
O002414,2025-06-22,2025-07-02,C0539,R01,Completed,Buy Now Pay Later,Standard,2025-06-28,2025-07-02,11.5,NONE,
O002415,2024-02-03,2024-02-09,C0534,R01,Completed,Digital Wallet,Standard,2024-02-09,2024-02-09,10,NONE,
O002416,2024-03-29,2024-04-04,C0117,R03,Completed,Card,Standard,2024-04-04,2024-04-04,11.5,NONE,
O002417,2025-05-13,2025-05-21,C0248,R07,Completed,Bank Transfer,Standard,2025-05-19,2025-05-21,8.5,NONE,
O002418,2025-10-15,2025-10-20,C0563,R02,Returned,Card,Standard,2025-10-21,2025-10-20,16.5,NONE,
O002419,2024-12-16,2024-12-22,C0647,R06,Completed,Card,Standard,2024-12-22,2024-12-22,10,HOLIDAY,
O002420,2025-10-23,2025-10-29,C0420,R04,Completed,Card,Standard,2025-10-29,2025-10-29,13.5,NONE,
O002421,2024-02-19,2024-02-25,C0557,R05,Completed,Bank Transfer,Standard,2024-02-25,2024-02-25,13.5,NONE,
O002422,2025-07-31,2025-08-05,C0526,R02,Completed,Card,Standard,2025-08-06,2025-08-05,10,NONE,
O002423,2025-11-28,2025-12-04,C0519,R03,Completed,Card,Standard,2025-12-04,2025-12-04,8.5,HOLIDAY,
O002424,2025-07-17,2025-07-22,C0672,R01,Completed,Digital Wallet,Standard,2025-07-23,2025-07-22,13.5,NONE,
O002425,2025-03-17,2025-03-22,C0274,R03,Completed,Digital Wallet,Standard,2025-03-23,2025-03-22,8.5,NONE,
O002426,2025-10-07,2025-10-13,C0494,R03,Completed,Buy Now Pay Later,Standard,2025-10-13,2025-10-13,8.5,NONE,
O002427,2025-02-07,2025-02-10,C0390,R04,Completed,Bank Transfer,Express,2025-02-10,2025-02-10,18.5,NONE,
O002428,2024-06-01,2024-06-06,C0333,R05,Completed,Bank Transfer,Standard,2024-06-07,2024-06-06,13.5,NONE,
O002429,2025-06-03,2025-06-09,C0425,R07,Completed,Buy Now Pay Later,Standard,2025-06-09,2025-06-09,8.5,NONE,
O002430,2024-01-05,2024-01-10,C0357,R02,Returned,Digital Wallet,Standard,2024-01-11,2024-01-10,10,NONE,
O002431,2024-05-12,2024-05-17,C0548,R03,Completed,Card,Standard,2024-05-18,2024-05-17,17,NONE,
O002432,2025-06-29,2025-07-01,C0509,R03,Completed,Card,Express,2025-07-02,2025-07-01,17,NONE,
O002433,2025-10-25,2025-10-31,C0644,R08,Completed,Digital Wallet,Standard,2025-10-31,2025-10-31,15,NONE,
O002434,2025-10-16,,C0056,R06,Cancelled,Card,Standard,,,11.5,NONE,Address issue
O002435,2025-12-23,2026-01-01,C0692,R04,Completed,Card,Standard,2025-12-29,2026-01-01,11.5,HOLIDAY,
O002436,2025-06-12,2025-06-18,C0551,R01,Completed,Digital Wallet,Standard,2025-06-18,2025-06-18,10,SPRING,
O002437,2025-05-24,2025-05-31,C0021,R05,Completed,Card,Standard,2025-05-30,2025-05-31,12,NONE,
O002438,2024-10-08,2024-10-13,C0404,R06,Completed,Card,Standard,2024-10-14,2024-10-13,11.5,NONE,
O002439,2025-09-04,2025-09-10,C0041,R04,Completed,Card,Standard,2025-09-10,2025-09-10,10,NONE,
O002440,2024-06-26,2024-07-03,C0088,R01,Completed,Buy Now Pay Later,Standard,2024-07-02,2024-07-03,8.5,NONE,
O002441,2024-09-01,2024-09-07,C0523,R07,Completed,Digital Wallet,Standard,2024-09-07,2024-09-07,10,NONE,
O002442,2024-03-08,2024-03-11,C0318,R02,Completed,Digital Wallet,Express,2024-03-11,2024-03-11,15.5,NONE,
O002443,2025-09-05,2025-09-10,C0050,R06,Completed,Card,Standard,2025-09-11,2025-09-10,13.5,NONE,
O002444,2025-09-29,2025-10-04,C0701,R03,Completed,Buy Now Pay Later,Standard,2025-10-05,2025-10-04,10,SUMMER,
O002445,2024-10-15,2024-10-21,C0049,R04,Completed,Buy Now Pay Later,Standard,2024-10-21,2024-10-21,12,NONE,
O002446,2024-09-09,2024-09-14,C0540,R04,Completed,Card,Standard,2024-09-15,2024-09-14,10,SPRING,
O002447,2024-09-14,2024-09-19,C0570,R02,Completed,Digital Wallet,Standard,2024-09-20,2024-09-19,10,NONE,
O002448,2024-09-12,2024-09-20,C0556,R07,Completed,Card,Standard,2024-09-18,2024-09-20,12,NONE,
O002449,2025-02-08,2025-02-11,C0687,R05,Completed,Card,Express,2025-02-11,2025-02-11,15.5,SPRING,
O002450,2024-06-13,2024-06-23,C0033,R02,Completed,Bank Transfer,Standard,2024-06-19,2024-06-23,10,NONE,
O002451,2024-11-30,2024-12-05,C0081,R05,Completed,Digital Wallet,Standard,2024-12-06,2024-12-05,12,HOLIDAY,
O002452,2025-03-25,2025-03-27,C0184,R03,Completed,Card,Express,2025-03-28,2025-03-27,19,NONE,
O002453,2025-08-05,2025-08-10,C0498,R04,Completed,Buy Now Pay Later,Standard,2025-08-11,2025-08-10,8.5,NONE,
O002454,2025-05-22,2025-05-31,C0316,R06,Returned,Bank Transfer,Standard,2025-05-28,2025-05-31,12,NONE,
O002455,2024-02-01,2024-02-06,C0188,R03,Completed,Digital Wallet,Standard,2024-02-07,2024-02-06,10,NONE,
O002456,2024-11-18,2024-11-23,C0351,R01,Completed,Card,Standard,2024-11-24,2024-11-23,8.5,HOLIDAY,
O002457,2025-09-06,2025-09-09,C0220,R06,Returned,Buy Now Pay Later,Express,2025-09-09,2025-09-09,22,NONE,
O002458,2025-01-30,2025-02-03,C0014,R05,Returned,Digital Wallet,Express,2025-02-02,2025-02-03,22,NONE,
O002459,2024-05-21,2024-05-26,C0639,R01,Completed,Card,Standard,2024-05-27,2024-05-26,8.5,NONE,
O002460,2025-11-17,2025-11-20,C0410,R01,Completed,Digital Wallet,Express,2025-11-20,2025-11-20,15.5,HOLIDAY,
O002461,2025-03-18,2025-03-24,C0273,R02,Completed,Bank Transfer,Standard,2025-03-24,2025-03-24,13.5,NONE,
O002462,2025-12-08,2025-12-14,C0696,R01,Completed,Buy Now Pay Later,Standard,2025-12-14,2025-12-14,10,HOLIDAY,
O002463,2024-03-03,2024-03-13,C0226,R02,Completed,Buy Now Pay Later,Standard,2024-03-09,2024-03-13,13.5,NONE,
O002464,2024-08-09,2024-08-14,C0278,R02,Returned,Digital Wallet,Standard,2024-08-15,2024-08-14,12,NONE,
O002465,2025-04-06,2025-04-13,C0033,R02,Completed,Digital Wallet,Standard,2025-04-12,2025-04-13,12,NONE,
O002466,2024-10-17,2024-10-24,C0441,R06,Completed,Card,Standard,2024-10-23,2024-10-24,8.5,NONE,
O002467,2024-05-10,2024-05-16,C0483,R06,Completed,Card,Standard,2024-05-16,2024-05-16,10,NONE,
O002468,2024-10-06,2024-10-11,C0157,R08,Completed,Bank Transfer,Standard,2024-10-12,2024-10-11,8.5,NONE,
O002469,2024-05-04,2024-05-10,C0441,R06,Completed,Bank Transfer,Standard,2024-05-10,2024-05-10,8.5,NONE,
O002470,2024-12-02,2024-12-10,C0522,R08,Completed,Card,Standard,2024-12-08,2024-12-10,13.5,HOLIDAY,
O002471,2025-08-11,2025-08-17,C0503,R01,Completed,Bank Transfer,Standard,2025-08-17,2025-08-17,15,NONE,
O002472,2025-07-11,2025-07-17,C0450,R04,Completed,Bank Transfer,Standard,2025-07-17,2025-07-17,15,NONE,
O002473,2024-07-03,2024-07-08,C0213,R03,Completed,Bank Transfer,Standard,2024-07-09,2024-07-08,16.5,SUMMER,
O002474,2024-06-20,2024-06-26,C0256,R05,Completed,Card,Standard,2024-06-26,2024-06-26,12,NONE,
O002475,2025-10-17,2025-10-22,C0611,R01,Returned,Digital Wallet,Express,2025-10-20,2025-10-22,19,NONE,
O002476,2024-11-22,2024-12-01,C0666,R04,Completed,Digital Wallet,Standard,2024-11-28,2024-12-01,13.5,HOLIDAY,
O002477,2024-07-18,2024-07-24,C0323,R08,Completed,Card,Standard,2024-07-24,2024-07-24,15,NONE,
O002478,2025-08-02,2025-08-10,C0687,R05,Returned,Card,Standard,2025-08-08,2025-08-10,8.5,NONE,
O002479,2025-08-26,2025-09-05,C0569,R06,Completed,Digital Wallet,Standard,2025-09-01,2025-09-05,10,NONE,
O002480,2025-05-12,2025-05-18,C0148,R03,Completed,Digital Wallet,Standard,2025-05-18,2025-05-18,8.5,NONE,
O002481,2024-10-14,2024-10-20,C0099,R03,Completed,Card,Standard,2024-10-20,2024-10-20,13.5,NONE,
O002482,2025-11-04,2025-11-10,C0088,R01,Completed,Digital Wallet,Standard,2025-11-10,2025-11-10,18.5,HOLIDAY,
O002483,2025-09-29,2025-10-04,C0719,R04,Completed,Digital Wallet,Standard,2025-10-05,2025-10-04,8.5,NONE,
O002484,2024-05-18,2024-05-24,C0526,R02,Completed,Card,Standard,2024-05-24,2024-05-24,8.5,NONE,
O002485,2024-10-02,,C0522,R08,Cancelled,Bank Transfer,Standard,,,8.5,BACK2WORK,Customer changed mind
O002486,2024-12-03,2024-12-08,C0528,R04,Returned,Buy Now Pay Later,Standard,2024-12-09,2024-12-08,13.5,HOLIDAY,
O002487,2024-02-10,2024-02-16,C0719,R04,Completed,Card,Standard,2024-02-16,2024-02-16,10,SUMMER,
O002488,2024-04-19,2024-04-24,C0580,R04,Completed,Card,Standard,2024-04-25,2024-04-24,15,SPRING,
O002489,2025-09-12,2025-09-17,C0213,R03,Completed,Card,Standard,2025-09-18,2025-09-17,8.5,SPRING,
O002490,2025-06-25,2025-06-30,C0687,R05,Returned,Card,Standard,2025-07-01,2025-06-30,10,NONE,
O002491,2024-02-24,2024-02-29,C0520,R05,Completed,Buy Now Pay Later,Standard,2024-03-01,2024-02-29,10,NONE,
O002492,2024-11-10,,C0062,R02,Cancelled,Card,Standard,,,11.5,HOLIDAY,Payment failure
O002493,2024-10-24,2024-10-26,C0035,R06,Completed,Bank Transfer,Express,2024-10-27,2024-10-26,17,NONE,
O002494,2025-03-03,2025-03-08,C0416,R05,Completed,Digital Wallet,Standard,2025-03-09,2025-03-08,8.5,NONE,
O002495,2025-01-01,2025-01-07,C0638,R03,Completed,Card,Standard,2025-01-07,2025-01-07,18.5,NONE,
O002496,2024-04-01,2024-04-06,C0538,R04,Completed,Card,Standard,2024-04-07,2024-04-06,16.5,NONE,
O002497,2025-03-30,2025-04-04,C0226,R02,Completed,Card,Standard,2025-04-05,2025-04-04,8.5,NONE,
O002498,2025-08-11,2025-08-16,C0388,R03,Completed,Card,Standard,2025-08-17,2025-08-16,8.5,NONE,
O002499,2024-01-07,2024-01-16,C0323,R08,Completed,Card,Standard,2024-01-13,2024-01-16,11.5,NONE,
O002500,2024-10-24,2024-11-02,C0153,R04,Completed,Card,Standard,2024-10-30,2024-11-02,16.5,NONE,
O002501,2025-08-31,2025-09-05,C0155,R06,Returned,Digital Wallet,Standard,2025-09-06,2025-09-05,8.5,NONE,
O002502,2025-07-10,2025-07-16,C0262,R08,Completed,Card,Standard,2025-07-16,2025-07-16,12,NONE,
O002503,2025-10-31,2025-11-05,C0178,R01,Completed,Digital Wallet,Standard,2025-11-06,2025-11-05,13,NONE,
O002504,2025-07-18,2025-07-25,C0612,R05,Completed,Card,Standard,2025-07-24,2025-07-25,13.5,NONE,
O002505,2025-03-14,2025-03-16,C0165,R05,Completed,Card,Express,2025-03-17,2025-03-16,19,NONE,
O002506,2025-02-02,2025-02-05,C0056,R06,Completed,Card,Express,2025-02-05,2025-02-05,19,NONE,
O002507,2025-08-23,2025-08-26,C0580,R04,Completed,Buy Now Pay Later,Express,2025-08-26,2025-08-26,17,NONE,
O002508,2025-06-07,2025-06-17,C0159,R04,Completed,Digital Wallet,Standard,2025-06-13,2025-06-17,8.5,SUMMER,
O002509,2024-06-20,2024-06-26,C0517,R06,Returned,Buy Now Pay Later,Standard,2024-06-26,2024-06-26,8.5,SPRING,
O002510,2025-05-03,2025-05-06,C0400,R05,Completed,Card,Express,2025-05-06,2025-05-06,18.5,NONE,
O002511,2024-05-18,2024-05-25,C0556,R07,Completed,Card,Express,2024-05-21,2024-05-25,15.5,NONE,
O002512,2024-10-03,2024-10-09,C0216,R08,Completed,Digital Wallet,Standard,2024-10-09,2024-10-09,15,BACK2WORK,
O002513,2024-06-20,2024-06-25,C0705,R01,Completed,Bank Transfer,Standard,2024-06-26,2024-06-25,16.5,NONE,
O002514,2025-08-14,2025-08-18,C0302,R05,Completed,Card,Express,2025-08-17,2025-08-18,19,NONE,
O002515,2025-02-02,2025-02-11,C0079,R02,Completed,Card,Standard,2025-02-08,2025-02-11,17,SPRING,
O002516,2024-09-26,2024-09-28,C0624,R05,Completed,Buy Now Pay Later,Express,2024-09-29,2024-09-28,17,SUMMER,
O002517,2024-09-13,2024-09-19,C0637,R04,Completed,Buy Now Pay Later,Standard,2024-09-19,2024-09-19,8.5,NONE,
O002518,2025-02-22,2025-02-27,C0403,R08,Completed,Card,Standard,2025-02-28,2025-02-27,16.5,NONE,
O002519,2024-08-07,2024-08-13,C0402,R05,Completed,Buy Now Pay Later,Standard,2024-08-13,2024-08-13,8.5,SPRING,
O002520,2024-09-16,2024-09-21,C0234,R08,Completed,Card,Standard,2024-09-22,2024-09-21,10,NONE,
O002521,2025-01-28,2025-02-03,C0519,R03,Completed,Digital Wallet,Standard,2025-02-03,2025-02-03,13.5,NONE,
O002522,2025-07-09,2025-07-15,C0473,R05,Completed,Card,Standard,2025-07-15,2025-07-15,10,NONE,
O002523,2024-04-17,2024-04-24,C0527,R02,Completed,Bank Transfer,Standard,2024-04-23,2024-04-24,8.5,NONE,
O002524,2025-04-02,2025-04-07,C0621,R08,Completed,Card,Standard,2025-04-08,2025-04-07,8.5,NONE,
O002525,2024-06-08,2024-06-13,C0470,R07,Completed,Buy Now Pay Later,Standard,2024-06-14,2024-06-13,12,SUMMER,
O002526,2025-01-02,2025-01-04,C0689,R03,Completed,Bank Transfer,Express,2025-01-05,2025-01-04,15.5,BACK2WORK,
O002527,2025-02-03,2025-02-12,C0222,R06,Completed,Card,Standard,2025-02-09,2025-02-12,12,SUMMER,
O002528,2024-10-21,2024-10-24,C0571,R06,Completed,Digital Wallet,Express,2024-10-24,2024-10-24,17,NONE,
O002529,2024-04-17,2024-04-23,C0006,R08,Completed,Buy Now Pay Later,Standard,2024-04-23,2024-04-23,10,NONE,
O002530,2024-12-30,2025-01-04,C0373,R05,Completed,Card,Standard,2025-01-05,2025-01-04,10,HOLIDAY,
O002531,2025-04-16,2025-04-19,C0391,R01,Completed,Card,Express,2025-04-19,2025-04-19,15.5,NONE,
O002532,2024-05-21,2024-05-26,C0381,R02,Completed,Bank Transfer,Standard,2024-05-27,2024-05-26,12,NONE,
O002533,2024-08-20,2024-08-22,C0161,R08,Completed,Card,Express,2024-08-23,2024-08-22,17,SPRING,
O002534,2025-07-30,2025-08-04,C0527,R02,Completed,Buy Now Pay Later,Standard,2025-08-05,2025-08-04,12,NONE,
O002535,2024-05-07,2024-05-09,C0318,R02,Completed,Card,Express,2024-05-10,2024-05-09,17,BACK2WORK,
O002536,2025-10-05,2025-10-11,C0295,R03,Completed,Bank Transfer,Standard,2025-10-11,2025-10-11,8.5,BACK2WORK,
O002537,2025-11-26,,C0381,R02,Cancelled,Buy Now Pay Later,Express,,,17,HOLIDAY,Payment failure
O002538,2024-09-23,2024-09-28,C0527,R02,Completed,Card,Standard,2024-09-29,2024-09-28,8.5,NONE,
O002539,2024-08-27,2024-09-02,C0530,R01,Completed,Bank Transfer,Standard,2024-09-02,2024-09-02,10,NONE,
O002540,2025-04-30,2025-05-05,C0635,R04,Completed,Bank Transfer,Standard,2025-05-06,2025-05-05,13.5,BACK2WORK,
O002541,2025-07-12,2025-07-15,C0300,R03,Completed,Digital Wallet,Express,2025-07-15,2025-07-15,19,NONE,
O002542,2025-11-23,,C0261,R08,Cancelled,Buy Now Pay Later,Standard,,,13.5,HOLIDAY,Customer changed mind
O002543,2024-02-15,2024-02-23,C0696,R01,Completed,Digital Wallet,Standard,2024-02-21,2024-02-23,15,NONE,
O002544,2025-08-18,,C0357,R02,Cancelled,Card,Express,,,17,NONE,Payment failure
O002545,2024-08-24,2024-08-30,C0453,R07,Completed,Card,Express,2024-08-27,2024-08-30,20.5,NONE,
O002546,2025-12-04,2025-12-10,C0557,R05,Completed,Digital Wallet,Standard,2025-12-10,2025-12-10,10,HOLIDAY,
O002547,2025-08-23,2025-08-28,C0539,R01,Completed,Card,Standard,2025-08-29,2025-08-28,8.5,NONE,
O002548,2024-04-29,2024-05-05,C0342,R02,Completed,Bank Transfer,Standard,2024-05-05,2024-05-05,10,NONE,
O002549,2025-03-05,2025-03-11,C0278,R02,Completed,Buy Now Pay Later,Standard,2025-03-11,2025-03-11,18.5,NONE,
O002550,2025-08-16,2025-08-21,C0330,R03,Completed,Buy Now Pay Later,Standard,2025-08-22,2025-08-21,8.5,SUMMER,
O002551,2025-08-22,2025-08-27,C0339,R05,Completed,Digital Wallet,Standard,2025-08-28,2025-08-27,15,NONE,
O002552,2024-01-18,2024-01-23,C0611,R01,Completed,Card,Standard,2024-01-24,2024-01-23,12,BACK2WORK,
O002553,2025-07-24,2025-07-27,C0236,R04,Completed,Bank Transfer,Express,2025-07-27,2025-07-27,15.5,NONE,
O002554,2024-11-06,2024-11-12,C0523,R07,Completed,Card,Standard,2024-11-12,2024-11-12,16.5,HOLIDAY,
O002555,2024-09-09,2024-09-16,C0425,R07,Completed,Card,Standard,2024-09-15,2024-09-16,8.5,NONE,
O002556,2024-06-15,2024-06-20,C0611,R01,Completed,Card,Standard,2024-06-21,2024-06-20,8.5,NONE,
O002557,2024-07-22,2024-07-27,C0095,R04,Completed,Card,Standard,2024-07-28,2024-07-27,10,NONE,
O002558,2024-04-23,2024-04-25,C0657,R01,Returned,Card,Express,2024-04-26,2024-04-25,17,NONE,
O002559,2025-11-14,,C0269,R06,Cancelled,Card,Standard,,,10,HOLIDAY,Customer changed mind
O002560,2024-07-31,2024-08-05,C0536,R03,Completed,Card,Standard,2024-08-06,2024-08-05,8.5,NONE,
O002561,2024-07-18,2024-07-27,C0441,R06,Completed,Bank Transfer,Standard,2024-07-24,2024-07-27,10,NONE,
O002562,2024-11-10,2024-11-15,C0552,R08,Completed,Card,Standard,2024-11-16,2024-11-15,8.5,HOLIDAY,
O002563,2025-08-11,2025-08-17,C0097,R04,Completed,Card,Standard,2025-08-17,2025-08-17,13.5,NONE,
O002564,2024-04-29,2024-05-07,C0404,R06,Completed,Digital Wallet,Standard,2024-05-05,2024-05-07,12,NONE,
O002565,2025-01-16,2025-01-21,C0348,R05,Completed,Bank Transfer,Standard,2025-01-22,2025-01-21,10,NONE,
O002566,2024-03-06,2024-03-11,C0672,R01,Completed,Card,Standard,2024-03-12,2024-03-11,10,NONE,
O002567,2024-04-03,2024-04-09,C0081,R05,Completed,Digital Wallet,Standard,2024-04-09,2024-04-09,8.5,BACK2WORK,
O002568,2025-02-05,2025-02-10,C0455,R06,Completed,Digital Wallet,Standard,2025-02-11,2025-02-10,12,BACK2WORK,
O002569,2024-09-17,2024-09-27,C0152,R06,Completed,Buy Now Pay Later,Standard,2024-09-23,2024-09-27,10,NONE,
O002570,2024-01-15,2024-01-20,C0473,R05,Completed,Buy Now Pay Later,Standard,2024-01-21,2024-01-20,8.5,NONE,
O002571,2025-11-15,,C0385,R05,Cancelled,Card,Express,,,15.5,HOLIDAY,Address issue
O002572,2024-03-11,2024-03-16,C0661,R07,Completed,Card,Standard,2024-03-17,2024-03-16,10,NONE,
O002573,2024-05-31,2024-06-05,C0366,R07,Completed,Card,Standard,2024-06-06,2024-06-05,10,NONE,
O002574,2025-04-03,2025-04-09,C0400,R05,Returned,Digital Wallet,Standard,2025-04-09,2025-04-09,8.5,NONE,
O002575,2025-10-16,2025-10-18,C0580,R04,Completed,Buy Now Pay Later,Express,2025-10-19,2025-10-18,17,SUMMER,
O002576,2025-10-31,2025-11-10,C0431,R03,Completed,Card,Standard,2025-11-06,2025-11-10,13.5,SUMMER,
O002577,2025-09-29,2025-10-05,C0586,R05,Completed,Card,Standard,2025-10-05,2025-10-05,15,BACK2WORK,
O002578,2024-07-19,2024-07-21,C0498,R04,Completed,Card,Express,2024-07-22,2024-07-21,15.5,NONE,
O002579,2024-04-26,2024-05-02,C0157,R08,Completed,Card,Standard,2024-05-02,2024-05-02,13.5,NONE,
O002580,2025-11-20,2025-11-26,C0224,R08,Completed,Card,Standard,2025-11-26,2025-11-26,16.5,HOLIDAY,
O002581,2024-09-11,2024-09-16,C0155,R06,Completed,Card,Standard,2024-09-17,2024-09-16,12,NONE,
O002582,2024-08-30,2024-09-05,C0348,R05,Completed,Bank Transfer,Standard,2024-09-05,2024-09-05,13.5,SUMMER,
O002583,2024-08-22,,C0323,R08,Cancelled,Card,Standard,,,8.5,NONE,Customer changed mind
O002584,2025-03-07,2025-03-09,C0062,R02,Completed,Card,Express,2025-03-10,2025-03-09,19,BACK2WORK,
O002585,2024-02-17,2024-02-23,C0021,R05,Completed,Digital Wallet,Standard,2024-02-23,2024-02-23,8.5,NONE,
O002586,2025-02-20,2025-02-26,C0088,R01,Completed,Card,Standard,2025-02-26,2025-02-26,13,NONE,
O002587,2025-10-10,2025-10-16,C0523,R07,Completed,Card,Standard,2025-10-16,2025-10-16,8.5,NONE,
O002588,2025-07-22,2025-07-27,C0577,R06,Completed,Buy Now Pay Later,Standard,2025-07-28,2025-07-27,8.5,NONE,
O002589,2024-05-27,2024-06-01,C0587,R05,Returned,Bank Transfer,Standard,2024-06-02,2024-06-01,8.5,NONE,
O002590,2025-10-14,2025-10-24,C0006,R08,Completed,Card,Standard,2025-10-20,2025-10-24,10,NONE,
O002591,2025-11-06,2025-11-12,C0091,R04,Returned,Card,Standard,2025-11-12,2025-11-12,10,HOLIDAY,
O002592,2025-04-08,2025-04-18,C0332,R06,Completed,Buy Now Pay Later,Standard,2025-04-14,2025-04-18,11.5,NONE,
O002593,2024-05-17,2024-05-22,C0141,R05,Completed,Digital Wallet,Standard,2024-05-23,2024-05-22,8.5,NONE,
O002594,2024-05-18,2024-05-23,C0580,R04,Completed,Card,Standard,2024-05-24,2024-05-23,10,NONE,
O002595,2024-01-23,2024-01-29,C0525,R02,Completed,Card,Standard,2024-01-29,2024-01-29,10,NONE,
O002596,2025-04-30,2025-05-07,C0299,R06,Completed,Card,Standard,2025-05-06,2025-05-07,8.5,NONE,
O002597,2024-07-28,2024-08-03,C0508,R04,Completed,Card,Standard,2024-08-03,2024-08-03,10,NONE,
O002598,2025-12-08,2025-12-14,C0645,R03,Completed,Card,Standard,2025-12-14,2025-12-14,15,HOLIDAY,
O002599,2025-05-16,2025-05-22,C0525,R02,Completed,Bank Transfer,Standard,2025-05-22,2025-05-22,13.5,NONE,
O002600,2024-02-24,2024-03-01,C0180,R04,Completed,Card,Standard,2024-03-01,2024-03-01,15,NONE,
O002601,2025-07-03,2025-07-09,C0701,R03,Completed,Buy Now Pay Later,Standard,2025-07-09,2025-07-09,8.5,NONE,
O002602,2025-10-02,2025-10-04,C0410,R01,Completed,Card,Express,2025-10-05,2025-10-04,18.5,BACK2WORK,
O002603,2025-11-15,2025-11-20,C0270,R03,Completed,Buy Now Pay Later,Standard,2025-11-21,2025-11-20,8.5,HOLIDAY,
O002604,2024-05-24,2024-05-29,C0526,R02,Completed,Card,Standard,2024-05-30,2024-05-29,10,SUMMER,
O002605,2024-08-04,2024-08-09,C0226,R02,Completed,Card,Standard,2024-08-10,2024-08-09,8.5,NONE,
O002606,2024-05-20,2024-05-22,C0070,R03,Completed,Bank Transfer,Express,2024-05-23,2024-05-22,15.5,NONE,
O002607,2024-07-27,2024-08-01,C0712,R01,Completed,Card,Standard,2024-08-02,2024-08-01,11.5,NONE,
O002608,2024-04-11,2024-04-17,C0305,R08,Completed,Card,Standard,2024-04-17,2024-04-17,8.5,NONE,
O002609,2024-09-24,2024-09-29,C0657,R01,Completed,Card,Standard,2024-09-30,2024-09-29,12,NONE,
O002610,2024-05-22,2024-05-27,C0351,R01,Completed,Bank Transfer,Standard,2024-05-28,2024-05-27,8.5,NONE,
O002611,2025-04-01,2025-04-07,C0441,R06,Completed,Buy Now Pay Later,Standard,2025-04-07,2025-04-07,8.5,NONE,
O002612,2025-08-25,2025-08-30,C0563,R02,Completed,Digital Wallet,Standard,2025-08-31,2025-08-30,8.5,SPRING,
O002613,2025-10-04,2025-10-12,C0400,R05,Completed,Buy Now Pay Later,Standard,2025-10-10,2025-10-12,10,NONE,
O002614,2025-05-31,2025-06-02,C0136,R08,Returned,Card,Express,2025-06-03,2025-06-02,17,NONE,
O002615,2024-05-27,2024-06-01,C0010,R03,Completed,Digital Wallet,Standard,2024-06-02,2024-06-01,10,NONE,
O002616,2024-11-23,2024-11-28,C0088,R01,Completed,Card,Standard,2024-11-29,2024-11-28,13.5,HOLIDAY,
O002617,2025-01-19,2025-01-25,C0033,R02,Completed,Card,Standard,2025-01-25,2025-01-25,8.5,NONE,
O002618,2024-04-22,2024-04-27,C0174,R08,Completed,Card,Standard,2024-04-28,2024-04-27,8.5,NONE,
O002619,2024-10-29,2024-11-05,C0302,R05,Returned,Bank Transfer,Standard,2024-11-04,2024-11-05,10,NONE,
O002620,2024-10-25,2024-10-31,C0667,R05,Completed,Card,Standard,2024-10-31,2024-10-31,8.5,NONE,
O002621,2025-09-07,2025-09-10,C0581,R06,Completed,Bank Transfer,Express,2025-09-10,2025-09-10,20,NONE,
O002622,2025-02-25,2025-02-27,C0333,R05,Completed,Card,Express,2025-02-28,2025-02-27,15.5,NONE,
O002623,2024-06-28,2024-07-04,C0427,R06,Completed,Card,Standard,2024-07-04,2024-07-04,11.5,NONE,
O002624,2024-10-01,2024-10-04,C0672,R01,Completed,Card,Express,2024-10-04,2024-10-04,15.5,NONE,
O002625,2025-10-21,2025-10-28,C0340,R04,Completed,Digital Wallet,Standard,2025-10-27,2025-10-28,17,NONE,
O002626,2025-09-25,2025-10-01,C0221,R06,Completed,Card,Standard,2025-10-01,2025-10-01,10,NONE,
O002627,2025-09-29,2025-10-02,C0090,R03,Completed,Card,Express,2025-10-02,2025-10-02,15.5,SPRING,
O002628,2024-04-23,2024-04-28,C0425,R07,Completed,Bank Transfer,Standard,2024-04-29,2024-04-28,16.5,NONE,
O002629,2025-03-31,2025-04-05,C0056,R06,Completed,Card,Standard,2025-04-06,2025-04-05,11.5,NONE,
O002630,2025-10-30,2025-11-05,C0094,R01,Completed,Buy Now Pay Later,Standard,2025-11-05,2025-11-05,10,NONE,
O002631,2024-01-22,2024-01-28,C0312,R08,Completed,Digital Wallet,Standard,2024-01-28,2024-01-28,20,NONE,
O002632,2025-04-07,2025-04-09,C0537,R02,Completed,Card,Express,2025-04-10,2025-04-09,15.5,BACK2WORK,
O002633,2025-08-31,2025-09-06,C0143,R04,Completed,Bank Transfer,Standard,2025-09-06,2025-09-06,8.5,NONE,
O002634,2024-07-24,2024-07-29,C0168,R04,Completed,Card,Standard,2024-07-30,2024-07-29,10,NONE,
O002635,2024-08-10,2024-08-20,C0180,R04,Completed,Buy Now Pay Later,Standard,2024-08-16,2024-08-20,12,NONE,
O002636,2024-06-10,2024-06-12,C0294,R08,Completed,Card,Express,2024-06-13,2024-06-12,23.5,NONE,
O002637,2025-02-02,2025-02-05,C0198,R06,Completed,Card,Express,2025-02-05,2025-02-05,15.5,SPRING,
O002638,2024-04-21,2024-04-27,C0204,R05,Completed,Card,Standard,2024-04-27,2024-04-27,11.5,NONE,
O002639,2025-10-25,2025-10-31,C0653,R03,Completed,Card,Standard,2025-10-31,2025-10-31,8.5,NONE,
O002640,2025-05-02,,C0661,R07,Cancelled,Card,Standard,,,10,NONE,Customer changed mind
O002641,2025-07-23,2025-07-30,C0095,R04,Completed,Card,Standard,2025-07-29,2025-07-30,13.5,NONE,
O002642,2025-12-29,,C0512,R05,Cancelled,Card,Express,,,17,HOLIDAY,Payment failure
O002643,2025-10-20,2025-10-28,C0512,R05,Completed,Bank Transfer,Standard,2025-10-26,2025-10-28,8.5,NONE,
O002644,2024-05-01,2024-05-07,C0388,R03,Completed,Bank Transfer,Standard,2024-05-07,2024-05-07,10,NONE,
O002645,2024-09-17,2024-09-19,C0330,R03,Completed,Digital Wallet,Express,2024-09-20,2024-09-19,15.5,NONE,
O002646,2024-07-15,2024-07-25,C0366,R07,Completed,Digital Wallet,Standard,2024-07-21,2024-07-25,10,SPRING,
O002647,2024-07-25,2024-07-28,C0031,R07,Completed,Bank Transfer,Express,2024-07-28,2024-07-28,15.5,NONE,
O002648,2024-04-29,2024-05-04,C0498,R04,Completed,Digital Wallet,Standard,2024-05-05,2024-05-04,10,NONE,
O002649,2024-02-18,2024-02-24,C0414,R04,Completed,Card,Standard,2024-02-24,2024-02-24,8.5,NONE,
O002650,2025-09-07,2025-09-10,C0220,R06,Completed,Card,Express,2025-09-10,2025-09-10,17,NONE,
O002651,2025-10-07,,C0441,R06,Cancelled,Buy Now Pay Later,Standard,,,11.5,NONE,Payment failure
O002652,2025-05-12,2025-05-17,C0456,R03,Completed,Card,Standard,2025-05-18,2025-05-17,10,NONE,
O002653,2024-05-07,2024-05-13,C0497,R02,Completed,Card,Express,2024-05-10,2024-05-13,17,NONE,
O002654,2024-11-26,2024-11-30,C0517,R06,Completed,Buy Now Pay Later,Express,2024-11-29,2024-11-30,19,HOLIDAY,
O002655,2024-02-07,2024-02-13,C0405,R06,Completed,Card,Standard,2024-02-13,2024-02-13,8.5,NONE,
O002656,2024-07-18,2024-07-20,C0715,R01,Returned,Card,Express,2024-07-21,2024-07-20,15.5,NONE,
O002657,2025-02-27,2025-03-04,C0226,R02,Completed,Digital Wallet,Standard,2025-03-05,2025-03-04,8.5,NONE,
O002658,2024-03-31,2024-04-10,C0532,R07,Returned,Bank Transfer,Standard,2024-04-06,2024-04-10,10,NONE,
O002659,2025-05-30,2025-06-04,C0213,R03,Completed,Card,Standard,2025-06-05,2025-06-04,8.5,NONE,
O002660,2025-06-04,2025-06-10,C0565,R06,Completed,Card,Standard,2025-06-10,2025-06-10,12,NONE,
O002661,2025-07-15,2025-07-24,C0396,R03,Completed,Card,Standard,2025-07-21,2025-07-24,10,NONE,
O002662,2024-12-10,2024-12-15,C0669,R07,Completed,Card,Standard,2024-12-16,2024-12-15,8.5,HOLIDAY,
O002663,2024-03-05,2024-03-11,C0176,R08,Returned,Digital Wallet,Standard,2024-03-11,2024-03-11,8.5,NONE,
O002664,2024-05-01,2024-05-06,C0402,R05,Completed,Card,Standard,2024-05-07,2024-05-06,13.5,NONE,
O002665,2025-12-17,2025-12-23,C0375,R04,Completed,Card,Standard,2025-12-23,2025-12-23,8.5,HOLIDAY,
O002666,2024-01-26,2024-02-01,C0351,R01,Completed,Card,Standard,2024-02-01,2024-02-01,10,NONE,
O002667,2024-09-25,2024-10-01,C0069,R05,Completed,Digital Wallet,Standard,2024-10-01,2024-10-01,8.5,NONE,
O002668,2025-02-12,2025-02-17,C0617,R03,Completed,Card,Standard,2025-02-18,2025-02-17,8.5,NONE,
O002669,2024-07-31,2024-08-07,C0534,R01,Completed,Digital Wallet,Standard,2024-08-06,2024-08-07,17,NONE,
O002670,2024-05-29,2024-05-31,C0612,R05,Completed,Buy Now Pay Later,Express,2024-06-01,2024-05-31,15.5,NONE,
O002671,2025-05-30,2025-06-05,C0088,R01,Completed,Digital Wallet,Standard,2025-06-05,2025-06-05,8.5,NONE,
O002672,2024-11-29,2024-12-05,C0325,R01,Completed,Card,Standard,2024-12-05,2024-12-05,8.5,HOLIDAY,
O002673,2025-08-13,2025-08-18,C0530,R01,Completed,Card,Standard,2025-08-19,2025-08-18,12,SUMMER,
O002674,2025-12-30,2026-01-04,C0526,R02,Completed,Card,Standard,2026-01-05,2026-01-04,8.5,HOLIDAY,
O002675,2024-09-16,2024-09-21,C0515,R05,Completed,Card,Standard,2024-09-22,2024-09-21,13,NONE,
O002676,2025-06-01,2025-06-07,C0443,R05,Completed,Bank Transfer,Standard,2025-06-07,2025-06-07,10,NONE,
O002677,2024-09-16,2024-09-25,C0490,R06,Completed,Card,Standard,2024-09-22,2024-09-25,13,NONE,
O002678,2024-01-15,2024-01-20,C0598,R06,Completed,Card,Standard,2024-01-21,2024-01-20,15,NONE,
O002679,2024-06-22,2024-06-27,C0036,R08,Completed,Bank Transfer,Standard,2024-06-28,2024-06-27,8.5,NONE,
O002680,2024-09-04,2024-09-09,C0238,R04,Completed,Buy Now Pay Later,Standard,2024-09-10,2024-09-09,8.5,SUMMER,
O002681,2025-08-11,2025-08-16,C0617,R03,Completed,Card,Standard,2025-08-17,2025-08-16,8.5,SPRING,
O002682,2025-06-21,2025-06-26,C0385,R05,Completed,Digital Wallet,Standard,2025-06-27,2025-06-26,8.5,NONE,
O002683,2025-03-15,2025-03-20,C0348,R05,Completed,Bank Transfer,Standard,2025-03-21,2025-03-20,15,NONE,
O002684,2024-03-09,2024-03-15,C0382,R01,Completed,Digital Wallet,Standard,2024-03-15,2024-03-15,8.5,NONE,
O002685,2025-05-01,2025-05-11,C0483,R06,Completed,Card,Standard,2025-05-07,2025-05-11,13.5,SUMMER,
O002686,2025-10-30,2025-11-08,C0390,R04,Completed,Card,Standard,2025-11-05,2025-11-08,8.5,NONE,
O002687,2025-07-15,,C0417,R07,Cancelled,Card,Standard,,,10,NONE,Inventory unavailable
O002688,2024-01-12,2024-01-15,C0087,R02,Completed,Card,Express,2024-01-15,2024-01-15,19,NONE,
O002689,2024-03-04,2024-03-12,C0159,R04,Completed,Bank Transfer,Standard,2024-03-10,2024-03-12,12,SPRING,
O002690,2024-01-28,2024-02-03,C0473,R05,Completed,Buy Now Pay Later,Standard,2024-02-03,2024-02-03,8.5,NONE,
O002691,2024-04-26,2024-05-01,C0517,R06,Completed,Bank Transfer,Standard,2024-05-02,2024-05-01,12,BACK2WORK,
O002692,2025-05-03,2025-05-08,C0534,R01,Completed,Card,Standard,2025-05-09,2025-05-08,10,NONE,
O002693,2025-02-17,2025-02-22,C0102,R04,Completed,Card,Standard,2025-02-23,2025-02-22,13,NONE,
O002694,2025-11-03,2025-11-10,C0253,R03,Completed,Digital Wallet,Standard,2025-11-09,2025-11-10,10,HOLIDAY,
O002695,2025-07-10,2025-07-15,C0094,R01,Completed,Digital Wallet,Standard,2025-07-16,2025-07-15,8.5,BACK2WORK,
O002696,2024-12-06,2024-12-11,C0397,R07,Returned,Card,Standard,2024-12-12,2024-12-11,17,HOLIDAY,
O002697,2025-11-09,2025-11-14,C0329,R04,Completed,Card,Standard,2025-11-15,2025-11-14,12,HOLIDAY,
O002698,2024-09-24,2024-09-26,C0132,R01,Completed,Card,Express,2024-09-27,2024-09-26,20.5,BACK2WORK,
O002699,2025-05-03,2025-05-08,C0178,R01,Completed,Card,Standard,2025-05-09,2025-05-08,8.5,NONE,
O002700,2025-04-16,2025-04-18,C0451,R05,Completed,Card,Express,2025-04-19,2025-04-18,17,NONE,
O002701,2025-05-25,2025-06-04,C0606,R04,Completed,Digital Wallet,Standard,2025-05-31,2025-06-04,15,NONE,
O002702,2025-07-13,2025-07-19,C0624,R05,Completed,Card,Standard,2025-07-19,2025-07-19,15,NONE,
O002703,2025-01-04,2025-01-09,C0405,R06,Completed,Bank Transfer,Standard,2025-01-10,2025-01-09,8.5,NONE,
O002704,2025-07-10,2025-07-16,C0465,R04,Completed,Card,Standard,2025-07-16,2025-07-16,8.5,NONE,
O002705,2024-04-29,2024-05-07,C0200,R02,Completed,Bank Transfer,Standard,2024-05-05,2024-05-07,12,NONE,
O002706,2024-04-06,2024-04-11,C0573,R01,Completed,Digital Wallet,Standard,2024-04-12,2024-04-11,20,BACK2WORK,
O002707,2025-12-09,2025-12-14,C0388,R03,Completed,Digital Wallet,Standard,2025-12-15,2025-12-14,8.5,HOLIDAY,
O002708,2025-07-22,2025-07-31,C0178,R01,Completed,Buy Now Pay Later,Standard,2025-07-28,2025-07-31,16.5,NONE,
O002709,2025-02-02,2025-02-08,C0519,R03,Returned,Card,Standard,2025-02-08,2025-02-08,8.5,NONE,
O002710,2024-10-01,2024-10-06,C0403,R08,Completed,Digital Wallet,Standard,2024-10-07,2024-10-06,8.5,SPRING,
O002711,2025-09-08,2025-09-13,C0155,R06,Completed,Card,Standard,2025-09-14,2025-09-13,10,SUMMER,
O002712,2025-06-07,2025-06-09,C0425,R07,Completed,Card,Express,2025-06-10,2025-06-09,15.5,NONE,
O002713,2025-09-27,2025-10-02,C0236,R04,Completed,Card,Standard,2025-10-03,2025-10-02,11.5,NONE,
O002714,2024-10-21,2024-10-26,C0054,R02,Completed,Digital Wallet,Standard,2024-10-27,2024-10-26,12,NONE,
O002715,2025-05-12,2025-05-14,C0166,R04,Returned,Card,Express,2025-05-15,2025-05-14,15.5,SPRING,
O002716,2025-06-15,2025-06-21,C0148,R03,Completed,Card,Standard,2025-06-21,2025-06-21,15,NONE,
O002717,2024-12-02,2024-12-05,C0058,R01,Completed,Buy Now Pay Later,Express,2024-12-05,2024-12-05,20.5,HOLIDAY,
O002718,2024-11-19,2024-11-25,C0511,R04,Completed,Digital Wallet,Standard,2024-11-25,2024-11-25,10,HOLIDAY,
O002719,2024-05-19,2024-05-21,C0074,R05,Completed,Card,Express,2024-05-22,2024-05-21,15.5,NONE,
O002720,2024-01-07,2024-01-14,C0118,R03,Completed,Card,Standard,2024-01-13,2024-01-14,12,NONE,
O002721,2024-11-12,2024-11-17,C0451,R05,Completed,Card,Standard,2024-11-18,2024-11-17,10,HOLIDAY,
O002722,2024-03-21,,C0344,R07,Cancelled,Card,Express,,,17,NONE,Address issue
O002723,2024-01-29,2024-02-03,C0351,R01,Returned,Buy Now Pay Later,Standard,2024-02-04,2024-02-03,15,BACK2WORK,
O002724,2025-01-06,2025-01-09,C0044,R06,Completed,Digital Wallet,Express,2025-01-09,2025-01-09,15.5,NONE,
O002725,2024-10-10,2024-10-13,C0088,R01,Completed,Bank Transfer,Express,2024-10-13,2024-10-13,17,BACK2WORK,
O002726,2025-11-23,2025-11-29,C0432,R01,Completed,Buy Now Pay Later,Standard,2025-11-29,2025-11-29,8.5,HOLIDAY,
O002727,2024-01-01,2024-01-03,C0063,R01,Completed,Card,Express,2024-01-04,2024-01-03,17,NONE,
O002728,2024-09-06,2024-09-12,C0637,R04,Completed,Digital Wallet,Standard,2024-09-12,2024-09-12,8.5,NONE,
O002729,2025-05-15,2025-05-21,C0338,R04,Completed,Digital Wallet,Standard,2025-05-21,2025-05-21,15,NONE,
O002730,2024-10-27,2024-11-02,C0015,R08,Completed,Digital Wallet,Standard,2024-11-02,2024-11-02,8.5,NONE,
O002731,2024-07-19,2024-07-25,C0489,R04,Completed,Card,Standard,2024-07-25,2024-07-25,8.5,NONE,
O002732,2025-05-25,2025-05-29,C0713,R07,Completed,Card,Express,2025-05-28,2025-05-29,19,SUMMER,
O002733,2024-07-27,2024-08-02,C0638,R03,Completed,Card,Standard,2024-08-02,2024-08-02,20,NONE,
O002734,2024-06-15,2024-06-20,C0373,R05,Completed,Card,Standard,2024-06-21,2024-06-20,8.5,SPRING,
O002735,2024-09-04,2024-09-10,C0145,R02,Completed,Card,Standard,2024-09-10,2024-09-10,8.5,NONE,
O002736,2025-06-30,2025-07-09,C0257,R02,Completed,Card,Standard,2025-07-06,2025-07-09,8.5,NONE,
O002737,2025-09-16,2025-09-22,C0201,R02,Completed,Bank Transfer,Standard,2025-09-22,2025-09-22,11.5,SUMMER,
O002738,2024-09-24,2024-09-27,C0466,R03,Completed,Card,Express,2024-09-27,2024-09-27,15.5,NONE,
O002739,2025-04-11,2025-04-16,C0407,R05,Completed,Card,Standard,2025-04-17,2025-04-16,8.5,NONE,
O002740,2025-11-07,2025-11-14,C0088,R01,Completed,Digital Wallet,Standard,2025-11-13,2025-11-14,10,HOLIDAY,
O002741,2025-05-02,2025-05-07,C0581,R06,Returned,Card,Standard,2025-05-08,2025-05-07,10,SUMMER,
O002742,2024-05-29,2024-06-03,C0637,R04,Completed,Bank Transfer,Standard,2024-06-04,2024-06-03,13.5,NONE,
O002743,2024-12-12,2024-12-21,C0416,R05,Completed,Digital Wallet,Standard,2024-12-18,2024-12-21,8.5,HOLIDAY,
O002744,2025-08-13,2025-08-18,C0509,R03,Completed,Card,Standard,2025-08-19,2025-08-18,10,NONE,
O002745,2024-07-26,2024-08-01,C0529,R06,Completed,Bank Transfer,Standard,2024-08-01,2024-08-01,12,NONE,
O002746,2025-07-01,2025-07-03,C0069,R05,Completed,Card,Express,2025-07-04,2025-07-03,15.5,NONE,
O002747,2025-05-08,2025-05-14,C0599,R04,Completed,Buy Now Pay Later,Standard,2025-05-14,2025-05-14,15,SUMMER,
O002748,2024-01-20,2024-01-26,C0483,R06,Completed,Card,Standard,2024-01-26,2024-01-26,8.5,NONE,
O002749,2024-12-01,2024-12-04,C0269,R06,Completed,Card,Express,2024-12-04,2024-12-04,15.5,HOLIDAY,
O002750,2024-01-24,2024-01-29,C0581,R06,Completed,Card,Standard,2024-01-30,2024-01-29,8.5,NONE,
O002751,2024-02-28,2024-03-04,C0591,R02,Completed,Digital Wallet,Standard,2024-03-05,2024-03-04,8.5,NONE,
O002752,2024-06-04,2024-06-13,C0145,R02,Completed,Card,Standard,2024-06-10,2024-06-13,10,NONE,
O002753,2024-01-22,2024-01-31,C0587,R05,Completed,Card,Standard,2024-01-28,2024-01-31,8.5,NONE,
O002754,2025-03-23,2025-03-29,C0708,R05,Returned,Card,Standard,2025-03-29,2025-03-29,15,NONE,
O002755,2024-04-29,2024-05-05,C0183,R07,Completed,Card,Standard,2024-05-05,2024-05-05,8.5,SUMMER,
O002756,2025-12-02,2025-12-08,C0407,R05,Completed,Buy Now Pay Later,Standard,2025-12-08,2025-12-08,8.5,HOLIDAY,
O002757,2025-03-25,2025-03-31,C0201,R02,Completed,Buy Now Pay Later,Standard,2025-03-31,2025-03-31,8.5,NONE,
O002758,2025-09-07,,C0152,R06,Cancelled,Buy Now Pay Later,Standard,,,12,NONE,Customer changed mind
O002759,2025-04-18,2025-04-23,C0400,R05,Returned,Card,Standard,2025-04-24,2025-04-23,12,NONE,
O002760,2025-04-11,2025-04-16,C0240,R02,Completed,Card,Standard,2025-04-17,2025-04-16,11.5,SUMMER,
O002761,2025-09-16,2025-09-22,C0012,R06,Completed,Card,Standard,2025-09-22,2025-09-22,15,NONE,
O002762,2024-08-13,2024-08-16,C0253,R03,Completed,Bank Transfer,Express,2024-08-16,2024-08-16,15.5,NONE,
O002763,2024-12-03,2024-12-08,C0256,R05,Completed,Digital Wallet,Standard,2024-12-09,2024-12-08,8.5,HOLIDAY,
O002764,2024-08-26,2024-09-03,C0555,R04,Completed,Digital Wallet,Standard,2024-09-01,2024-09-03,8.5,NONE,
O002765,2025-09-10,2025-09-16,C0391,R01,Completed,Digital Wallet,Standard,2025-09-16,2025-09-16,13.5,NONE,
O002766,2024-03-29,2024-04-04,C0041,R04,Completed,Card,Standard,2024-04-04,2024-04-04,8.5,SUMMER,
O002767,2024-04-22,2024-05-01,C0498,R04,Completed,Digital Wallet,Standard,2024-04-28,2024-05-01,11.5,NONE,
O002768,2025-01-06,,C0063,R01,Cancelled,Card,Standard,,,10,BACK2WORK,Customer changed mind
O002769,2024-10-01,2024-10-07,C0534,R01,Completed,Card,Standard,2024-10-07,2024-10-07,8.5,NONE,
O002770,2024-02-17,2024-02-23,C0611,R01,Completed,Buy Now Pay Later,Standard,2024-02-23,2024-02-23,8.5,NONE,
O002771,2024-06-07,2024-06-12,C0052,R04,Completed,Card,Express,2024-06-10,2024-06-12,22,NONE,
O002772,2025-01-03,2025-01-08,C0564,R03,Returned,Card,Standard,2025-01-09,2025-01-08,8.5,SUMMER,
O002773,2024-01-03,2024-01-08,C0217,R03,Completed,Card,Standard,2024-01-09,2024-01-08,18.5,NONE,
O002774,2024-05-27,2024-06-02,C0340,R04,Completed,Card,Standard,2024-06-02,2024-06-02,10,NONE,
O002775,2024-05-08,2024-05-14,C0509,R03,Completed,Card,Standard,2024-05-14,2024-05-14,8.5,NONE,
O002776,2024-01-04,2024-01-06,C0621,R08,Completed,Digital Wallet,Express,2024-01-07,2024-01-06,15.5,NONE,
O002777,2024-11-01,2024-11-09,C0263,R02,Completed,Buy Now Pay Later,Standard,2024-11-07,2024-11-09,13,HOLIDAY,
O002778,2024-08-22,2024-08-27,C0504,R06,Completed,Bank Transfer,Standard,2024-08-28,2024-08-27,11.5,BACK2WORK,
O002779,2025-10-09,2025-10-15,C0148,R03,Completed,Card,Standard,2025-10-15,2025-10-15,15,NONE,
O002780,2025-02-16,2025-02-21,C0292,R04,Completed,Card,Standard,2025-02-22,2025-02-21,13.5,NONE,
O002781,2024-06-27,2024-07-02,C0391,R01,Completed,Card,Standard,2024-07-03,2024-07-02,8.5,NONE,
O002782,2024-04-09,2024-04-15,C0445,R01,Completed,Digital Wallet,Standard,2024-04-15,2024-04-15,13.5,NONE,
O002783,2024-12-01,2024-12-04,C0706,R03,Completed,Bank Transfer,Express,2024-12-04,2024-12-04,15.5,HOLIDAY,
O002784,2025-07-20,2025-07-25,C0431,R03,Completed,Card,Standard,2025-07-26,2025-07-25,8.5,NONE,
O002785,2024-10-01,2024-10-03,C0135,R03,Completed,Digital Wallet,Express,2024-10-04,2024-10-03,15.5,NONE,
O002786,2024-12-04,2024-12-09,C0050,R06,Returned,Buy Now Pay Later,Standard,2024-12-10,2024-12-09,17,HOLIDAY,
O002787,2025-07-24,2025-07-30,C0052,R04,Completed,Digital Wallet,Standard,2025-07-30,2025-07-30,10,NONE,
O002788,2024-03-12,2024-03-20,C0212,R01,Completed,Digital Wallet,Standard,2024-03-18,2024-03-20,8.5,BACK2WORK,
O002789,2025-01-30,2025-02-03,C0373,R05,Completed,Digital Wallet,Express,2025-02-02,2025-02-03,25.5,NONE,
O002790,2025-04-09,2025-04-15,C0007,R04,Completed,Bank Transfer,Standard,2025-04-15,2025-04-15,13.5,SPRING,
O002791,2025-10-11,2025-10-19,C0007,R04,Completed,Card,Standard,2025-10-17,2025-10-19,12,SUMMER,
O002792,2025-09-10,2025-09-17,C0713,R07,Completed,Bank Transfer,Standard,2025-09-16,2025-09-17,8.5,NONE,
O002793,2024-01-05,2024-01-11,C0253,R03,Completed,Bank Transfer,Standard,2024-01-11,2024-01-11,13.5,NONE,
O002794,2025-04-14,2025-04-20,C0375,R04,Completed,Card,Standard,2025-04-20,2025-04-20,10,NONE,
O002795,2024-11-26,2024-12-01,C0450,R04,Completed,Buy Now Pay Later,Standard,2024-12-02,2024-12-01,8.5,HOLIDAY,
O002796,2025-11-18,2025-11-20,C0512,R05,Completed,Bank Transfer,Express,2025-11-21,2025-11-20,17,HOLIDAY,
O002797,2025-06-25,2025-06-30,C0411,R01,Completed,Digital Wallet,Standard,2025-07-01,2025-06-30,8.5,NONE,
O002798,2024-03-29,2024-04-04,C0715,R01,Completed,Digital Wallet,Standard,2024-04-04,2024-04-04,16.5,BACK2WORK,
O002799,2024-02-25,2024-03-01,C0052,R04,Completed,Card,Standard,2024-03-02,2024-03-01,10,NONE,
O002800,2025-05-31,2025-06-06,C0087,R02,Completed,Card,Standard,2025-06-06,2025-06-06,12,NONE,
O002801,2025-12-11,2025-12-13,C0490,R06,Completed,Buy Now Pay Later,Express,2025-12-14,2025-12-13,19,HOLIDAY,
O002802,2024-10-11,2024-10-16,C0012,R06,Completed,Digital Wallet,Standard,2024-10-17,2024-10-16,8.5,BACK2WORK,
O002803,2025-04-29,2025-05-05,C0275,R08,Completed,Buy Now Pay Later,Standard,2025-05-05,2025-05-05,13.5,BACK2WORK,
O002804,2025-08-22,2025-08-27,C0344,R07,Completed,Card,Express,2025-08-25,2025-08-27,19,NONE,
O002805,2024-01-06,2024-01-11,C0657,R01,Completed,Bank Transfer,Standard,2024-01-12,2024-01-11,8.5,NONE,
O002806,2024-04-04,2024-04-12,C0330,R03,Completed,Digital Wallet,Standard,2024-04-10,2024-04-12,16.5,NONE,
O002807,2024-11-19,2024-11-24,C0651,R01,Completed,Digital Wallet,Standard,2024-11-25,2024-11-24,13.5,HOLIDAY,
O002808,2024-04-30,2024-05-05,C0657,R01,Completed,Buy Now Pay Later,Standard,2024-05-06,2024-05-05,18.5,SPRING,
O002809,2025-11-02,2025-11-08,C0181,R01,Completed,Bank Transfer,Standard,2025-11-08,2025-11-08,16.5,HOLIDAY,
O002810,2024-02-05,2024-02-11,C0701,R03,Completed,Card,Standard,2024-02-11,2024-02-11,12,NONE,
O002811,2025-12-20,2025-12-25,C0339,R05,Completed,Card,Standard,2025-12-26,2025-12-25,18.5,HOLIDAY,
O002812,2024-03-24,2024-03-29,C0573,R01,Completed,Card,Standard,2024-03-30,2024-03-29,8.5,NONE,
O002813,2025-01-06,2025-01-08,C0348,R05,Completed,Bank Transfer,Express,2025-01-09,2025-01-08,15.5,NONE,
O002814,2024-05-30,2024-06-01,C0699,R04,Returned,Digital Wallet,Express,2024-06-02,2024-06-01,24,NONE,
O002815,2024-06-18,2024-06-24,C0552,R08,Completed,Digital Wallet,Standard,2024-06-24,2024-06-24,10,NONE,
O002816,2024-01-17,2024-01-22,C0416,R05,Completed,Buy Now Pay Later,Standard,2024-01-23,2024-01-22,10,SPRING,
O002817,2025-12-08,2025-12-14,C0342,R02,Returned,Digital Wallet,Standard,2025-12-14,2025-12-14,13.5,HOLIDAY,
O002818,2025-10-31,,C0144,R04,Cancelled,Card,Express,,,15.5,NONE,Address issue
O002819,2024-04-29,2024-05-05,C0116,R08,Completed,Digital Wallet,Standard,2024-05-05,2024-05-05,8.5,NONE,
O002820,2024-04-28,2024-05-03,C0137,R05,Returned,Digital Wallet,Standard,2024-05-04,2024-05-03,15,NONE,
O002821,2025-01-10,2025-01-15,C0683,R06,Completed,Bank Transfer,Standard,2025-01-16,2025-01-15,8.5,NONE,
O002822,2024-06-10,2024-06-19,C0520,R05,Completed,Card,Standard,2024-06-16,2024-06-19,13,NONE,
O002823,2025-01-30,2025-02-01,C0611,R01,Completed,Digital Wallet,Express,2025-02-02,2025-02-01,15.5,SUMMER,
O002824,2025-07-11,2025-07-17,C0671,R06,Completed,Digital Wallet,Standard,2025-07-17,2025-07-17,20,NONE,
O002825,2024-08-21,2024-08-24,C0652,R06,Completed,Card,Express,2024-08-24,2024-08-24,15.5,NONE,
O002826,2025-09-24,2025-09-30,C0581,R06,Completed,Card,Standard,2025-09-30,2025-09-30,8.5,SPRING,
O002827,2024-08-28,2024-08-31,C0552,R08,Completed,Bank Transfer,Express,2024-08-31,2024-08-31,20.5,SUMMER,
O002828,2025-01-19,2025-01-25,C0571,R06,Returned,Card,Standard,2025-01-25,2025-01-25,12,NONE,
O002829,2024-10-05,2024-10-10,C0062,R02,Completed,Digital Wallet,Standard,2024-10-11,2024-10-10,8.5,NONE,
O002830,2025-09-24,2025-09-29,C0556,R07,Completed,Bank Transfer,Standard,2025-09-30,2025-09-29,8.5,NONE,
O002831,2025-03-30,2025-04-05,C0135,R03,Completed,Bank Transfer,Standard,2025-04-05,2025-04-05,8.5,SPRING,
O002832,2024-01-18,2024-01-24,C0277,R07,Completed,Bank Transfer,Standard,2024-01-24,2024-01-24,10,NONE,
O002833,2024-11-11,2024-11-16,C0527,R02,Completed,Digital Wallet,Standard,2024-11-17,2024-11-16,8.5,HOLIDAY,
O002834,2024-05-23,2024-05-29,C0048,R08,Completed,Bank Transfer,Standard,2024-05-29,2024-05-29,10,NONE,
O002835,2024-05-30,2024-06-04,C0591,R02,Completed,Bank Transfer,Standard,2024-06-05,2024-06-04,8.5,NONE,
O002836,2024-05-13,2024-05-18,C0381,R02,Completed,Card,Standard,2024-05-19,2024-05-18,12,NONE,
O002837,2025-01-07,2025-01-16,C0381,R02,Completed,Bank Transfer,Standard,2025-01-13,2025-01-16,8.5,SUMMER,
O002838,2024-08-24,,C0342,R02,Cancelled,Card,Express,,,18.5,NONE,Address issue
O002839,2024-03-31,2024-04-02,C0242,R08,Completed,Card,Express,2024-04-03,2024-04-02,17,NONE,
O002840,2024-03-02,2024-03-08,C0153,R04,Completed,Card,Standard,2024-03-08,2024-03-08,8.5,NONE,
O002841,2025-05-15,2025-05-21,C0644,R08,Returned,Card,Standard,2025-05-21,2025-05-21,16.5,NONE,
O002842,2025-03-05,2025-03-10,C0016,R05,Completed,Card,Standard,2025-03-11,2025-03-10,8.5,NONE,
O002843,2025-06-13,2025-06-18,C0657,R01,Completed,Card,Standard,2025-06-19,2025-06-18,8.5,NONE,
O002844,2024-11-05,2024-11-11,C0118,R03,Completed,Card,Standard,2024-11-11,2024-11-11,8.5,HOLIDAY,
O002845,2024-08-03,2024-08-09,C0088,R01,Completed,Card,Standard,2024-08-09,2024-08-09,12,NONE,
O002846,2025-12-09,2025-12-15,C0094,R01,Completed,Card,Standard,2025-12-15,2025-12-15,8.5,HOLIDAY,
O002847,2024-10-16,2024-10-18,C0525,R02,Completed,Bank Transfer,Express,2024-10-19,2024-10-18,15.5,NONE,
O002848,2024-11-07,,C0238,R04,Cancelled,Digital Wallet,Standard,,,8.5,HOLIDAY,Customer changed mind
O002849,2025-11-22,2025-12-01,C0381,R02,Completed,Card,Standard,2025-11-28,2025-12-01,12,HOLIDAY,
O002850,2024-06-03,2024-06-09,C0094,R01,Completed,Bank Transfer,Standard,2024-06-09,2024-06-09,8.5,NONE,
O002851,2024-07-15,2024-07-20,C0551,R01,Completed,Digital Wallet,Express,2024-07-18,2024-07-20,20.5,NONE,
O002852,2025-05-24,2025-05-29,C0464,R06,Completed,Card,Standard,2025-05-30,2025-05-29,12,NONE,
O002853,2024-04-10,2024-04-16,C0058,R01,Completed,Bank Transfer,Standard,2024-04-16,2024-04-16,11.5,BACK2WORK,
O002854,2024-08-12,2024-08-19,C0577,R06,Completed,Card,Standard,2024-08-18,2024-08-19,8.5,NONE,
O002855,2025-06-29,2025-07-04,C0143,R04,Completed,Buy Now Pay Later,Standard,2025-07-05,2025-07-04,13.5,NONE,
O002856,2025-06-09,2025-06-14,C0477,R03,Completed,Card,Standard,2025-06-15,2025-06-14,12,NONE,
O002857,2024-10-07,2024-10-12,C0070,R03,Completed,Card,Standard,2024-10-13,2024-10-12,10,NONE,
O002858,2025-12-27,2026-01-06,C0213,R03,Completed,Card,Standard,2026-01-02,2026-01-06,8.5,HOLIDAY,
O002859,2025-04-15,2025-04-21,C0400,R05,Completed,Card,Standard,2025-04-21,2025-04-21,10,NONE,
O002860,2025-06-27,2025-07-03,C0657,R01,Completed,Bank Transfer,Standard,2025-07-03,2025-07-03,8.5,NONE,
O002861,2024-04-10,2024-04-16,C0610,R02,Completed,Bank Transfer,Standard,2024-04-16,2024-04-16,8.5,BACK2WORK,
O002862,2024-05-11,2024-05-17,C0289,R03,Completed,Buy Now Pay Later,Standard,2024-05-17,2024-05-17,20,NONE,
O002863,2024-01-24,2024-01-29,C0388,R03,Completed,Digital Wallet,Standard,2024-01-30,2024-01-29,12,NONE,
O002864,2025-01-11,2025-01-16,C0155,R06,Completed,Digital Wallet,Standard,2025-01-17,2025-01-16,12,NONE,
O002865,2024-05-25,2024-06-04,C0001,R05,Returned,Card,Standard,2024-05-31,2024-06-04,8.5,NONE,
O002866,2024-10-25,2024-10-30,C0124,R03,Completed,Card,Standard,2024-10-31,2024-10-30,8.5,SPRING,
O002867,2025-07-16,2025-07-22,C0382,R01,Completed,Digital Wallet,Standard,2025-07-22,2025-07-22,8.5,NONE,
O002868,2025-10-29,2025-11-03,C0537,R02,Completed,Card,Standard,2025-11-04,2025-11-03,12,NONE,
O002869,2025-11-19,2025-11-27,C0480,R03,Completed,Bank Transfer,Standard,2025-11-25,2025-11-27,11.5,HOLIDAY,
O002870,2025-06-09,2025-06-12,C0548,R03,Completed,Card,Express,2025-06-12,2025-06-12,20.5,NONE,
O002871,2024-05-15,2024-05-20,C0425,R07,Completed,Card,Standard,2024-05-21,2024-05-20,11.5,NONE,
O002872,2025-06-13,2025-06-23,C0337,R03,Completed,Card,Standard,2025-06-19,2025-06-23,12,NONE,
O002873,2024-01-13,2024-01-18,C0277,R07,Completed,Bank Transfer,Standard,2024-01-19,2024-01-18,10,BACK2WORK,
O002874,2025-09-01,2025-09-07,C0254,R02,Completed,Card,Standard,2025-09-07,2025-09-07,10,SUMMER,
O002875,2025-04-22,2025-04-28,C0509,R03,Completed,Card,Standard,2025-04-28,2025-04-28,8.5,NONE,
O002876,2024-05-05,2024-05-10,C0616,R02,Completed,Buy Now Pay Later,Standard,2024-05-11,2024-05-10,12,NONE,
O002877,2024-09-24,2024-09-29,C0342,R02,Completed,Bank Transfer,Standard,2024-09-30,2024-09-29,10,NONE,
O002878,2024-06-03,2024-06-05,C0497,R02,Completed,Buy Now Pay Later,Express,2024-06-06,2024-06-05,25.5,BACK2WORK,
O002879,2024-03-10,2024-03-16,C0579,R08,Completed,Card,Standard,2024-03-16,2024-03-16,8.5,BACK2WORK,
O002880,2025-11-24,,C0612,R05,Cancelled,Card,Standard,,,8.5,HOLIDAY,Customer changed mind
O002881,2025-06-01,2025-06-06,C0609,R06,Completed,Card,Standard,2025-06-07,2025-06-06,8.5,NONE,
O002882,2025-08-24,2025-08-29,C0719,R04,Completed,Buy Now Pay Later,Standard,2025-08-30,2025-08-29,8.5,SPRING,
O002883,2024-09-01,2024-09-07,C0115,R07,Completed,Card,Standard,2024-09-07,2024-09-07,11.5,NONE,
O002884,2025-12-04,2025-12-06,C0460,R03,Completed,Card,Express,2025-12-07,2025-12-06,15.5,HOLIDAY,
O002885,2025-12-14,2025-12-17,C0517,R06,Completed,Card,Express,2025-12-17,2025-12-17,17,HOLIDAY,
O002886,2025-09-19,2025-09-24,C0450,R04,Completed,Card,Standard,2025-09-25,2025-09-24,8.5,NONE,
O002887,2024-02-02,2024-02-08,C0143,R04,Completed,Digital Wallet,Standard,2024-02-08,2024-02-08,10,SPRING,
O002888,2024-09-05,2024-09-07,C0216,R08,Completed,Bank Transfer,Express,2024-09-08,2024-09-07,19,BACK2WORK,
O002889,2025-11-19,2025-11-25,C0557,R05,Completed,Card,Standard,2025-11-25,2025-11-25,8.5,HOLIDAY,
O002890,2025-02-23,2025-02-28,C0134,R06,Completed,Card,Standard,2025-03-01,2025-02-28,10,NONE,
O002891,2024-09-15,2024-09-20,C0414,R04,Completed,Digital Wallet,Standard,2024-09-21,2024-09-20,8.5,NONE,
O002892,2025-08-16,2025-08-19,C0339,R05,Completed,Card,Express,2025-08-19,2025-08-19,15.5,NONE,
O002893,2025-12-18,2025-12-21,C0008,R02,Completed,Bank Transfer,Express,2025-12-21,2025-12-21,18.5,HOLIDAY,
O002894,2025-09-08,2025-09-13,C0479,R04,Completed,Buy Now Pay Later,Standard,2025-09-14,2025-09-13,8.5,SUMMER,
O002895,2024-04-07,2024-04-12,C0580,R04,Completed,Card,Standard,2024-04-13,2024-04-12,11.5,NONE,
O002896,2025-12-15,2025-12-21,C0428,R05,Completed,Digital Wallet,Standard,2025-12-21,2025-12-21,8.5,HOLIDAY,
O002897,2024-05-24,2024-06-01,C0715,R01,Completed,Card,Standard,2024-05-30,2024-06-01,13.5,SPRING,
O002898,2025-12-10,2025-12-15,C0715,R01,Completed,Bank Transfer,Standard,2025-12-16,2025-12-15,12,HOLIDAY,
O002899,2025-12-30,2026-01-05,C0094,R01,Completed,Digital Wallet,Standard,2026-01-05,2026-01-05,8.5,HOLIDAY,
O002900,2024-04-23,2024-04-29,C0687,R05,Completed,Digital Wallet,Standard,2024-04-29,2024-04-29,17,NONE,
O002901,2025-03-02,2025-03-07,C0167,R03,Completed,Card,Standard,2025-03-08,2025-03-07,8.5,SPRING,
O002902,2025-10-17,2025-10-23,C0571,R06,Completed,Card,Standard,2025-10-23,2025-10-23,10,BACK2WORK,
O002903,2025-02-07,2025-02-13,C0611,R01,Completed,Card,Standard,2025-02-13,2025-02-13,12,NONE,
O002904,2024-01-03,2024-01-11,C0466,R03,Completed,Bank Transfer,Standard,2024-01-09,2024-01-11,13,NONE,
O002905,2025-05-29,2025-06-04,C0489,R04,Completed,Digital Wallet,Standard,2025-06-04,2025-06-04,10,SUMMER,
O002906,2024-12-24,2024-12-29,C0529,R06,Completed,Card,Standard,2024-12-30,2024-12-29,13,HOLIDAY,
O002907,2024-05-30,2024-06-04,C0163,R04,Completed,Card,Standard,2024-06-05,2024-06-04,8.5,NONE,
O002908,2025-05-22,2025-05-28,C0563,R02,Completed,Digital Wallet,Standard,2025-05-28,2025-05-28,8.5,NONE,
O002909,2025-03-29,2025-04-03,C0012,R06,Completed,Bank Transfer,Standard,2025-04-04,2025-04-03,8.5,SPRING,
O002910,2025-04-22,,C0153,R04,Cancelled,Card,Standard,,,8.5,NONE,Payment failure
O002911,2024-04-06,2024-04-09,C0447,R02,Completed,Buy Now Pay Later,Express,2024-04-09,2024-04-09,17,NONE,
O002912,2024-02-29,2024-03-02,C0094,R01,Completed,Card,Express,2024-03-03,2024-03-02,23.5,NONE,
O002913,2024-12-03,2024-12-09,C0425,R07,Returned,Digital Wallet,Standard,2024-12-09,2024-12-09,13.5,HOLIDAY,
O002914,2025-09-25,2025-09-30,C0534,R01,Completed,Card,Standard,2025-10-01,2025-09-30,8.5,NONE,
O002915,2024-12-28,2025-01-04,C0133,R05,Completed,Digital Wallet,Standard,2025-01-03,2025-01-04,12,HOLIDAY,
O002916,2025-09-11,2025-09-18,C0383,R03,Returned,Digital Wallet,Standard,2025-09-17,2025-09-18,11.5,NONE,
O002917,2025-07-17,2025-07-21,C0373,R05,Completed,Card,Express,2025-07-20,2025-07-21,17,NONE,
O002918,2024-01-01,2024-01-04,C0181,R01,Completed,Card,Express,2024-01-04,2024-01-04,15.5,SUMMER,
O002919,2025-09-30,2025-10-08,C0324,R02,Completed,Digital Wallet,Standard,2025-10-06,2025-10-08,10,NONE,
O002920,2024-06-22,2024-06-27,C0519,R03,Completed,Card,Standard,2024-06-28,2024-06-27,8.5,SUMMER,
O002921,2024-08-13,2024-08-19,C0382,R01,Completed,Buy Now Pay Later,Standard,2024-08-19,2024-08-19,8.5,NONE,
O002922,2024-09-21,2024-09-24,C0406,R04,Completed,Bank Transfer,Express,2024-09-24,2024-09-24,15.5,NONE,
O002923,2024-02-11,2024-02-20,C0498,R04,Completed,Buy Now Pay Later,Standard,2024-02-17,2024-02-20,8.5,SUMMER,
O002924,2025-05-08,2025-05-14,C0222,R06,Completed,Card,Standard,2025-05-14,2025-05-14,11.5,BACK2WORK,
O002925,2025-02-22,2025-02-27,C0405,R06,Completed,Digital Wallet,Standard,2025-02-28,2025-02-27,11.5,NONE,
O002926,2024-08-08,2024-08-10,C0253,R03,Completed,Bank Transfer,Express,2024-08-11,2024-08-10,15.5,NONE,
O002927,2024-10-30,2024-11-04,C0147,R08,Completed,Digital Wallet,Standard,2024-11-05,2024-11-04,8.5,SUMMER,
O002928,2024-05-19,2024-05-21,C0202,R07,Completed,Card,Express,2024-05-22,2024-05-21,19,NONE,
O002929,2024-04-24,2024-05-04,C0067,R04,Completed,Digital Wallet,Standard,2024-04-30,2024-05-04,12,SPRING,
O002930,2024-01-19,2024-01-24,C0707,R06,Completed,Card,Standard,2024-01-25,2024-01-24,13.5,SPRING,
O002931,2024-02-07,2024-02-13,C0333,R05,Completed,Card,Standard,2024-02-13,2024-02-13,8.5,NONE,
O002932,2025-08-13,2025-08-19,C0443,R05,Completed,Digital Wallet,Standard,2025-08-19,2025-08-19,16.5,NONE,
O002933,2025-06-28,2025-07-04,C0340,R04,Completed,Digital Wallet,Standard,2025-07-04,2025-07-04,11.5,SPRING,
O002934,2025-12-04,,C0205,R08,Cancelled,Card,Express,,,15.5,HOLIDAY,Customer changed mind
O002935,2025-04-10,2025-04-13,C0464,R06,Completed,Bank Transfer,Express,2025-04-13,2025-04-13,15.5,NONE,
O002936,2025-10-15,2025-10-20,C0090,R03,Completed,Card,Standard,2025-10-21,2025-10-20,8.5,NONE,
O002937,2025-06-10,2025-06-16,C0586,R05,Completed,Card,Standard,2025-06-16,2025-06-16,18.5,NONE,
O002938,2024-10-09,2024-10-15,C0652,R06,Completed,Card,Standard,2024-10-15,2024-10-15,10,NONE,
O002939,2025-06-22,2025-06-27,C0399,R06,Completed,Digital Wallet,Standard,2025-06-28,2025-06-27,15,BACK2WORK,
O002940,2025-06-15,2025-06-17,C0400,R05,Completed,Card,Express,2025-06-18,2025-06-17,17,NONE,
O002941,2025-07-14,2025-07-24,C0320,R03,Completed,Card,Standard,2025-07-20,2025-07-24,13.5,NONE,
O002942,2024-01-26,2024-01-31,C0231,R02,Completed,Card,Standard,2024-02-01,2024-01-31,8.5,NONE,
O002943,2025-03-30,2025-04-05,C0606,R04,Completed,Card,Standard,2025-04-05,2025-04-05,8.5,NONE,
O002944,2024-05-29,2024-06-04,C0503,R01,Completed,Bank Transfer,Standard,2024-06-04,2024-06-04,8.5,NONE,
O002945,2024-02-27,2024-03-04,C0486,R03,Completed,Card,Standard,2024-03-04,2024-03-04,10,NONE,
O002946,2025-01-24,2025-01-29,C0232,R04,Completed,Card,Standard,2025-01-30,2025-01-29,16.5,NONE,
O002947,2025-07-05,2025-07-11,C0431,R03,Completed,Card,Standard,2025-07-11,2025-07-11,8.5,NONE,
O002948,2024-04-17,2024-04-22,C0150,R02,Completed,Card,Standard,2024-04-23,2024-04-22,13.5,NONE,
O002949,2024-08-17,2024-08-19,C0441,R06,Completed,Card,Express,2024-08-20,2024-08-19,15.5,NONE,
O002950,2025-07-27,2025-08-03,C0548,R03,Completed,Card,Standard,2025-08-02,2025-08-03,16.5,NONE,
O002951,2024-02-11,2024-02-17,C0348,R05,Returned,Bank Transfer,Standard,2024-02-17,2024-02-17,12,NONE,
O002952,2024-04-21,2024-04-24,C0435,R01,Completed,Card,Express,2024-04-24,2024-04-24,19,NONE,
O002953,2025-02-12,2025-02-17,C0538,R04,Completed,Buy Now Pay Later,Standard,2025-02-18,2025-02-17,10,BACK2WORK,
O002954,2025-12-13,2025-12-19,C0337,R03,Completed,Buy Now Pay Later,Standard,2025-12-19,2025-12-19,8.5,HOLIDAY,
O002955,2024-08-11,2024-08-14,C0318,R02,Completed,Card,Express,2024-08-14,2024-08-14,19,SUMMER,
O002956,2024-01-12,2024-01-15,C0403,R08,Completed,Digital Wallet,Express,2024-01-15,2024-01-15,15.5,NONE,
O002957,2024-09-05,2024-09-11,C0528,R04,Completed,Card,Standard,2024-09-11,2024-09-11,10,NONE,
O002958,2024-03-23,2024-03-28,C0635,R04,Completed,Digital Wallet,Standard,2024-03-29,2024-03-28,12,NONE,
O002959,2025-04-28,2025-05-04,C0402,R05,Completed,Bank Transfer,Standard,2025-05-04,2025-05-04,8.5,NONE,
O002960,2024-04-15,2024-04-17,C0404,R06,Completed,Digital Wallet,Express,2024-04-18,2024-04-17,22,NONE,
O002961,2024-11-30,2024-12-05,C0407,R05,Completed,Buy Now Pay Later,Standard,2024-12-06,2024-12-05,12,HOLIDAY,
O002962,2025-07-25,2025-07-31,C0388,R03,Returned,Bank Transfer,Standard,2025-07-31,2025-07-31,12,NONE,
O002963,2025-12-15,,C0005,R02,Cancelled,Card,Standard,,,10,HOLIDAY,Customer changed mind
O002964,2025-09-09,2025-09-11,C0070,R03,Returned,Bank Transfer,Express,2025-09-12,2025-09-11,17,NONE,
O002965,2024-04-07,2024-04-13,C0462,R04,Completed,Digital Wallet,Standard,2024-04-13,2024-04-13,12,NONE,
O002966,2024-11-02,2024-11-08,C0148,R03,Completed,Card,Standard,2024-11-08,2024-11-08,12,HOLIDAY,
O002967,2025-01-16,2025-01-21,C0360,R02,Returned,Buy Now Pay Later,Standard,2025-01-22,2025-01-21,8.5,NONE,
O002968,2025-03-07,2025-03-13,C0289,R03,Completed,Digital Wallet,Standard,2025-03-13,2025-03-13,8.5,NONE,
O002969,2024-08-17,2024-08-25,C0045,R01,Completed,Bank Transfer,Standard,2024-08-23,2024-08-25,18.5,SPRING,
O002970,2024-07-03,,C0563,R02,Cancelled,Bank Transfer,Standard,,,10,NONE,Payment failure
O002971,2024-08-08,2024-08-13,C0581,R06,Completed,Card,Standard,2024-08-14,2024-08-13,8.5,NONE,
O002972,2025-08-24,2025-08-29,C0530,R01,Completed,Card,Standard,2025-08-30,2025-08-29,12,NONE,
O002973,2024-09-12,2024-09-20,C0617,R03,Completed,Card,Standard,2024-09-18,2024-09-20,15,NONE,
O002974,2024-06-24,2024-07-04,C0536,R03,Completed,Card,Standard,2024-06-30,2024-07-04,12,NONE,
O002975,2024-11-22,2024-11-28,C0431,R03,Completed,Bank Transfer,Standard,2024-11-28,2024-11-28,10,HOLIDAY,
O002976,2025-02-11,2025-02-14,C0420,R04,Completed,Card,Express,2025-02-14,2025-02-14,20.5,BACK2WORK,
O002977,2025-01-04,2025-01-10,C0476,R05,Completed,Card,Standard,2025-01-10,2025-01-10,8.5,NONE,
O002978,2024-11-11,2024-11-16,C0339,R05,Completed,Card,Standard,2024-11-17,2024-11-16,8.5,HOLIDAY,
O002979,2024-06-30,2024-07-09,C0552,R08,Completed,Card,Standard,2024-07-06,2024-07-09,12,NONE,
O002980,2025-07-07,2025-07-12,C0403,R08,Completed,Digital Wallet,Standard,2025-07-13,2025-07-12,13.5,NONE,
O002981,2024-03-02,2024-03-10,C0606,R04,Completed,Card,Standard,2024-03-08,2024-03-10,15,NONE,
O002982,2025-10-24,2025-10-29,C0081,R05,Completed,Buy Now Pay Later,Standard,2025-10-30,2025-10-29,10,SPRING,
O002983,2024-08-18,2024-08-23,C0616,R02,Completed,Card,Standard,2024-08-24,2024-08-23,10,NONE,
O002984,2024-10-03,2024-10-08,C0610,R02,Returned,Digital Wallet,Standard,2024-10-09,2024-10-08,10,SPRING,
O002985,2025-12-13,2025-12-19,C0300,R03,Completed,Card,Standard,2025-12-19,2025-12-19,15,HOLIDAY,
O002986,2025-01-31,2025-02-05,C0712,R01,Completed,Buy Now Pay Later,Standard,2025-02-06,2025-02-05,10,SUMMER,
O002987,2025-04-14,2025-04-20,C0388,R03,Completed,Card,Standard,2025-04-20,2025-04-20,10,NONE,
O002988,2024-12-10,2024-12-15,C0679,R01,Completed,Bank Transfer,Standard,2024-12-16,2024-12-15,10,HOLIDAY,
O002989,2025-03-12,2025-03-17,C0001,R05,Completed,Digital Wallet,Standard,2025-03-18,2025-03-17,8.5,NONE,
O002990,2025-02-09,2025-02-18,C0330,R03,Completed,Card,Standard,2025-02-15,2025-02-18,8.5,BACK2WORK,
O002991,2024-01-02,2024-01-08,C0719,R04,Completed,Buy Now Pay Later,Standard,2024-01-08,2024-01-08,15,BACK2WORK,
O002992,2024-05-21,2024-05-26,C0236,R04,Completed,Card,Standard,2024-05-27,2024-05-26,8.5,NONE,
O002993,2024-01-10,2024-01-16,C0031,R07,Completed,Digital Wallet,Standard,2024-01-16,2024-01-16,10,NONE,
O002994,2024-05-06,2024-05-12,C0551,R01,Completed,Digital Wallet,Standard,2024-05-12,2024-05-12,11.5,NONE,
O002995,2024-11-06,2024-11-08,C0047,R03,Completed,Card,Express,2024-11-09,2024-11-08,15.5,HOLIDAY,
O002996,2024-07-22,2024-07-24,C0618,R04,Completed,Card,Express,2024-07-25,2024-07-24,19,NONE,
O002997,2024-06-14,2024-06-17,C0649,R04,Completed,Buy Now Pay Later,Express,2024-06-17,2024-06-17,17,BACK2WORK,
O002998,2025-02-13,2025-02-19,C0201,R02,Completed,Card,Standard,2025-02-19,2025-02-19,8.5,SPRING,
O002999,2025-07-17,2025-07-23,C0606,R04,Returned,Card,Standard,2025-07-23,2025-07-23,10,NONE,
O003000,2024-07-17,2024-07-22,C0021,R05,Completed,Digital Wallet,Standard,2024-07-23,2024-07-22,8.5,NONE,
O003001,2025-01-06,,C0344,R07,Cancelled,Card,Standard,,,11.5,NONE,Address issue
O003002,2024-03-27,2024-03-29,C0033,R02,Completed,Bank Transfer,Express,2024-03-30,2024-03-29,20.5,NONE,
O003003,2024-05-15,2024-05-17,C0333,R05,Completed,Card,Express,2024-05-18,2024-05-17,17,SPRING,
O003004,2025-08-18,2025-08-23,C0638,R03,Completed,Bank Transfer,Standard,2025-08-24,2025-08-23,16.5,NONE,
O003005,2025-10-15,2025-10-20,C0145,R02,Completed,Digital Wallet,Standard,2025-10-21,2025-10-20,10,NONE,
O003006,2024-03-27,2024-04-02,C0016,R05,Completed,Bank Transfer,Standard,2024-04-02,2024-04-02,15,SPRING,
O003007,2025-10-19,2025-10-24,C0373,R05,Completed,Bank Transfer,Standard,2025-10-25,2025-10-24,8.5,SPRING,
O003008,2025-10-16,2025-10-23,C0091,R04,Completed,Buy Now Pay Later,Standard,2025-10-22,2025-10-23,11.5,NONE,
O003009,2025-10-05,,C0611,R01,Cancelled,Card,Standard,,,13.5,NONE,Address issue
O003010,2024-06-09,2024-06-15,C0043,R01,Returned,Digital Wallet,Standard,2024-06-15,2024-06-15,12,SPRING,
O003011,2025-03-11,2025-03-17,C0137,R05,Completed,Card,Standard,2025-03-17,2025-03-17,11.5,SPRING,
O003012,2025-10-03,,C0251,R07,Cancelled,Bank Transfer,Standard,,,8.5,NONE,Address issue
O003013,2025-12-06,2025-12-12,C0077,R07,Completed,Digital Wallet,Standard,2025-12-12,2025-12-12,10,HOLIDAY,
O003014,2024-07-06,2024-07-12,C0538,R04,Completed,Card,Standard,2024-07-12,2024-07-12,11.5,NONE,
O003015,2024-11-26,2024-12-01,C0039,R04,Returned,Card,Standard,2024-12-02,2024-12-01,11.5,HOLIDAY,
O003016,2025-12-06,2025-12-11,C0086,R02,Returned,Card,Standard,2025-12-12,2025-12-11,8.5,HOLIDAY,
O003017,2024-12-07,2024-12-12,C0018,R08,Completed,Buy Now Pay Later,Standard,2024-12-13,2024-12-12,10,HOLIDAY,
O003018,2024-05-13,2024-05-19,C0473,R05,Completed,Card,Standard,2024-05-19,2024-05-19,8.5,NONE,
O003019,2024-02-15,2024-02-20,C0537,R02,Completed,Card,Standard,2024-02-21,2024-02-20,10,SUMMER,
O003020,2025-07-18,2025-07-24,C0620,R04,Returned,Digital Wallet,Standard,2025-07-24,2025-07-24,15,NONE,
O003021,2024-01-02,2024-01-08,C0342,R02,Completed,Digital Wallet,Standard,2024-01-08,2024-01-08,10,NONE,
O003022,2025-09-09,2025-09-17,C0683,R06,Completed,Bank Transfer,Standard,2025-09-15,2025-09-17,8.5,NONE,
O003023,2025-06-21,2025-06-26,C0272,R07,Completed,Card,Standard,2025-06-27,2025-06-26,8.5,NONE,
O003024,2024-06-13,2024-06-17,C0464,R06,Completed,Digital Wallet,Express,2024-06-16,2024-06-17,22,NONE,
O003025,2025-12-19,2025-12-24,C0056,R06,Completed,Digital Wallet,Standard,2025-12-25,2025-12-24,8.5,HOLIDAY,
O003026,2024-07-08,2024-07-14,C0498,R04,Completed,Card,Standard,2024-07-14,2024-07-14,13.5,NONE,
O003027,2025-10-17,2025-10-20,C0300,R03,Completed,Buy Now Pay Later,Express,2025-10-20,2025-10-20,15.5,BACK2WORK,
O003028,2024-06-08,2024-06-10,C0636,R01,Completed,Bank Transfer,Express,2024-06-11,2024-06-10,15.5,NONE,
O003029,2024-05-21,2024-05-24,C0701,R03,Completed,Digital Wallet,Express,2024-05-24,2024-05-24,18.5,NONE,
O003030,2025-02-02,2025-02-07,C0552,R08,Completed,Card,Standard,2025-02-08,2025-02-07,8.5,NONE,
O003031,2024-09-07,2024-09-12,C0383,R03,Completed,Buy Now Pay Later,Standard,2024-09-13,2024-09-12,8.5,NONE,
O003032,2024-10-24,,C0373,R05,Cancelled,Buy Now Pay Later,Express,,,23.5,NONE,Payment failure
O003033,2025-01-08,2025-01-14,C0668,R07,Completed,Digital Wallet,Standard,2025-01-14,2025-01-14,8.5,SUMMER,
O003034,2025-02-24,2025-03-02,C0337,R03,Completed,Digital Wallet,Standard,2025-03-02,2025-03-02,13,NONE,
O003035,2024-04-17,2024-04-23,C0556,R07,Completed,Bank Transfer,Standard,2024-04-23,2024-04-23,8.5,BACK2WORK,
O003036,2025-11-13,2025-11-21,C0644,R08,Completed,Card,Standard,2025-11-19,2025-11-21,8.5,HOLIDAY,
O003037,2025-02-07,2025-02-12,C0295,R03,Completed,Digital Wallet,Standard,2025-02-13,2025-02-12,15,NONE,
O003038,2024-08-06,2024-08-13,C0001,R05,Completed,Digital Wallet,Standard,2024-08-12,2024-08-13,11.5,NONE,
O003039,2024-11-18,2024-11-24,C0407,R05,Completed,Bank Transfer,Standard,2024-11-24,2024-11-24,8.5,HOLIDAY,
O003040,2024-08-04,2024-08-10,C0666,R04,Completed,Card,Standard,2024-08-10,2024-08-10,15,NONE,
O003041,2025-04-01,2025-04-06,C0212,R01,Completed,Bank Transfer,Standard,2025-04-07,2025-04-06,10,NONE,
O003042,2024-02-12,2024-02-15,C0295,R03,Completed,Bank Transfer,Express,2024-02-15,2024-02-15,15.5,NONE,
O003043,2025-05-15,2025-05-21,C0473,R05,Completed,Bank Transfer,Standard,2025-05-21,2025-05-21,13.5,NONE,
O003044,2024-10-11,2024-10-16,C0689,R03,Completed,Card,Standard,2024-10-17,2024-10-16,8.5,NONE,
O003045,2025-03-15,2025-03-18,C0302,R05,Completed,Digital Wallet,Express,2025-03-18,2025-03-18,15.5,NONE,
O003046,2025-03-24,2025-03-31,C0606,R04,Completed,Bank Transfer,Standard,2025-03-30,2025-03-31,10,BACK2WORK,
O003047,2025-12-12,2025-12-17,C0567,R01,Completed,Card,Standard,2025-12-18,2025-12-17,8.5,HOLIDAY,
O003048,2024-03-20,,C0624,R05,Cancelled,Digital Wallet,Standard,,,13.5,NONE,Customer changed mind
O003049,2025-06-08,2025-06-10,C0089,R01,Completed,Digital Wallet,Express,2025-06-11,2025-06-10,15.5,NONE,
O003050,2024-09-20,2024-09-22,C0476,R05,Completed,Digital Wallet,Express,2024-09-23,2024-09-22,15.5,NONE,
O003051,2024-01-08,2024-01-14,C0672,R01,Completed,Card,Express,2024-01-11,2024-01-14,15.5,SPRING,
O003052,2025-02-28,2025-03-06,C0202,R07,Completed,Digital Wallet,Standard,2025-03-06,2025-03-06,12,NONE,
O003053,2025-01-02,2025-01-07,C0687,R05,Completed,Digital Wallet,Standard,2025-01-08,2025-01-07,11.5,NONE,
O003054,2024-01-05,2024-01-11,C0344,R07,Returned,Bank Transfer,Standard,2024-01-11,2024-01-11,10,NONE,
O003055,2025-11-28,2025-12-04,C0557,R05,Completed,Bank Transfer,Standard,2025-12-04,2025-12-04,8.5,HOLIDAY,
O003056,2025-10-10,2025-10-16,C0425,R07,Completed,Card,Standard,2025-10-16,2025-10-16,8.5,NONE,
O003057,2025-12-26,2025-12-31,C0037,R03,Completed,Bank Transfer,Standard,2026-01-01,2025-12-31,10,HOLIDAY,
O003058,2024-08-11,2024-08-14,C0546,R06,Completed,Card,Express,2024-08-14,2024-08-14,15.5,NONE,
O003059,2024-11-02,2024-11-10,C0015,R08,Completed,Digital Wallet,Standard,2024-11-08,2024-11-10,8.5,HOLIDAY,
O003060,2024-12-18,2024-12-23,C0701,R03,Completed,Card,Standard,2024-12-24,2024-12-23,8.5,HOLIDAY,
O003061,2025-09-30,2025-10-05,C0381,R02,Completed,Card,Standard,2025-10-06,2025-10-05,8.5,NONE,
O003062,2025-05-04,2025-05-09,C0273,R02,Completed,Card,Standard,2025-05-10,2025-05-09,15,NONE,
O003063,2025-05-11,2025-05-17,C0331,R04,Returned,Bank Transfer,Standard,2025-05-17,2025-05-17,8.5,NONE,
O003064,2024-06-11,2024-06-16,C0256,R05,Completed,Digital Wallet,Standard,2024-06-17,2024-06-16,13.5,NONE,
O003065,2024-02-29,2024-03-06,C0047,R03,Completed,Card,Standard,2024-03-06,2024-03-06,15,NONE,
O003066,2025-11-20,2025-11-28,C0188,R03,Completed,Digital Wallet,Standard,2025-11-26,2025-11-28,13.5,HOLIDAY,
O003067,2024-12-20,2024-12-26,C0253,R03,Completed,Bank Transfer,Standard,2024-12-26,2024-12-26,10,HOLIDAY,
O003068,2025-09-28,2025-10-03,C0391,R01,Completed,Card,Standard,2025-10-04,2025-10-03,18.5,NONE,
O003069,2024-10-06,2024-10-11,C0466,R03,Completed,Buy Now Pay Later,Standard,2024-10-12,2024-10-11,13.5,NONE,
O003070,2025-03-18,2025-03-20,C0581,R06,Completed,Bank Transfer,Express,2025-03-21,2025-03-20,15.5,NONE,
O003071,2025-08-29,2025-09-03,C0701,R03,Completed,Card,Standard,2025-09-04,2025-09-03,10,NONE,
O003072,2025-06-14,2025-06-20,C0607,R06,Completed,Card,Standard,2025-06-20,2025-06-20,8.5,NONE,
O003073,2025-11-09,2025-11-14,C0338,R04,Completed,Buy Now Pay Later,Standard,2025-11-15,2025-11-14,11.5,HOLIDAY,
O003074,2024-02-13,2024-02-20,C0605,R04,Completed,Card,Standard,2024-02-19,2024-02-20,15,NONE,
O003075,2025-10-07,2025-10-16,C0657,R01,Completed,Card,Standard,2025-10-13,2025-10-16,13.5,NONE,
O003076,2025-05-31,2025-06-06,C0527,R02,Completed,Card,Standard,2025-06-06,2025-06-06,8.5,BACK2WORK,
O003077,2024-12-12,2024-12-14,C0031,R07,Completed,Card,Express,2024-12-15,2024-12-14,15.5,HOLIDAY,
O003078,2024-06-12,2024-06-17,C0070,R03,Completed,Card,Standard,2024-06-18,2024-06-17,13.5,NONE,
O003079,2024-05-28,2024-06-02,C0556,R07,Completed,Card,Standard,2024-06-03,2024-06-02,8.5,NONE,
O003080,2025-07-11,2025-07-17,C0526,R02,Completed,Digital Wallet,Standard,2025-07-17,2025-07-17,12,NONE,
O003081,2025-05-12,2025-05-18,C0343,R02,Completed,Card,Standard,2025-05-18,2025-05-18,15,NONE,
O003082,2024-10-17,,C0373,R05,Cancelled,Buy Now Pay Later,Standard,,,13.5,NONE,Payment failure
O003083,2025-06-08,2025-06-11,C0422,R02,Completed,Bank Transfer,Express,2025-06-11,2025-06-11,17,BACK2WORK,
O003084,2025-09-15,,C0399,R06,Cancelled,Card,Standard,,,8.5,NONE,Inventory unavailable
O003085,2024-08-17,2024-08-23,C0476,R05,Completed,Card,Standard,2024-08-23,2024-08-23,13,NONE,
O003086,2025-06-20,2025-06-29,C0532,R07,Completed,Digital Wallet,Standard,2025-06-26,2025-06-29,10,NONE,
O003087,2025-08-30,2025-09-04,C0148,R03,Completed,Card,Standard,2025-09-05,2025-09-04,12,BACK2WORK,
O003088,2025-11-03,2025-11-09,C0689,R03,Completed,Digital Wallet,Standard,2025-11-09,2025-11-09,8.5,HOLIDAY,
O003089,2025-06-22,2025-07-01,C0237,R05,Completed,Card,Standard,2025-06-28,2025-07-01,8.5,NONE,
O003090,2025-01-09,2025-01-15,C0445,R01,Completed,Buy Now Pay Later,Standard,2025-01-15,2025-01-15,8.5,NONE,
O003091,2025-10-04,2025-10-09,C0476,R05,Completed,Card,Standard,2025-10-10,2025-10-09,8.5,SPRING,
O003092,2025-12-07,2025-12-12,C0483,R06,Completed,Buy Now Pay Later,Standard,2025-12-13,2025-12-12,12,HOLIDAY,
O003093,2024-06-04,2024-06-11,C0503,R01,Completed,Digital Wallet,Standard,2024-06-10,2024-06-11,16.5,NONE,
O003094,2025-07-28,2025-08-03,C0512,R05,Completed,Bank Transfer,Standard,2025-08-03,2025-08-03,8.5,NONE,
O003095,2025-01-29,2025-02-03,C0636,R01,Completed,Digital Wallet,Standard,2025-02-04,2025-02-03,8.5,NONE,
O003096,2025-08-20,2025-08-25,C0404,R06,Completed,Digital Wallet,Standard,2025-08-26,2025-08-25,13.5,NONE,
O003097,2025-05-15,2025-05-21,C0652,R06,Completed,Card,Standard,2025-05-21,2025-05-21,8.5,NONE,
O003098,2024-09-25,2024-09-28,C0417,R07,Returned,Card,Express,2024-09-28,2024-09-28,17,NONE,
O003099,2025-04-07,2025-04-14,C0050,R06,Completed,Card,Standard,2025-04-13,2025-04-14,13.5,NONE,
O003100,2025-08-29,2025-09-03,C0074,R05,Completed,Card,Standard,2025-09-04,2025-09-03,11.5,NONE,
O003101,2024-06-16,2024-06-22,C0571,R06,Completed,Digital Wallet,Standard,2024-06-22,2024-06-22,8.5,NONE,
O003102,2025-04-28,2025-05-01,C0450,R04,Completed,Card,Express,2025-05-01,2025-05-01,20.5,NONE,
O003103,2024-01-08,2024-01-13,C0714,R01,Completed,Bank Transfer,Standard,2024-01-14,2024-01-13,13,NONE,
O003104,2024-01-09,2024-01-15,C0212,R01,Completed,Digital Wallet,Standard,2024-01-15,2024-01-15,8.5,NONE,
O003105,2024-04-12,2024-04-16,C0207,R01,Completed,Card,Express,2024-04-15,2024-04-16,15.5,NONE,
O003106,2024-05-22,2024-05-28,C0337,R03,Completed,Card,Standard,2024-05-28,2024-05-28,13.5,NONE,
O003107,2024-01-14,2024-01-20,C0557,R05,Completed,Card,Standard,2024-01-20,2024-01-20,15,NONE,
O003108,2024-02-02,2024-02-08,C0657,R01,Completed,Card,Standard,2024-02-08,2024-02-08,17,NONE,
O003109,2024-04-22,2024-04-24,C0435,R01,Completed,Digital Wallet,Express,2024-04-25,2024-04-24,15.5,SPRING,
O003110,2025-03-22,2025-04-01,C0551,R01,Completed,Card,Standard,2025-03-28,2025-04-01,12,NONE,
O003111,2025-10-05,2025-10-10,C0318,R02,Completed,Digital Wallet,Standard,2025-10-11,2025-10-10,8.5,SPRING,
O003112,2025-01-13,2025-01-18,C0540,R04,Completed,Card,Standard,2025-01-19,2025-01-18,8.5,NONE,
O003113,2024-09-24,2024-10-01,C0517,R06,Completed,Digital Wallet,Standard,2024-09-30,2024-10-01,8.5,NONE,
O003114,2025-03-22,2025-03-27,C0012,R06,Completed,Card,Express,2025-03-25,2025-03-27,19,SUMMER,
O003115,2025-10-31,2025-11-06,C0236,R04,Completed,Card,Standard,2025-11-06,2025-11-06,8.5,NONE,
O003116,2024-07-05,2024-07-11,C0527,R02,Completed,Card,Standard,2024-07-11,2024-07-11,11.5,NONE,
O003117,2025-10-09,2025-10-14,C0149,R08,Completed,Buy Now Pay Later,Standard,2025-10-15,2025-10-14,11.5,NONE,
O003118,2025-03-20,2025-03-26,C0330,R03,Completed,Digital Wallet,Standard,2025-03-26,2025-03-26,10,NONE,
O003119,2025-08-08,2025-08-18,C0012,R06,Completed,Buy Now Pay Later,Standard,2025-08-14,2025-08-18,8.5,NONE,
O003120,2025-05-08,2025-05-13,C0701,R03,Completed,Card,Standard,2025-05-14,2025-05-13,8.5,BACK2WORK,
O003121,2025-07-11,2025-07-14,C0537,R02,Completed,Card,Express,2025-07-14,2025-07-14,15.5,NONE,
O003122,2025-04-07,2025-04-14,C0278,R02,Completed,Bank Transfer,Standard,2025-04-13,2025-04-14,15,NONE,
O003123,2024-02-24,2024-03-01,C0483,R06,Completed,Card,Standard,2024-03-01,2024-03-01,8.5,NONE,
O003124,2024-07-31,2024-08-06,C0381,R02,Completed,Digital Wallet,Standard,2024-08-06,2024-08-06,8.5,NONE,
O003125,2025-06-25,2025-07-01,C0234,R08,Completed,Bank Transfer,Express,2025-06-28,2025-07-01,17,NONE,
O003126,2025-04-02,2025-04-04,C0494,R03,Completed,Digital Wallet,Express,2025-04-05,2025-04-04,22,SPRING,
O003127,2025-12-16,2025-12-22,C0153,R04,Completed,Digital Wallet,Standard,2025-12-22,2025-12-22,13.5,HOLIDAY,
O003128,2024-07-22,2024-07-27,C0450,R04,Completed,Digital Wallet,Standard,2024-07-28,2024-07-27,8.5,NONE,
O003129,2025-07-26,2025-08-01,C0532,R07,Completed,Buy Now Pay Later,Standard,2025-08-01,2025-08-01,8.5,NONE,
O003130,2025-03-05,2025-03-11,C0551,R01,Completed,Bank Transfer,Standard,2025-03-11,2025-03-11,8.5,NONE,
O003131,2025-08-04,2025-08-07,C0572,R05,Completed,Digital Wallet,Express,2025-08-07,2025-08-07,17,NONE,
O003132,2025-03-22,2025-03-27,C0503,R01,Completed,Digital Wallet,Standard,2025-03-28,2025-03-27,8.5,BACK2WORK,
O003133,2024-02-20,2024-02-26,C0705,R01,Completed,Card,Standard,2024-02-26,2024-02-26,11.5,NONE,
O003134,2024-05-12,2024-05-18,C0555,R04,Completed,Card,Standard,2024-05-18,2024-05-18,10,NONE,
O003135,2025-12-22,2025-12-28,C0525,R02,Completed,Bank Transfer,Standard,2025-12-28,2025-12-28,8.5,HOLIDAY,
O003136,2024-10-27,2024-11-01,C0390,R04,Completed,Card,Standard,2024-11-02,2024-11-01,8.5,NONE,
O003137,2025-12-21,2025-12-28,C0340,R04,Completed,Bank Transfer,Standard,2025-12-27,2025-12-28,18.5,HOLIDAY,
O003138,2025-04-25,2025-05-04,C0268,R01,Completed,Buy Now Pay Later,Standard,2025-05-01,2025-05-04,10,BACK2WORK,
O003139,2024-10-02,2024-10-08,C0225,R05,Completed,Digital Wallet,Standard,2024-10-08,2024-10-08,8.5,NONE,
O003140,2025-08-10,2025-08-15,C0428,R05,Completed,Card,Standard,2025-08-16,2025-08-15,8.5,NONE,
O003141,2024-07-04,2024-07-06,C0149,R08,Completed,Card,Express,2024-07-07,2024-07-06,23.5,SPRING,
O003142,2025-11-20,2025-11-25,C0087,R02,Completed,Digital Wallet,Standard,2025-11-26,2025-11-25,8.5,HOLIDAY,
O003143,2025-09-04,2025-09-09,C0181,R01,Completed,Digital Wallet,Standard,2025-09-10,2025-09-09,16.5,SUMMER,
O003144,2025-09-03,2025-09-08,C0507,R04,Completed,Card,Standard,2025-09-09,2025-09-08,8.5,NONE,
O003145,2025-09-23,2025-09-28,C0048,R08,Completed,Digital Wallet,Standard,2025-09-29,2025-09-28,15,BACK2WORK,
O003146,2025-04-20,2025-04-26,C0637,R04,Completed,Card,Standard,2025-04-26,2025-04-26,16.5,NONE,
O003147,2025-10-12,2025-10-17,C0207,R01,Completed,Bank Transfer,Standard,2025-10-18,2025-10-17,10,SUMMER,
O003148,2024-10-13,2024-10-19,C0471,R06,Completed,Card,Standard,2024-10-19,2024-10-19,11.5,NONE,
O003149,2024-11-05,2024-11-10,C0222,R06,Completed,Buy Now Pay Later,Standard,2024-11-11,2024-11-10,10,HOLIDAY,
O003150,2024-06-06,2024-06-12,C0148,R03,Completed,Card,Standard,2024-06-12,2024-06-12,8.5,NONE,
O003151,2025-10-31,2025-11-06,C0320,R03,Completed,Bank Transfer,Standard,2025-11-06,2025-11-06,8.5,NONE,
O003152,2024-03-08,2024-03-13,C0660,R06,Completed,Card,Standard,2024-03-14,2024-03-13,12,BACK2WORK,
O003153,2025-02-14,2025-02-19,C0014,R05,Returned,Card,Standard,2025-02-20,2025-02-19,17,BACK2WORK,
O003154,2025-08-18,2025-08-21,C0033,R02,Completed,Card,Express,2025-08-21,2025-08-21,20.5,NONE,
O003155,2025-06-15,2025-06-21,C0527,R02,Completed,Card,Standard,2025-06-21,2025-06-21,8.5,NONE,
O003156,2025-12-01,2025-12-07,C0175,R03,Completed,Buy Now Pay Later,Express,2025-12-04,2025-12-07,27,HOLIDAY,
O003157,2024-10-23,2024-10-29,C0719,R04,Completed,Bank Transfer,Standard,2024-10-29,2024-10-29,17,NONE,
O003158,2024-10-08,2024-10-13,C0120,R01,Completed,Digital Wallet,Standard,2024-10-14,2024-10-13,8.5,NONE,
O003159,2024-02-13,2024-02-19,C0351,R01,Completed,Card,Standard,2024-02-19,2024-02-19,8.5,NONE,
O003160,2025-04-10,2025-04-18,C0062,R02,Completed,Card,Standard,2025-04-16,2025-04-18,17,NONE,
O003161,2025-04-03,2025-04-09,C0636,R01,Completed,Digital Wallet,Standard,2025-04-09,2025-04-09,13,NONE,
O003162,2024-12-03,2024-12-06,C0653,R03,Completed,Card,Express,2024-12-06,2024-12-06,23.5,HOLIDAY,
O003163,2024-11-14,2024-11-19,C0539,R01,Completed,Card,Standard,2024-11-20,2024-11-19,16.5,HOLIDAY,
O003164,2024-11-30,2024-12-06,C0708,R05,Completed,Card,Standard,2024-12-06,2024-12-06,10,HOLIDAY,
O003165,2025-02-01,2025-02-03,C0455,R06,Completed,Digital Wallet,Express,2025-02-04,2025-02-03,15.5,BACK2WORK,
O003166,2025-06-28,2025-07-03,C0715,R01,Completed,Card,Standard,2025-07-04,2025-07-03,10,BACK2WORK,
O003167,2025-09-03,2025-09-09,C0498,R04,Completed,Card,Standard,2025-09-09,2025-09-09,18.5,NONE,
O003168,2025-02-11,2025-02-20,C0478,R03,Completed,Card,Standard,2025-02-17,2025-02-20,15,SUMMER,
O003169,2025-03-12,2025-03-17,C0652,R06,Completed,Card,Standard,2025-03-18,2025-03-17,8.5,NONE,
O003170,2024-08-19,2024-08-29,C0220,R06,Completed,Buy Now Pay Later,Standard,2024-08-25,2024-08-29,20,NONE,
O003171,2024-03-13,2024-03-20,C0050,R06,Completed,Bank Transfer,Standard,2024-03-19,2024-03-20,10,SUMMER,
O003172,2024-09-29,2024-10-04,C0483,R06,Completed,Bank Transfer,Standard,2024-10-05,2024-10-04,16.5,NONE,
O003173,2025-02-21,2025-02-27,C0054,R02,Completed,Bank Transfer,Standard,2025-02-27,2025-02-27,8.5,SPRING,
O003174,2025-11-02,2025-11-07,C0095,R04,Returned,Card,Standard,2025-11-08,2025-11-07,8.5,HOLIDAY,
O003175,2024-05-16,2024-05-19,C0402,R05,Completed,Digital Wallet,Express,2024-05-19,2024-05-19,20.5,NONE,
O003176,2024-12-04,2024-12-09,C0606,R04,Completed,Digital Wallet,Standard,2024-12-10,2024-12-09,8.5,HOLIDAY,
O003177,2025-09-16,2025-09-22,C0325,R01,Completed,Card,Standard,2025-09-22,2025-09-22,10,BACK2WORK,
O003178,2024-09-24,2024-10-02,C0016,R05,Completed,Card,Standard,2024-09-30,2024-10-02,12,NONE,
O003179,2024-11-03,2024-11-08,C0174,R08,Completed,Digital Wallet,Standard,2024-11-09,2024-11-08,13.5,HOLIDAY,
O003180,2024-03-13,2024-03-18,C0428,R05,Completed,Card,Standard,2024-03-19,2024-03-18,8.5,NONE,
O003181,2024-04-06,2024-04-11,C0345,R04,Completed,Card,Standard,2024-04-12,2024-04-11,8.5,SPRING,
O003182,2025-02-12,2025-02-18,C0403,R08,Completed,Digital Wallet,Standard,2025-02-18,2025-02-18,12,BACK2WORK,
O003183,2024-06-13,2024-06-19,C0098,R03,Completed,Digital Wallet,Standard,2024-06-19,2024-06-19,11.5,NONE,
O003184,2025-01-31,2025-02-05,C0337,R03,Completed,Card,Standard,2025-02-06,2025-02-05,8.5,NONE,
O003185,2024-03-31,2024-04-05,C0532,R07,Completed,Card,Standard,2024-04-06,2024-04-05,11.5,NONE,
O003186,2025-05-23,2025-05-28,C0302,R05,Completed,Digital Wallet,Standard,2025-05-29,2025-05-28,10,NONE,
O003187,2025-07-15,2025-07-20,C0420,R04,Completed,Digital Wallet,Standard,2025-07-21,2025-07-20,11.5,SPRING,
O003188,2025-01-18,2025-01-23,C0551,R01,Returned,Card,Standard,2025-01-24,2025-01-23,10,NONE,
O003189,2025-08-27,2025-09-02,C0420,R04,Completed,Bank Transfer,Standard,2025-09-02,2025-09-02,8.5,BACK2WORK,
O003190,2024-08-10,2024-08-15,C0453,R07,Completed,Card,Standard,2024-08-16,2024-08-15,10,NONE,
O003191,2024-04-05,2024-04-10,C0426,R04,Completed,Buy Now Pay Later,Standard,2024-04-11,2024-04-10,8.5,SPRING,
O003192,2025-06-11,2025-06-16,C0435,R01,Completed,Bank Transfer,Standard,2025-06-17,2025-06-16,11.5,NONE,
O003193,2025-09-03,2025-09-09,C0519,R03,Completed,Card,Standard,2025-09-09,2025-09-09,8.5,SUMMER,
O003194,2024-12-30,2025-01-05,C0318,R02,Completed,Card,Standard,2025-01-05,2025-01-05,10,HOLIDAY,
O003195,2024-10-12,2024-10-17,C0713,R07,Completed,Bank Transfer,Standard,2024-10-18,2024-10-17,13.5,NONE,
O003196,2025-12-30,2026-01-05,C0637,R04,Completed,Card,Standard,2026-01-05,2026-01-05,11.5,HOLIDAY,
O003197,2025-08-09,2025-08-11,C0498,R04,Completed,Digital Wallet,Express,2025-08-12,2025-08-11,15.5,NONE,
O003198,2024-07-27,2024-08-02,C0713,R07,Completed,Bank Transfer,Standard,2024-08-02,2024-08-02,8.5,SUMMER,
O003199,2025-07-11,2025-07-17,C0606,R04,Completed,Buy Now Pay Later,Standard,2025-07-17,2025-07-17,12,NONE,
O003200,2025-07-27,2025-08-05,C0499,R03,Completed,Card,Standard,2025-08-02,2025-08-05,13.5,BACK2WORK,
O003201,2025-09-14,2025-09-20,C0201,R02,Completed,Bank Transfer,Standard,2025-09-20,2025-09-20,8.5,NONE,
O003202,2024-04-24,2024-04-30,C0330,R03,Completed,Card,Standard,2024-04-30,2024-04-30,8.5,NONE,
O003203,2025-11-24,2025-11-30,C0161,R08,Completed,Card,Standard,2025-11-30,2025-11-30,10,HOLIDAY,
O003204,2025-05-27,2025-05-29,C0256,R05,Completed,Buy Now Pay Later,Express,2025-05-30,2025-05-29,15.5,NONE,
O003205,2024-10-08,2024-10-14,C0175,R03,Completed,Bank Transfer,Standard,2024-10-14,2024-10-14,13.5,NONE,
O003206,2024-07-16,2024-07-18,C0669,R07,Completed,Card,Express,2024-07-19,2024-07-18,17,NONE,
O003207,2024-12-01,2024-12-07,C0564,R03,Completed,Card,Standard,2024-12-07,2024-12-07,8.5,HOLIDAY,
O003208,2024-06-01,2024-06-07,C0039,R04,Completed,Card,Standard,2024-06-07,2024-06-07,11.5,NONE,
O003209,2024-03-15,2024-03-24,C0483,R06,Completed,Bank Transfer,Standard,2024-03-21,2024-03-24,10,NONE,
O003210,2024-05-17,2024-05-25,C0381,R02,Completed,Digital Wallet,Standard,2024-05-23,2024-05-25,20,NONE,
O003211,2025-02-01,2025-02-06,C0114,R05,Completed,Digital Wallet,Standard,2025-02-07,2025-02-06,12,SPRING,
O003212,2025-06-22,2025-06-29,C0570,R02,Returned,Buy Now Pay Later,Express,2025-06-25,2025-06-29,19,NONE,
O003213,2024-03-18,2024-03-24,C0262,R08,Completed,Buy Now Pay Later,Standard,2024-03-24,2024-03-24,8.5,NONE,
O003214,2024-01-06,2024-01-12,C0483,R06,Completed,Card,Standard,2024-01-12,2024-01-12,10,NONE,
O003215,2025-08-26,2025-08-31,C0077,R07,Completed,Card,Standard,2025-09-01,2025-08-31,8.5,NONE,
O003216,2024-09-12,2024-09-19,C0031,R07,Completed,Card,Standard,2024-09-18,2024-09-19,16.5,NONE,
O003217,2025-03-30,2025-04-05,C0409,R06,Completed,Buy Now Pay Later,Standard,2025-04-05,2025-04-05,11.5,NONE,
O003218,2024-03-31,2024-04-06,C0505,R02,Returned,Bank Transfer,Standard,2024-04-06,2024-04-06,12,NONE,
O003219,2025-10-26,2025-11-01,C0519,R03,Completed,Bank Transfer,Standard,2025-11-01,2025-11-01,12,NONE,
O003220,2024-02-16,2024-02-21,C0465,R04,Completed,Card,Standard,2024-02-22,2024-02-21,10,NONE,
O003221,2025-03-08,2025-03-13,C0201,R02,Completed,Digital Wallet,Standard,2025-03-14,2025-03-13,8.5,NONE,
O003222,2024-08-24,2024-08-30,C0707,R06,Completed,Digital Wallet,Standard,2024-08-30,2024-08-30,8.5,NONE,
O003223,2024-03-08,2024-03-13,C0540,R04,Returned,Digital Wallet,Standard,2024-03-14,2024-03-13,13.5,NONE,
O003224,2024-03-28,2024-04-07,C0580,R04,Completed,Card,Standard,2024-04-03,2024-04-07,12,NONE,
O003225,2025-07-12,2025-07-15,C0239,R04,Completed,Digital Wallet,Express,2025-07-15,2025-07-15,23.5,NONE,
O003226,2024-07-11,2024-07-14,C0473,R05,Completed,Card,Express,2024-07-14,2024-07-14,17,NONE,
O003227,2025-07-17,2025-07-19,C0489,R04,Completed,Card,Express,2025-07-20,2025-07-19,15.5,NONE,
O003228,2025-11-09,2025-11-15,C0705,R01,Completed,Digital Wallet,Standard,2025-11-15,2025-11-15,11.5,HOLIDAY,
O003229,2025-03-07,2025-03-12,C0474,R03,Completed,Bank Transfer,Standard,2025-03-13,2025-03-12,15,NONE,
O003230,2025-09-09,2025-09-15,C0586,R05,Completed,Bank Transfer,Standard,2025-09-15,2025-09-15,13.5,BACK2WORK,
O003231,2024-09-09,2024-09-11,C0591,R02,Completed,Bank Transfer,Express,2024-09-12,2024-09-11,23.5,NONE,
O003232,2025-11-26,2025-12-01,C0456,R03,Completed,Card,Standard,2025-12-02,2025-12-01,12,HOLIDAY,
O003233,2024-11-13,2024-11-19,C0052,R04,Completed,Card,Standard,2024-11-19,2024-11-19,10,HOLIDAY,
O003234,2024-09-17,2024-09-20,C0016,R05,Completed,Digital Wallet,Express,2024-09-20,2024-09-20,22,BACK2WORK,
O003235,2025-02-24,2025-02-26,C0220,R06,Completed,Bank Transfer,Express,2025-02-27,2025-02-26,17,NONE,
O003236,2024-06-22,2024-06-28,C0453,R07,Returned,Buy Now Pay Later,Standard,2024-06-28,2024-06-28,13.5,NONE,
O003237,2024-10-22,2024-10-29,C0174,R08,Completed,Card,Standard,2024-10-28,2024-10-29,11.5,NONE,
O003238,2024-01-03,2024-01-08,C0043,R01,Completed,Digital Wallet,Standard,2024-01-09,2024-01-08,12,NONE,
O003239,2024-07-27,2024-08-01,C0661,R07,Completed,Card,Standard,2024-08-02,2024-08-01,18.5,NONE,
O003240,2024-01-21,2024-01-28,C0370,R05,Completed,Bank Transfer,Standard,2024-01-27,2024-01-28,8.5,NONE,
O003241,2025-10-07,2025-10-13,C0490,R06,Completed,Digital Wallet,Standard,2025-10-13,2025-10-13,8.5,NONE,
O003242,2024-01-17,2024-01-22,C0289,R03,Completed,Card,Standard,2024-01-23,2024-01-22,10,NONE,
O003243,2024-03-17,2024-03-22,C0645,R03,Completed,Digital Wallet,Standard,2024-03-23,2024-03-22,8.5,NONE,
O003244,2025-12-30,2026-01-04,C0016,R05,Returned,Bank Transfer,Standard,2026-01-05,2026-01-04,11.5,HOLIDAY,
O003245,2025-02-28,2025-03-07,C0316,R06,Completed,Card,Standard,2025-03-06,2025-03-07,10,NONE,
O003246,2025-11-19,2025-11-24,C0509,R03,Completed,Digital Wallet,Standard,2025-11-25,2025-11-24,12,HOLIDAY,
O003247,2025-10-07,2025-10-17,C0271,R05,Completed,Card,Standard,2025-10-13,2025-10-17,10,NONE,
O003248,2025-02-02,2025-02-11,C0175,R03,Completed,Card,Standard,2025-02-08,2025-02-11,8.5,NONE,
O003249,2024-01-11,2024-01-17,C0104,R03,Completed,Card,Standard,2024-01-17,2024-01-17,8.5,NONE,
O003250,2024-02-25,2024-03-01,C0014,R05,Completed,Card,Standard,2024-03-02,2024-03-01,12,BACK2WORK,
O003251,2025-09-15,2025-09-23,C0499,R03,Completed,Card,Standard,2025-09-21,2025-09-23,12,NONE,
O003252,2025-09-04,2025-09-07,C0178,R01,Completed,Card,Express,2025-09-07,2025-09-07,17,BACK2WORK,
O003253,2025-03-07,2025-03-12,C0327,R04,Completed,Digital Wallet,Standard,2025-03-13,2025-03-12,17,NONE,
O003254,2025-04-12,2025-04-18,C0418,R04,Completed,Card,Standard,2025-04-18,2025-04-18,15,NONE,
O003255,2024-07-18,,C0373,R05,Cancelled,Digital Wallet,Express,,,27,NONE,Payment failure
O003256,2024-07-31,2024-08-05,C0342,R02,Completed,Card,Standard,2024-08-06,2024-08-05,13,NONE,
O003257,2025-12-01,2025-12-07,C0701,R03,Completed,Card,Standard,2025-12-07,2025-12-07,10,HOLIDAY,
O003258,2025-12-23,2025-12-29,C0321,R04,Completed,Card,Standard,2025-12-29,2025-12-29,13,HOLIDAY,
O003259,2024-06-26,2024-07-02,C0527,R02,Completed,Digital Wallet,Standard,2024-07-02,2024-07-02,13.5,NONE,
O003260,2025-05-04,2025-05-07,C0385,R05,Completed,Card,Express,2025-05-07,2025-05-07,15.5,SPRING,
O003261,2024-07-25,2024-07-31,C0541,R03,Completed,Buy Now Pay Later,Standard,2024-07-31,2024-07-31,13,NONE,
O003262,2025-04-28,2025-05-04,C0330,R03,Completed,Card,Standard,2025-05-04,2025-05-04,12,SUMMER,
O003263,2024-12-25,2024-12-29,C0339,R05,Completed,Card,Express,2024-12-28,2024-12-29,25.5,HOLIDAY,
O003264,2025-04-01,2025-04-07,C0498,R04,Completed,Digital Wallet,Standard,2025-04-07,2025-04-07,8.5,NONE,
O003265,2024-03-08,2024-03-13,C0684,R08,Completed,Digital Wallet,Standard,2024-03-14,2024-03-13,11.5,NONE,
O003266,2025-07-11,2025-07-16,C0067,R04,Returned,Card,Standard,2025-07-17,2025-07-16,10,BACK2WORK,
O003267,2025-06-24,2025-06-29,C0623,R08,Completed,Card,Standard,2025-06-30,2025-06-29,11.5,NONE,
O003268,2024-05-19,2024-05-27,C0687,R05,Completed,Card,Standard,2024-05-25,2024-05-27,13,SPRING,
O003269,2024-02-19,2024-02-24,C0517,R06,Completed,Card,Standard,2024-02-25,2024-02-24,10,NONE,
O003270,2024-03-25,2024-03-31,C0088,R01,Completed,Buy Now Pay Later,Standard,2024-03-31,2024-03-31,11.5,NONE,
O003271,2024-07-04,2024-07-09,C0234,R08,Completed,Card,Standard,2024-07-10,2024-07-09,13.5,NONE,
O003272,2024-06-16,2024-06-22,C0566,R04,Completed,Digital Wallet,Standard,2024-06-22,2024-06-22,12,NONE,
O003273,2024-08-03,2024-08-08,C0069,R05,Completed,Buy Now Pay Later,Standard,2024-08-09,2024-08-08,8.5,SPRING,
O003274,2025-07-15,2025-07-20,C0405,R06,Completed,Card,Standard,2025-07-21,2025-07-20,8.5,NONE,
O003275,2024-01-08,2024-01-14,C0143,R04,Completed,Digital Wallet,Standard,2024-01-14,2024-01-14,16.5,SUMMER,
O003276,2025-09-12,2025-09-18,C0016,R05,Completed,Card,Standard,2025-09-18,2025-09-18,8.5,NONE,
O003277,2025-10-07,2025-10-12,C0248,R07,Completed,Bank Transfer,Standard,2025-10-13,2025-10-12,12,SUMMER,
O003278,2024-02-07,2024-02-13,C0509,R03,Completed,Card,Standard,2024-02-13,2024-02-13,13.5,NONE,
O003279,2025-10-21,2025-10-27,C0292,R04,Completed,Digital Wallet,Standard,2025-10-27,2025-10-27,11.5,NONE,
O003280,2024-12-30,2025-01-05,C0715,R01,Completed,Bank Transfer,Standard,2025-01-05,2025-01-05,13.5,HOLIDAY,
O003281,2025-10-30,2025-11-04,C0135,R03,Completed,Buy Now Pay Later,Standard,2025-11-05,2025-11-04,8.5,NONE,
O003282,2025-01-18,2025-01-24,C0503,R01,Completed,Buy Now Pay Later,Standard,2025-01-24,2025-01-24,11.5,NONE,
O003283,2025-09-24,2025-10-01,C0688,R02,Completed,Card,Express,2025-09-27,2025-10-01,15.5,NONE,
O003284,2025-07-24,2025-07-30,C0431,R03,Completed,Digital Wallet,Standard,2025-07-30,2025-07-30,8.5,NONE,
O003285,2025-02-22,2025-03-01,C0178,R01,Completed,Bank Transfer,Standard,2025-02-28,2025-03-01,13.5,NONE,
O003286,2024-09-10,2024-09-16,C0063,R01,Completed,Card,Standard,2024-09-16,2024-09-16,8.5,NONE,
O003287,2025-08-01,2025-08-04,C0388,R03,Completed,Digital Wallet,Express,2025-08-04,2025-08-04,19,NONE,
O003288,2025-07-15,2025-07-25,C0086,R02,Completed,Digital Wallet,Standard,2025-07-21,2025-07-25,13.5,NONE,
O003289,2025-02-12,2025-02-18,C0343,R02,Completed,Card,Standard,2025-02-18,2025-02-18,11.5,NONE,
O003290,2025-08-13,2025-08-18,C0645,R03,Completed,Card,Standard,2025-08-19,2025-08-18,16.5,NONE,
O003291,2024-11-10,2024-11-15,C0339,R05,Completed,Card,Standard,2024-11-16,2024-11-15,13.5,HOLIDAY,
O003292,2024-03-20,2024-03-26,C0107,R08,Completed,Card,Standard,2024-03-26,2024-03-26,15,NONE,
O003293,2024-05-30,2024-06-02,C0477,R03,Completed,Card,Express,2024-06-02,2024-06-02,17,NONE,
O003294,2025-07-30,2025-08-04,C0645,R03,Completed,Bank Transfer,Standard,2025-08-05,2025-08-04,8.5,NONE,
O003295,2024-01-17,2024-01-19,C0320,R03,Completed,Bank Transfer,Express,2024-01-20,2024-01-19,17,NONE,
O003296,2025-08-18,2025-08-23,C0415,R06,Completed,Buy Now Pay Later,Standard,2025-08-24,2025-08-23,13.5,NONE,
O003297,2025-10-23,2025-10-29,C0680,R07,Completed,Bank Transfer,Standard,2025-10-29,2025-10-29,10,SPRING,
O003298,2025-06-10,2025-06-15,C0451,R05,Completed,Digital Wallet,Standard,2025-06-16,2025-06-15,10,NONE,
O003299,2024-12-02,2024-12-08,C0551,R01,Completed,Buy Now Pay Later,Standard,2024-12-08,2024-12-08,13.5,HOLIDAY,
O003300,2025-10-06,2025-10-12,C0636,R01,Completed,Card,Standard,2025-10-12,2025-10-12,8.5,NONE,
O003301,2024-07-17,2024-07-25,C0344,R07,Completed,Bank Transfer,Standard,2024-07-23,2024-07-25,12,NONE,
O003302,2024-12-25,2025-01-02,C0107,R08,Completed,Card,Standard,2024-12-31,2025-01-02,15,HOLIDAY,
O003303,2024-01-16,2024-01-22,C0580,R04,Completed,Card,Standard,2024-01-22,2024-01-22,12,NONE,
O003304,2025-07-13,2025-07-18,C0016,R05,Completed,Card,Standard,2025-07-19,2025-07-18,8.5,NONE,
O003305,2025-09-15,,C0537,R02,Cancelled,Card,Standard,,,12,NONE,Payment failure
O003306,2025-06-21,2025-06-26,C0570,R02,Completed,Bank Transfer,Standard,2025-06-27,2025-06-26,8.5,NONE,
O003307,2025-04-07,2025-04-13,C0178,R01,Completed,Digital Wallet,Standard,2025-04-13,2025-04-13,10,NONE,
O003308,2025-03-12,2025-03-15,C0035,R06,Completed,Card,Express,2025-03-15,2025-03-15,17,NONE,
O003309,2025-09-24,2025-09-30,C0333,R05,Returned,Bank Transfer,Standard,2025-09-30,2025-09-30,12,BACK2WORK,
O003310,2025-07-06,2025-07-12,C0391,R01,Completed,Card,Standard,2025-07-12,2025-07-12,8.5,SPRING,
O003311,2024-01-20,2024-01-26,C0551,R01,Completed,Card,Standard,2024-01-26,2024-01-26,8.5,NONE,
O003312,2025-04-10,2025-04-15,C0685,R02,Completed,Card,Standard,2025-04-16,2025-04-15,11.5,NONE,
O003313,2025-11-29,2025-12-05,C0412,R04,Completed,Bank Transfer,Standard,2025-12-05,2025-12-05,10,HOLIDAY,
O003314,2025-10-24,2025-10-26,C0683,R06,Returned,Bank Transfer,Express,2025-10-27,2025-10-26,15.5,NONE,
O003315,2024-10-31,2024-11-02,C0546,R06,Completed,Bank Transfer,Express,2024-11-03,2024-11-02,20.5,SPRING,
O003316,2024-05-01,2024-05-08,C0557,R05,Returned,Bank Transfer,Standard,2024-05-07,2024-05-08,15,NONE,
O003317,2024-02-24,2024-03-04,C0081,R05,Completed,Card,Standard,2024-03-01,2024-03-04,16.5,NONE,
O003318,2024-04-08,2024-04-15,C0323,R08,Completed,Card,Standard,2024-04-14,2024-04-15,12,NONE,
O003319,2025-08-22,2025-08-24,C0375,R04,Completed,Bank Transfer,Express,2025-08-25,2025-08-24,20,NONE,
O003320,2024-03-02,2024-03-08,C0063,R01,Completed,Bank Transfer,Standard,2024-03-08,2024-03-08,12,NONE,
O003321,2024-08-23,2024-08-29,C0086,R02,Completed,Card,Standard,2024-08-29,2024-08-29,13.5,NONE,
O003322,2025-10-01,2025-10-11,C0526,R02,Completed,Buy Now Pay Later,Standard,2025-10-07,2025-10-11,10,NONE,
O003323,2024-06-09,2024-06-15,C0074,R05,Completed,Card,Standard,2024-06-15,2024-06-15,8.5,NONE,
O003324,2025-04-27,2025-05-03,C0691,R03,Completed,Buy Now Pay Later,Standard,2025-05-03,2025-05-03,12,NONE,
O003325,2025-09-26,2025-10-02,C0044,R06,Completed,Digital Wallet,Standard,2025-10-02,2025-10-02,8.5,NONE,
O003326,2025-04-17,2025-04-23,C0254,R02,Completed,Bank Transfer,Standard,2025-04-23,2025-04-23,12,NONE,
O003327,2024-11-14,2024-11-23,C0048,R08,Completed,Card,Standard,2024-11-20,2024-11-23,8.5,HOLIDAY,
O003328,2025-04-30,2025-05-05,C0456,R03,Returned,Card,Standard,2025-05-06,2025-05-05,8.5,SPRING,
O003329,2025-03-19,2025-03-24,C0666,R04,Completed,Digital Wallet,Standard,2025-03-25,2025-03-24,10,SUMMER,
O003330,2025-07-06,2025-07-09,C0652,R06,Completed,Digital Wallet,Express,2025-07-09,2025-07-09,17,NONE,
O003331,2024-12-22,2024-12-28,C0393,R05,Completed,Card,Standard,2024-12-28,2024-12-28,13.5,HOLIDAY,
O003332,2025-09-26,2025-10-01,C0558,R05,Completed,Card,Standard,2025-10-02,2025-10-01,13.5,NONE,
O003333,2024-04-22,2024-04-28,C0701,R03,Completed,Card,Standard,2024-04-28,2024-04-28,10,SUMMER,
O003334,2024-10-28,2024-11-02,C0404,R06,Completed,Card,Standard,2024-11-03,2024-11-02,11.5,NONE,
O003335,2025-03-06,2025-03-08,C0183,R07,Completed,Card,Express,2025-03-09,2025-03-08,19,NONE,
O003336,2024-11-17,2024-11-22,C0473,R05,Completed,Digital Wallet,Standard,2024-11-23,2024-11-22,11.5,HOLIDAY,
O003337,2025-03-07,2025-03-12,C0571,R06,Completed,Digital Wallet,Standard,2025-03-13,2025-03-12,11.5,BACK2WORK,
O003338,2024-08-19,2024-08-24,C0425,R07,Completed,Digital Wallet,Standard,2024-08-25,2024-08-24,11.5,NONE,
O003339,2024-01-15,2024-01-21,C0337,R03,Completed,Digital Wallet,Standard,2024-01-21,2024-01-21,15,NONE,
O003340,2024-07-16,2024-07-22,C0149,R08,Completed,Bank Transfer,Standard,2024-07-22,2024-07-22,8.5,NONE,
O003341,2025-07-15,2025-07-21,C0664,R03,Completed,Card,Standard,2025-07-21,2025-07-21,8.5,NONE,
O003342,2024-03-21,2024-03-24,C0519,R03,Completed,Card,Express,2024-03-24,2024-03-24,25.5,NONE,
O003343,2025-09-13,2025-09-19,C0052,R04,Completed,Bank Transfer,Standard,2025-09-19,2025-09-19,10,NONE,
O003344,2025-11-14,2025-11-20,C0071,R06,Completed,Digital Wallet,Standard,2025-11-20,2025-11-20,8.5,HOLIDAY,
O003345,2025-12-05,2025-12-11,C0672,R01,Completed,Digital Wallet,Standard,2025-12-11,2025-12-11,12,HOLIDAY,
O003346,2024-02-17,2024-02-22,C0661,R07,Completed,Card,Standard,2024-02-23,2024-02-22,10,SPRING,
O003347,2025-07-23,2025-07-29,C0707,R06,Completed,Bank Transfer,Standard,2025-07-29,2025-07-29,8.5,NONE,
O003348,2025-03-01,2025-03-06,C0509,R03,Completed,Card,Standard,2025-03-07,2025-03-06,20,NONE,
O003349,2025-11-02,2025-11-08,C0069,R05,Completed,Card,Standard,2025-11-08,2025-11-08,10,HOLIDAY,
O003350,2025-03-31,,C0422,R02,Cancelled,Digital Wallet,Express,,,15.5,NONE,Inventory unavailable
O003351,2025-05-20,2025-05-28,C0316,R06,Completed,Bank Transfer,Standard,2025-05-26,2025-05-28,11.5,SPRING,
O003352,2025-03-25,2025-03-30,C0411,R01,Returned,Card,Standard,2025-03-31,2025-03-30,10,NONE,
O003353,2025-02-14,2025-02-19,C0390,R04,Completed,Card,Standard,2025-02-20,2025-02-19,8.5,BACK2WORK,
O003354,2024-05-23,2024-05-29,C0546,R06,Completed,Bank Transfer,Standard,2024-05-29,2024-05-29,8.5,NONE,
O003355,2024-01-31,2024-02-10,C0703,R02,Completed,Buy Now Pay Later,Standard,2024-02-06,2024-02-10,8.5,NONE,
O003356,2025-06-04,2025-06-11,C0637,R04,Completed,Digital Wallet,Standard,2025-06-10,2025-06-11,8.5,NONE,
O003357,2024-03-29,2024-04-01,C0302,R05,Completed,Digital Wallet,Express,2024-04-01,2024-04-01,15.5,NONE,
O003358,2025-09-06,2025-09-12,C0406,R04,Completed,Digital Wallet,Standard,2025-09-12,2025-09-12,13.5,SPRING,
O003359,2025-02-09,2025-02-15,C0652,R06,Completed,Card,Standard,2025-02-15,2025-02-15,13.5,NONE,
O003360,2025-06-09,2025-06-14,C0454,R05,Completed,Digital Wallet,Standard,2025-06-15,2025-06-14,13.5,NONE,
O003361,2024-12-20,2024-12-25,C0161,R08,Completed,Bank Transfer,Standard,2024-12-26,2024-12-25,10,HOLIDAY,
O003362,2024-10-18,2024-10-28,C0405,R06,Completed,Card,Standard,2024-10-24,2024-10-28,15,NONE,
O003363,2024-11-05,2024-11-11,C0248,R07,Completed,Card,Standard,2024-11-11,2024-11-11,8.5,HOLIDAY,
O003364,2024-04-16,2024-04-19,C0070,R03,Completed,Card,Express,2024-04-19,2024-04-19,19,NONE,
O003365,2024-12-01,2024-12-06,C0714,R01,Completed,Digital Wallet,Standard,2024-12-07,2024-12-06,8.5,HOLIDAY,
O003366,2024-10-02,2024-10-08,C0461,R07,Completed,Digital Wallet,Standard,2024-10-08,2024-10-08,11.5,NONE,
O003367,2024-03-01,2024-03-06,C0536,R03,Completed,Card,Standard,2024-03-07,2024-03-06,12,NONE,
O003368,2025-10-02,2025-10-04,C0417,R07,Returned,Buy Now Pay Later,Express,2025-10-05,2025-10-04,20,NONE,
O003369,2024-08-02,2024-08-07,C0026,R06,Completed,Digital Wallet,Standard,2024-08-08,2024-08-07,8.5,NONE,
O003370,2024-08-26,2024-09-01,C0348,R05,Completed,Digital Wallet,Standard,2024-09-01,2024-09-01,10,NONE,
O003371,2024-11-03,2024-11-09,C0519,R03,Completed,Digital Wallet,Standard,2024-11-09,2024-11-09,10,HOLIDAY,
O003372,2025-06-02,2025-06-04,C0153,R04,Completed,Card,Express,2025-06-05,2025-06-04,15.5,NONE,
O003373,2024-04-18,2024-04-24,C0343,R02,Completed,Card,Standard,2024-04-24,2024-04-24,10,NONE,
O003374,2024-02-03,,C0692,R04,Cancelled,Buy Now Pay Later,Standard,,,8.5,NONE,Payment failure
O003375,2024-07-18,2024-07-28,C0475,R08,Completed,Card,Standard,2024-07-24,2024-07-28,10,SUMMER,
O003376,2024-02-13,2024-02-19,C0563,R02,Completed,Card,Standard,2024-02-19,2024-02-19,8.5,NONE,
O003377,2024-11-17,2024-11-22,C0238,R04,Completed,Digital Wallet,Standard,2024-11-23,2024-11-22,16.5,HOLIDAY,
O003378,2024-11-24,2024-12-03,C0216,R08,Completed,Bank Transfer,Standard,2024-11-30,2024-12-03,8.5,HOLIDAY,
O003379,2024-02-08,2024-02-10,C0613,R02,Completed,Card,Express,2024-02-11,2024-02-10,20.5,NONE,
O003380,2024-12-28,2025-01-03,C0175,R03,Completed,Card,Standard,2025-01-03,2025-01-03,10,HOLIDAY,
O003381,2024-11-06,2024-11-12,C0016,R05,Completed,Bank Transfer,Standard,2024-11-12,2024-11-12,10,HOLIDAY,
O003382,2024-07-31,2024-08-05,C0687,R05,Completed,Card,Standard,2024-08-06,2024-08-05,10,BACK2WORK,
O003383,2025-09-27,2025-10-03,C0666,R04,Completed,Digital Wallet,Standard,2025-10-03,2025-10-03,12,NONE,
O003384,2025-05-04,,C0114,R05,Cancelled,Bank Transfer,Standard,,,11.5,NONE,Customer changed mind
O003385,2025-11-30,2025-12-05,C0687,R05,Completed,Digital Wallet,Standard,2025-12-06,2025-12-05,12,HOLIDAY,
O003386,2024-11-09,2024-11-11,C0689,R03,Completed,Card,Express,2024-11-12,2024-11-11,18.5,HOLIDAY,
O003387,2024-03-01,2024-03-03,C0221,R06,Completed,Card,Express,2024-03-04,2024-03-03,27,NONE,
O003388,2025-02-23,2025-02-28,C0178,R01,Completed,Digital Wallet,Standard,2025-03-01,2025-02-28,8.5,SUMMER,
O003389,2025-01-13,2025-01-19,C0253,R03,Completed,Bank Transfer,Standard,2025-01-19,2025-01-19,11.5,NONE,
O003390,2025-03-03,2025-03-06,C0345,R04,Completed,Digital Wallet,Express,2025-03-06,2025-03-06,22,NONE,
O003391,2024-09-14,,C0294,R08,Cancelled,Bank Transfer,Standard,,,8.5,NONE,Inventory unavailable
O003392,2024-02-23,2024-02-28,C0326,R07,Completed,Card,Standard,2024-02-29,2024-02-28,10,NONE,
O003393,2024-02-29,2024-03-10,C0611,R01,Completed,Digital Wallet,Standard,2024-03-06,2024-03-10,15,NONE,
O003394,2025-03-21,2025-03-27,C0001,R05,Completed,Digital Wallet,Standard,2025-03-27,2025-03-27,8.5,NONE,
O003395,2024-05-06,2024-05-16,C0491,R04,Completed,Card,Standard,2024-05-12,2024-05-16,8.5,NONE,
O003396,2024-06-06,2024-06-12,C0480,R03,Completed,Card,Standard,2024-06-12,2024-06-12,10,NONE,
O003397,2024-07-04,2024-07-09,C0052,R04,Completed,Card,Standard,2024-07-10,2024-07-09,13.5,SUMMER,
O003398,2024-10-20,2024-10-30,C0420,R04,Completed,Bank Transfer,Standard,2024-10-26,2024-10-30,13.5,NONE,
O003399,2024-09-14,2024-09-19,C0273,R02,Completed,Card,Standard,2024-09-20,2024-09-19,10,NONE,
O003400,2024-12-27,2025-01-01,C0343,R02,Completed,Bank Transfer,Standard,2025-01-02,2025-01-01,16.5,HOLIDAY,
O003401,2024-09-22,2024-10-02,C0563,R02,Completed,Digital Wallet,Standard,2024-09-28,2024-10-02,15,NONE,
O003402,2024-12-18,2024-12-21,C0016,R05,Completed,Card,Express,2024-12-21,2024-12-21,19,HOLIDAY,
O003403,2025-11-01,2025-11-11,C0349,R03,Completed,Digital Wallet,Standard,2025-11-07,2025-11-11,12,HOLIDAY,
O003404,2025-11-04,2025-11-10,C0494,R03,Completed,Card,Standard,2025-11-10,2025-11-10,13.5,HOLIDAY,
O003405,2025-11-02,2025-11-07,C0278,R02,Completed,Card,Standard,2025-11-08,2025-11-07,8.5,HOLIDAY,
O003406,2024-06-30,2024-07-09,C0404,R06,Completed,Bank Transfer,Standard,2024-07-06,2024-07-09,13.5,NONE,
O003407,2024-09-08,2024-09-13,C0094,R01,Completed,Card,Standard,2024-09-14,2024-09-13,8.5,NONE,
O003408,2024-12-26,2024-12-28,C0645,R03,Completed,Digital Wallet,Express,2024-12-29,2024-12-28,15.5,HOLIDAY,
O003409,2025-07-14,2025-07-19,C0295,R03,Completed,Card,Standard,2025-07-20,2025-07-19,10,NONE,
O003410,2025-02-08,2025-02-13,C0086,R02,Completed,Card,Standard,2025-02-14,2025-02-13,8.5,NONE,
O003411,2024-11-07,2024-11-13,C0213,R03,Completed,Card,Standard,2024-11-13,2024-11-13,17,HOLIDAY,
O003412,2024-06-17,2024-06-22,C0069,R05,Completed,Bank Transfer,Standard,2024-06-23,2024-06-22,11.5,NONE,
O003413,2024-04-28,2024-05-04,C0498,R04,Completed,Bank Transfer,Standard,2024-05-04,2024-05-04,8.5,NONE,
O003414,2025-06-16,2025-06-25,C0001,R05,Completed,Buy Now Pay Later,Standard,2025-06-22,2025-06-25,18.5,SUMMER,
O003415,2024-08-11,2024-08-16,C0159,R04,Completed,Buy Now Pay Later,Standard,2024-08-17,2024-08-16,8.5,NONE,
O003416,2025-01-16,2025-01-22,C0337,R03,Completed,Card,Standard,2025-01-22,2025-01-22,16.5,NONE,
O003417,2024-09-10,2024-09-16,C0276,R05,Returned,Card,Standard,2024-09-16,2024-09-16,15,NONE,
O003418,2024-06-14,2024-06-24,C0651,R01,Completed,Bank Transfer,Standard,2024-06-20,2024-06-24,8.5,NONE,
O003419,2024-10-07,,C0509,R03,Cancelled,Card,Standard,,,10,NONE,Payment failure
O003420,2024-07-27,2024-08-01,C0348,R05,Returned,Card,Standard,2024-08-02,2024-08-01,10,NONE,
O003421,2024-08-16,2024-08-22,C0351,R01,Completed,Buy Now Pay Later,Standard,2024-08-22,2024-08-22,11.5,NONE,
O003422,2024-04-30,2024-05-05,C0067,R04,Completed,Card,Standard,2024-05-06,2024-05-05,8.5,SUMMER,
O003423,2024-05-12,2024-05-18,C0611,R01,Completed,Card,Standard,2024-05-18,2024-05-18,8.5,NONE,
O003424,2024-01-23,2024-01-28,C0591,R02,Completed,Card,Standard,2024-01-29,2024-01-28,13.5,NONE,
O003425,2024-08-18,2024-08-24,C0400,R05,Completed,Card,Express,2024-08-21,2024-08-24,20.5,NONE,
O003426,2024-10-12,2024-10-17,C0701,R03,Completed,Card,Standard,2024-10-18,2024-10-17,10,SUMMER,
O003427,2024-01-29,2024-02-04,C0094,R01,Completed,Card,Standard,2024-02-04,2024-02-04,10,NONE,
O003428,2025-10-18,2025-10-23,C0325,R01,Completed,Card,Standard,2025-10-24,2025-10-23,8.5,NONE,
O003429,2025-03-11,2025-03-17,C0460,R03,Completed,Digital Wallet,Standard,2025-03-17,2025-03-17,8.5,NONE,
O003430,2025-02-26,2025-03-04,C0479,R04,Completed,Bank Transfer,Standard,2025-03-04,2025-03-04,8.5,SPRING,
O003431,2025-07-22,2025-07-27,C0527,R02,Completed,Digital Wallet,Standard,2025-07-28,2025-07-27,8.5,NONE,
O003432,2025-10-09,2025-10-14,C0247,R01,Completed,Bank Transfer,Standard,2025-10-15,2025-10-14,11.5,NONE,
O003433,2024-01-03,2024-01-06,C0278,R02,Completed,Card,Express,2024-01-06,2024-01-06,17,SUMMER,
O003434,2025-01-23,2025-01-31,C0216,R08,Completed,Digital Wallet,Standard,2025-01-29,2025-01-31,13.5,NONE,
O003435,2025-03-23,2025-03-29,C0212,R01,Completed,Digital Wallet,Standard,2025-03-29,2025-03-29,12,NONE,
O003436,2025-11-13,2025-11-18,C0414,R04,Completed,Buy Now Pay Later,Standard,2025-11-19,2025-11-18,8.5,HOLIDAY,
O003437,2024-11-04,2024-11-10,C0448,R05,Completed,Card,Standard,2024-11-10,2024-11-10,11.5,HOLIDAY,
O003438,2025-04-28,2025-05-03,C0679,R01,Completed,Bank Transfer,Express,2025-05-01,2025-05-03,15.5,NONE,
O003439,2024-01-01,2024-01-07,C0522,R08,Completed,Bank Transfer,Standard,2024-01-07,2024-01-07,8.5,NONE,
O003440,2025-09-11,2025-09-17,C0081,R05,Completed,Buy Now Pay Later,Standard,2025-09-17,2025-09-17,11.5,NONE,
O003441,2024-11-10,2024-11-15,C0366,R07,Completed,Buy Now Pay Later,Standard,2024-11-16,2024-11-15,10,HOLIDAY,
O003442,2025-01-20,2025-01-25,C0497,R02,Completed,Digital Wallet,Standard,2025-01-26,2025-01-25,10,NONE,
O003443,2025-02-07,2025-02-13,C0070,R03,Completed,Digital Wallet,Standard,2025-02-13,2025-02-13,15,NONE,
O003444,2024-09-01,2024-09-07,C0346,R06,Completed,Card,Standard,2024-09-07,2024-09-07,10,NONE,
O003445,2025-11-06,2025-11-12,C0144,R04,Completed,Buy Now Pay Later,Standard,2025-11-12,2025-11-12,8.5,HOLIDAY,
O003446,2025-03-14,2025-03-19,C0304,R01,Completed,Card,Standard,2025-03-20,2025-03-19,13.5,NONE,
O003447,2025-01-16,2025-01-18,C0517,R06,Completed,Digital Wallet,Express,2025-01-19,2025-01-18,17,SPRING,
O003448,2025-06-19,2025-06-24,C0530,R01,Completed,Bank Transfer,Standard,2025-06-25,2025-06-24,10,NONE,
O003449,2025-07-11,2025-07-16,C0052,R04,Completed,Digital Wallet,Standard,2025-07-17,2025-07-16,8.5,SPRING,
O003450,2024-03-18,2024-03-24,C0473,R05,Completed,Buy Now Pay Later,Standard,2024-03-24,2024-03-24,8.5,NONE,
O003451,2024-03-08,2024-03-10,C0081,R05,Completed,Bank Transfer,Express,2024-03-11,2024-03-10,15.5,NONE,
O003452,2024-01-14,2024-01-20,C0058,R01,Returned,Card,Standard,2024-01-20,2024-01-20,13.5,NONE,
O003453,2024-03-06,2024-03-12,C0611,R01,Completed,Card,Standard,2024-03-12,2024-03-12,8.5,SPRING,
O003454,2025-09-09,2025-09-14,C0070,R03,Completed,Digital Wallet,Standard,2025-09-15,2025-09-14,13.5,NONE,
O003455,2024-09-30,2024-10-05,C0715,R01,Completed,Card,Standard,2024-10-06,2024-10-05,10,NONE,
O003456,2025-06-16,2025-06-22,C0031,R07,Completed,Buy Now Pay Later,Standard,2025-06-22,2025-06-22,10,NONE,
O003457,2025-10-20,2025-10-28,C0538,R04,Completed,Card,Standard,2025-10-26,2025-10-28,11.5,NONE,
O003458,2024-02-28,2024-03-05,C0571,R06,Completed,Bank Transfer,Standard,2024-03-05,2024-03-05,8.5,BACK2WORK,
O003459,2025-01-12,2025-01-18,C0383,R03,Returned,Card,Standard,2025-01-18,2025-01-18,23.5,NONE,
O003460,2024-12-15,2024-12-20,C0669,R07,Completed,Card,Standard,2024-12-21,2024-12-20,10,HOLIDAY,
O003461,2025-03-09,2025-03-14,C0554,R04,Completed,Card,Standard,2025-03-15,2025-03-14,8.5,NONE,
O003462,2025-10-03,2025-10-08,C0074,R05,Completed,Card,Standard,2025-10-09,2025-10-08,12,NONE,
O003463,2025-12-28,2026-01-03,C0498,R04,Completed,Bank Transfer,Standard,2026-01-03,2026-01-03,12,HOLIDAY,
O003464,2025-02-21,2025-02-26,C0713,R07,Completed,Buy Now Pay Later,Standard,2025-02-27,2025-02-26,8.5,NONE,
O003465,2025-11-20,2025-11-22,C0514,R04,Returned,Digital Wallet,Express,2025-11-23,2025-11-22,19,HOLIDAY,
O003466,2024-06-14,2024-06-20,C0428,R05,Completed,Card,Standard,2024-06-20,2024-06-20,12,NONE,
O003467,2025-07-24,2025-07-30,C0464,R06,Completed,Card,Standard,2025-07-30,2025-07-30,11.5,NONE,
O003468,2025-11-09,2025-11-15,C0226,R02,Completed,Card,Standard,2025-11-15,2025-11-15,11.5,HOLIDAY,
O003469,2025-01-24,2025-01-29,C0330,R03,Completed,Card,Standard,2025-01-30,2025-01-29,13.5,NONE,
O003470,2024-10-03,2024-10-07,C0495,R04,Completed,Card,Express,2024-10-06,2024-10-07,20.5,NONE,
O003471,2025-05-20,2025-05-28,C0004,R03,Completed,Digital Wallet,Standard,2025-05-26,2025-05-28,10,NONE,
O003472,2025-08-03,2025-08-08,C0329,R04,Completed,Card,Express,2025-08-06,2025-08-08,20.5,BACK2WORK,
O003473,2025-04-19,2025-04-25,C0689,R03,Returned,Digital Wallet,Standard,2025-04-25,2025-04-25,12,NONE,
O003474,2025-07-27,2025-08-02,C0238,R04,Completed,Card,Standard,2025-08-02,2025-08-02,17,NONE,
O003475,2025-05-13,2025-05-18,C0226,R02,Completed,Bank Transfer,Standard,2025-05-19,2025-05-18,15,SUMMER,
O003476,2025-09-11,2025-09-17,C0063,R01,Completed,Card,Standard,2025-09-17,2025-09-17,8.5,BACK2WORK,
O003477,2025-07-08,2025-07-13,C0569,R06,Completed,Bank Transfer,Standard,2025-07-14,2025-07-13,8.5,NONE,
O003478,2024-12-29,2024-12-31,C0318,R02,Completed,Card,Express,2025-01-01,2024-12-31,15.5,HOLIDAY,
O003479,2025-11-14,2025-11-19,C0676,R03,Completed,Bank Transfer,Standard,2025-11-20,2025-11-19,12,HOLIDAY,
O003480,2025-07-16,2025-07-21,C0645,R03,Completed,Card,Standard,2025-07-22,2025-07-21,13,NONE,
O003481,2024-08-05,2024-08-07,C0323,R08,Returned,Bank Transfer,Express,2024-08-08,2024-08-07,20.5,NONE,
O003482,2025-11-11,2025-11-18,C0595,R04,Completed,Card,Standard,2025-11-17,2025-11-18,8.5,HOLIDAY,
O003483,2025-06-10,2025-06-16,C0400,R05,Completed,Bank Transfer,Standard,2025-06-16,2025-06-16,10,NONE,
O003484,2024-12-04,2024-12-10,C0074,R05,Completed,Card,Standard,2024-12-10,2024-12-10,8.5,HOLIDAY,
O003485,2025-06-04,2025-06-14,C0482,R01,Completed,Digital Wallet,Standard,2025-06-10,2025-06-14,10,NONE,
O003486,2025-09-05,2025-09-10,C0090,R03,Completed,Card,Standard,2025-09-11,2025-09-10,12,SUMMER,
O003487,2025-09-05,2025-09-10,C0178,R01,Completed,Buy Now Pay Later,Express,2025-09-08,2025-09-10,19,NONE,
O003488,2024-12-04,2024-12-10,C0320,R03,Completed,Buy Now Pay Later,Standard,2024-12-10,2024-12-10,13.5,HOLIDAY,
O003489,2025-08-17,2025-08-22,C0566,R04,Completed,Digital Wallet,Standard,2025-08-23,2025-08-22,12,BACK2WORK,
O003490,2025-11-13,2025-11-23,C0236,R04,Completed,Digital Wallet,Standard,2025-11-19,2025-11-23,12,HOLIDAY,
O003491,2025-09-26,2025-10-04,C0412,R04,Completed,Card,Standard,2025-10-02,2025-10-04,13.5,NONE,
O003492,2024-01-07,2024-01-13,C0043,R01,Completed,Card,Standard,2024-01-13,2024-01-13,13.5,NONE,
O003493,2024-05-26,2024-05-31,C0683,R06,Completed,Card,Standard,2024-06-01,2024-05-31,8.5,NONE,
O003494,2024-06-08,2024-06-14,C0429,R02,Completed,Buy Now Pay Later,Standard,2024-06-14,2024-06-14,10,NONE,
O003495,2025-01-06,2025-01-12,C0144,R04,Completed,Digital Wallet,Standard,2025-01-12,2025-01-12,11.5,NONE,
O003496,2024-07-26,2024-07-29,C0035,R06,Completed,Card,Express,2024-07-29,2024-07-29,15.5,BACK2WORK,
O003497,2025-01-25,2025-01-30,C0695,R08,Completed,Card,Standard,2025-01-31,2025-01-30,10,NONE,
O003498,2024-05-27,2024-06-02,C0330,R03,Completed,Buy Now Pay Later,Standard,2024-06-02,2024-06-02,8.5,SPRING,
O003499,2024-05-09,2024-05-15,C0428,R05,Completed,Card,Standard,2024-05-15,2024-05-15,13.5,NONE,
O003500,2025-10-05,2025-10-10,C0455,R06,Returned,Digital Wallet,Standard,2025-10-11,2025-10-10,8.5,NONE,
O003501,2024-04-29,2024-05-06,C0043,R01,Completed,Digital Wallet,Standard,2024-05-05,2024-05-06,8.5,NONE,
O003502,2025-07-02,2025-07-07,C0706,R03,Returned,Bank Transfer,Standard,2025-07-08,2025-07-07,16.5,NONE,
O003503,2024-04-11,2024-04-17,C0615,R06,Completed,Buy Now Pay Later,Standard,2024-04-17,2024-04-17,12,NONE,
O003504,2025-10-22,2025-10-27,C0530,R01,Completed,Buy Now Pay Later,Standard,2025-10-28,2025-10-27,8.5,NONE,
O003505,2024-08-04,2024-08-10,C0001,R05,Completed,Card,Standard,2024-08-10,2024-08-10,11.5,NONE,
O003506,2025-05-20,2025-05-25,C0661,R07,Completed,Card,Standard,2025-05-26,2025-05-25,13.5,NONE,
O003507,2025-04-09,2025-04-17,C0155,R06,Returned,Card,Standard,2025-04-15,2025-04-17,12,NONE,
O003508,2024-04-05,2024-04-11,C0049,R04,Completed,Digital Wallet,Standard,2024-04-11,2024-04-11,15,NONE,
O003509,2025-11-19,2025-11-24,C0542,R01,Completed,Card,Standard,2025-11-25,2025-11-24,10,HOLIDAY,
O003510,2024-12-08,2024-12-13,C0332,R06,Completed,Card,Standard,2024-12-14,2024-12-13,10,HOLIDAY,
O003511,2025-06-04,2025-06-09,C0226,R02,Completed,Buy Now Pay Later,Standard,2025-06-10,2025-06-09,8.5,NONE,
O003512,2025-08-29,2025-09-03,C0546,R06,Completed,Card,Standard,2025-09-04,2025-09-03,8.5,NONE,
O003513,2025-04-25,2025-04-30,C0581,R06,Completed,Card,Standard,2025-05-01,2025-04-30,16.5,SUMMER,
O003514,2025-11-16,2025-11-21,C0557,R05,Completed,Bank Transfer,Standard,2025-11-22,2025-11-21,10,HOLIDAY,
O003515,2024-12-31,2025-01-05,C0451,R05,Completed,Card,Standard,2025-01-06,2025-01-05,8.5,HOLIDAY,
O003516,2025-04-04,2025-04-09,C0570,R02,Completed,Card,Standard,2025-04-10,2025-04-09,8.5,NONE,
O003517,2025-01-17,2025-01-23,C0611,R01,Completed,Card,Standard,2025-01-23,2025-01-23,8.5,NONE,
O003518,2024-02-10,2024-02-17,C0548,R03,Completed,Digital Wallet,Standard,2024-02-16,2024-02-17,17,NONE,
O003519,2025-12-08,2025-12-13,C0707,R06,Completed,Digital Wallet,Standard,2025-12-14,2025-12-13,8.5,HOLIDAY,
O003520,2024-01-13,2024-01-20,C0526,R02,Completed,Card,Standard,2024-01-19,2024-01-20,10,NONE,
O003521,2024-01-30,2024-02-05,C0360,R02,Completed,Digital Wallet,Standard,2024-02-05,2024-02-05,10,BACK2WORK,
O003522,2025-04-20,2025-04-24,C0530,R01,Returned,Card,Express,2025-04-23,2025-04-24,22,NONE,
O003523,2024-11-09,2024-11-12,C0125,R07,Completed,Bank Transfer,Express,2024-11-12,2024-11-12,15.5,HOLIDAY,
O003524,2024-10-13,2024-10-16,C0653,R03,Completed,Card,Express,2024-10-16,2024-10-16,15.5,NONE,
O003525,2025-12-08,2025-12-15,C0174,R08,Completed,Digital Wallet,Express,2025-12-11,2025-12-15,25.5,HOLIDAY,
O003526,2025-01-03,2025-01-08,C0253,R03,Completed,Bank Transfer,Standard,2025-01-09,2025-01-08,8.5,BACK2WORK,
O003527,2025-05-13,2025-05-23,C0364,R03,Completed,Bank Transfer,Standard,2025-05-19,2025-05-23,8.5,BACK2WORK,
O003528,2025-07-19,2025-07-24,C0006,R08,Completed,Bank Transfer,Standard,2025-07-25,2025-07-24,8.5,NONE,
O003529,2024-11-26,2024-12-02,C0213,R03,Completed,Digital Wallet,Standard,2024-12-02,2024-12-02,8.5,HOLIDAY,
O003530,2024-05-20,2024-05-26,C0431,R03,Completed,Buy Now Pay Later,Standard,2024-05-26,2024-05-26,8.5,NONE,
O003531,2025-05-27,2025-06-01,C0483,R06,Completed,Digital Wallet,Standard,2025-06-02,2025-06-01,10,NONE,
O003532,2025-05-09,2025-05-15,C0687,R05,Completed,Card,Standard,2025-05-15,2025-05-15,8.5,NONE,
O003533,2025-05-29,2025-06-04,C0512,R05,Completed,Bank Transfer,Standard,2025-06-04,2025-06-04,8.5,NONE,
O003534,2025-11-27,,C0348,R05,Cancelled,Card,Standard,,,10,HOLIDAY,Payment failure
O003535,2025-12-03,2025-12-08,C0049,R04,Completed,Card,Standard,2025-12-09,2025-12-08,12,HOLIDAY,
O003536,2025-12-30,2026-01-02,C0161,R08,Completed,Card,Express,2026-01-02,2026-01-02,15.5,HOLIDAY,
O003537,2025-10-28,,C0230,R05,Cancelled,Digital Wallet,Standard,,,10,BACK2WORK,Payment failure
O003538,2024-03-28,2024-03-31,C0001,R05,Completed,Buy Now Pay Later,Express,2024-03-31,2024-03-31,19,NONE,
O003539,2025-12-27,2026-01-06,C0212,R01,Completed,Digital Wallet,Standard,2026-01-02,2026-01-06,8.5,HOLIDAY,
O003540,2025-04-14,2025-04-19,C0407,R05,Completed,Card,Standard,2025-04-20,2025-04-19,8.5,NONE,
O003541,2025-03-12,2025-03-18,C0104,R03,Completed,Buy Now Pay Later,Standard,2025-03-18,2025-03-18,8.5,NONE,
O003542,2024-03-29,2024-04-03,C0551,R01,Completed,Digital Wallet,Standard,2024-04-04,2024-04-03,10,NONE,
O003543,2025-04-27,2025-05-03,C0571,R06,Returned,Bank Transfer,Standard,2025-05-03,2025-05-03,11.5,NONE,
O003544,2024-01-12,,C0031,R07,Cancelled,Bank Transfer,Express,,,17,SUMMER,Address issue
O003545,2024-07-09,2024-07-17,C0453,R07,Completed,Digital Wallet,Standard,2024-07-15,2024-07-17,12,NONE,
O003546,2025-08-13,2025-08-18,C0558,R05,Completed,Card,Standard,2025-08-19,2025-08-18,8.5,NONE,
O003547,2024-08-03,2024-08-08,C0121,R03,Completed,Bank Transfer,Standard,2024-08-09,2024-08-08,16.5,NONE,
O003548,2025-07-19,2025-07-26,C0087,R02,Returned,Card,Standard,2025-07-25,2025-07-26,20,NONE,
O003549,2025-01-09,2025-01-15,C0326,R07,Completed,Card,Standard,2025-01-15,2025-01-15,13.5,SUMMER,
O003550,2025-04-14,2025-04-19,C0417,R07,Completed,Bank Transfer,Standard,2025-04-20,2025-04-19,8.5,BACK2WORK,
O003551,2025-06-16,2025-06-22,C0617,R03,Completed,Card,Standard,2025-06-22,2025-06-22,10,NONE,
O003552,2025-09-06,2025-09-11,C0483,R06,Completed,Digital Wallet,Standard,2025-09-12,2025-09-11,15,NONE,
O003553,2024-04-21,2024-04-26,C0054,R02,Completed,Buy Now Pay Later,Standard,2024-04-27,2024-04-26,11.5,NONE,
O003554,2025-01-07,2025-01-10,C0236,R04,Completed,Bank Transfer,Express,2025-01-10,2025-01-10,25.5,NONE,
O003555,2024-01-07,2024-01-12,C0134,R06,Completed,Card,Standard,2024-01-13,2024-01-12,8.5,NONE,
O003556,2025-12-25,2025-12-31,C0412,R04,Completed,Card,Standard,2025-12-31,2025-12-31,11.5,HOLIDAY,
O003557,2024-02-06,2024-02-14,C0049,R04,Completed,Digital Wallet,Standard,2024-02-12,2024-02-14,13.5,BACK2WORK,
O003558,2024-10-03,,C0317,R07,Cancelled,Bank Transfer,Express,,,17,NONE,Payment failure
O003559,2024-12-05,2024-12-10,C0589,R01,Completed,Card,Standard,2024-12-11,2024-12-10,16.5,HOLIDAY,
O003560,2025-07-28,2025-08-06,C0610,R02,Completed,Card,Standard,2025-08-03,2025-08-06,13.5,NONE,
O003561,2025-12-11,2025-12-17,C0118,R03,Completed,Buy Now Pay Later,Standard,2025-12-17,2025-12-17,13,HOLIDAY,
O003562,2024-10-29,2024-11-04,C0649,R04,Completed,Card,Standard,2024-11-04,2024-11-04,8.5,NONE,
O003563,2025-12-17,2025-12-23,C0636,R01,Completed,Card,Standard,2025-12-23,2025-12-23,8.5,HOLIDAY,
O003564,2025-10-03,2025-10-10,C0606,R04,Completed,Digital Wallet,Standard,2025-10-09,2025-10-10,12,NONE,
O003565,2024-12-15,2024-12-21,C0402,R05,Completed,Card,Standard,2024-12-21,2024-12-21,10,HOLIDAY,
O003566,2025-02-11,2025-02-19,C0712,R01,Completed,Card,Standard,2025-02-17,2025-02-19,11.5,SUMMER,
O003567,2024-03-13,2024-03-19,C0235,R06,Completed,Card,Standard,2024-03-19,2024-03-19,12,SUMMER,
O003568,2025-09-20,2025-09-25,C0201,R02,Completed,Card,Standard,2025-09-26,2025-09-25,10,NONE,
O003569,2024-05-06,2024-05-11,C0082,R06,Completed,Digital Wallet,Standard,2024-05-12,2024-05-11,8.5,NONE,
O003570,2024-12-27,2025-01-02,C0480,R03,Completed,Card,Standard,2025-01-02,2025-01-02,13.5,HOLIDAY,
O003571,2025-12-26,2026-01-01,C0581,R06,Completed,Card,Standard,2026-01-01,2026-01-01,11.5,HOLIDAY,
O003572,2024-08-11,2024-08-18,C0091,R04,Completed,Card,Express,2024-08-14,2024-08-18,25.5,SUMMER,
O003573,2024-04-19,2024-04-25,C0300,R03,Completed,Digital Wallet,Standard,2024-04-25,2024-04-25,8.5,NONE,
O003574,2025-02-11,2025-02-17,C0460,R03,Completed,Card,Standard,2025-02-17,2025-02-17,18.5,SUMMER,
O003575,2025-03-25,2025-03-30,C0451,R05,Returned,Card,Standard,2025-03-31,2025-03-30,8.5,SUMMER,
O003576,2025-02-17,2025-02-22,C0460,R03,Completed,Card,Standard,2025-02-23,2025-02-22,17,NONE,
O003577,2025-04-12,2025-04-14,C0088,R01,Returned,Card,Express,2025-04-15,2025-04-14,18.5,NONE,
O003578,2024-11-02,2024-11-07,C0248,R07,Completed,Digital Wallet,Express,2024-11-05,2024-11-07,15.5,HOLIDAY,
O003579,2024-10-16,2024-10-24,C0548,R03,Completed,Card,Standard,2024-10-22,2024-10-24,13.5,NONE,
O003580,2024-12-11,2024-12-13,C0149,R08,Completed,Buy Now Pay Later,Express,2024-12-14,2024-12-13,20.5,HOLIDAY,
O003581,2024-05-06,2024-05-12,C0683,R06,Completed,Buy Now Pay Later,Standard,2024-05-12,2024-05-12,8.5,NONE,
O003582,2024-04-23,2024-04-28,C0620,R04,Completed,Card,Standard,2024-04-29,2024-04-28,10,NONE,
O003583,2024-08-25,2024-08-30,C0558,R05,Completed,Digital Wallet,Standard,2024-08-31,2024-08-30,8.5,NONE,
O003584,2025-05-12,2025-05-18,C0388,R03,Completed,Digital Wallet,Standard,2025-05-18,2025-05-18,8.5,NONE,
O003585,2024-10-19,2024-10-21,C0581,R06,Completed,Card,Express,2024-10-22,2024-10-21,17,NONE,
O003586,2024-11-30,2024-12-06,C0689,R03,Completed,Digital Wallet,Standard,2024-12-06,2024-12-06,8.5,HOLIDAY,
O003587,2025-04-30,2025-05-05,C0498,R04,Returned,Digital Wallet,Standard,2025-05-06,2025-05-05,12,SUMMER,
O003588,2024-12-29,2025-01-03,C0443,R05,Completed,Card,Standard,2025-01-04,2025-01-03,8.5,HOLIDAY,
O003589,2025-06-03,2025-06-09,C0174,R08,Returned,Digital Wallet,Standard,2025-06-09,2025-06-09,13.5,NONE,
O003590,2024-03-01,2024-03-06,C0001,R05,Completed,Card,Standard,2024-03-07,2024-03-06,8.5,NONE,
O003591,2024-02-15,2024-02-23,C0269,R06,Completed,Buy Now Pay Later,Standard,2024-02-21,2024-02-23,13.5,NONE,
O003592,2024-05-18,2024-05-23,C0236,R04,Completed,Card,Standard,2024-05-24,2024-05-23,10,NONE,
O003593,2025-02-23,2025-02-28,C0390,R04,Completed,Buy Now Pay Later,Standard,2025-03-01,2025-02-28,10,NONE,
O003594,2025-05-28,2025-05-30,C0081,R05,Completed,Card,Express,2025-05-31,2025-05-30,15.5,NONE,
O003595,2025-10-22,2025-10-24,C0439,R01,Completed,Buy Now Pay Later,Express,2025-10-25,2025-10-24,19,BACK2WORK,
O003596,2025-11-22,2025-11-29,C0080,R04,Completed,Card,Standard,2025-11-28,2025-11-29,15,HOLIDAY,
O003597,2025-12-10,2025-12-13,C0526,R02,Completed,Digital Wallet,Express,2025-12-13,2025-12-13,15.5,HOLIDAY,
O003598,2025-07-15,2025-07-20,C0052,R04,Completed,Bank Transfer,Standard,2025-07-21,2025-07-20,8.5,NONE,
O003599,2024-08-31,2024-09-05,C0294,R08,Completed,Buy Now Pay Later,Standard,2024-09-06,2024-09-05,12,NONE,
O003600,2024-11-24,2024-11-29,C0425,R07,Completed,Buy Now Pay Later,Standard,2024-11-30,2024-11-29,10,HOLIDAY,
O003601,2025-02-12,2025-02-19,C0405,R06,Returned,Buy Now Pay Later,Standard,2025-02-18,2025-02-19,13.5,NONE,
O003602,2024-06-10,2024-06-16,C0464,R06,Completed,Digital Wallet,Standard,2024-06-16,2024-06-16,13.5,SUMMER,
O003603,2024-02-14,2024-02-20,C0418,R04,Completed,Card,Standard,2024-02-20,2024-02-20,13.5,NONE,
O003604,2025-07-20,2025-07-25,C0346,R06,Completed,Bank Transfer,Standard,2025-07-26,2025-07-25,10,SUMMER,
O003605,2024-12-15,2024-12-20,C0143,R04,Completed,Card,Standard,2024-12-21,2024-12-20,10,HOLIDAY,
O003606,2024-01-26,2024-02-02,C0174,R08,Completed,Card,Standard,2024-02-01,2024-02-02,10,NONE,
O003607,2024-08-01,2024-08-06,C0570,R02,Completed,Digital Wallet,Standard,2024-08-07,2024-08-06,13.5,SUMMER,
O003608,2024-12-16,2024-12-21,C0552,R08,Completed,Card,Standard,2024-12-22,2024-12-21,13.5,HOLIDAY,
O003609,2025-06-09,2025-06-14,C0504,R06,Completed,Card,Standard,2025-06-15,2025-06-14,16.5,NONE,
O003610,2025-08-11,2025-08-17,C0404,R06,Completed,Card,Standard,2025-08-17,2025-08-17,8.5,NONE,
O003611,2024-07-17,2024-07-23,C0505,R02,Completed,Card,Standard,2024-07-23,2024-07-23,8.5,NONE,
O003612,2024-02-20,2024-02-23,C0580,R04,Completed,Card,Express,2024-02-23,2024-02-23,24,NONE,
O003613,2024-05-14,2024-05-23,C0016,R05,Completed,Card,Standard,2024-05-20,2024-05-23,8.5,SPRING,
O003614,2025-07-24,2025-07-29,C0546,R06,Completed,Bank Transfer,Standard,2025-07-30,2025-07-29,10,NONE,
O003615,2024-04-18,2024-04-24,C0323,R08,Completed,Digital Wallet,Express,2024-04-21,2024-04-24,19,NONE,
O003616,2024-07-24,2024-07-30,C0340,R04,Completed,Card,Standard,2024-07-30,2024-07-30,8.5,NONE,
O003617,2024-04-27,2024-05-02,C0147,R08,Completed,Bank Transfer,Standard,2024-05-03,2024-05-02,15,NONE,
O003618,2025-10-27,2025-11-01,C0149,R08,Completed,Card,Standard,2025-11-02,2025-11-01,8.5,SPRING,
O003619,2025-02-25,2025-03-03,C0125,R07,Completed,Card,Standard,2025-03-03,2025-03-03,8.5,SUMMER,
O003620,2025-10-29,2025-11-04,C0033,R02,Returned,Buy Now Pay Later,Standard,2025-11-04,2025-11-04,8.5,SUMMER,
O003621,2024-11-04,2024-11-09,C0512,R05,Completed,Buy Now Pay Later,Standard,2024-11-10,2024-11-09,8.5,HOLIDAY,
O003622,2024-09-22,2024-09-25,C0289,R03,Completed,Card,Express,2024-09-25,2024-09-25,27,NONE,
O003623,2025-01-27,2025-02-01,C0216,R08,Completed,Digital Wallet,Standard,2025-02-02,2025-02-01,13.5,NONE,
O003624,2024-12-31,2025-01-02,C0184,R03,Returned,Card,Express,2025-01-03,2025-01-02,15.5,HOLIDAY,
O003625,2025-06-29,2025-07-05,C0300,R03,Completed,Card,Standard,2025-07-05,2025-07-05,10,NONE,
O003626,2025-12-26,2026-01-01,C0145,R02,Completed,Bank Transfer,Standard,2026-01-01,2026-01-01,12,HOLIDAY,
O003627,2025-03-13,2025-03-18,C0184,R03,Completed,Bank Transfer,Standard,2025-03-19,2025-03-18,10,SPRING,
O003628,2024-11-27,2024-12-03,C0205,R08,Completed,Card,Standard,2024-12-03,2024-12-03,8.5,HOLIDAY,
O003629,2024-02-11,2024-02-16,C0024,R07,Completed,Buy Now Pay Later,Standard,2024-02-17,2024-02-16,12,NONE,
O003630,2024-01-08,2024-01-10,C0546,R06,Completed,Buy Now Pay Later,Express,2024-01-11,2024-01-10,17,NONE,
O003631,2024-10-12,2024-10-14,C0086,R02,Completed,Bank Transfer,Express,2024-10-15,2024-10-14,15.5,NONE,
O003632,2024-05-04,2024-05-09,C0152,R06,Completed,Buy Now Pay Later,Standard,2024-05-10,2024-05-09,8.5,NONE,
O003633,2024-05-20,2024-05-25,C0404,R06,Completed,Card,Standard,2024-05-26,2024-05-25,8.5,SUMMER,
O003634,2024-08-24,2024-08-27,C0067,R04,Completed,Bank Transfer,Express,2024-08-27,2024-08-27,19,NONE,
O003635,2025-09-29,2025-10-05,C0606,R04,Completed,Card,Standard,2025-10-05,2025-10-05,8.5,SUMMER,
O003636,2024-03-04,2024-03-12,C0707,R06,Completed,Card,Standard,2024-03-10,2024-03-12,10,NONE,
O003637,2024-02-09,2024-02-15,C0476,R05,Completed,Card,Standard,2024-02-15,2024-02-15,8.5,NONE,
O003638,2025-03-01,2025-03-03,C0381,R02,Completed,Card,Express,2025-03-04,2025-03-03,23.5,NONE,
O003639,2025-10-14,2025-10-24,C0715,R01,Completed,Digital Wallet,Standard,2025-10-20,2025-10-24,8.5,NONE,
O003640,2024-05-28,2024-06-03,C0586,R05,Completed,Bank Transfer,Standard,2024-06-03,2024-06-03,8.5,NONE,
O003641,2024-06-17,2024-06-23,C0388,R03,Completed,Digital Wallet,Standard,2024-06-23,2024-06-23,8.5,SPRING,
O003642,2025-09-21,2025-09-27,C0215,R06,Completed,Card,Standard,2025-09-27,2025-09-27,10,NONE,
O003643,2025-10-21,2025-10-26,C0586,R05,Completed,Digital Wallet,Standard,2025-10-27,2025-10-26,13,NONE,
O003644,2024-02-06,,C0689,R03,Cancelled,Buy Now Pay Later,Standard,,,15,NONE,Customer changed mind
O003645,2025-10-12,2025-10-17,C0641,R03,Completed,Bank Transfer,Standard,2025-10-18,2025-10-17,8.5,NONE,
O003646,2025-06-17,2025-06-23,C0641,R03,Completed,Digital Wallet,Standard,2025-06-23,2025-06-23,8.5,NONE,
O003647,2025-04-12,2025-04-18,C0418,R04,Completed,Card,Standard,2025-04-18,2025-04-18,12,NONE,
O003648,2024-09-21,2024-09-27,C0657,R01,Completed,Bank Transfer,Standard,2024-09-27,2024-09-27,8.5,NONE,
O003649,2025-12-03,2025-12-08,C0332,R06,Completed,Card,Standard,2025-12-09,2025-12-08,8.5,HOLIDAY,
O003650,2024-09-23,2024-09-28,C0534,R01,Completed,Digital Wallet,Standard,2024-09-29,2024-09-28,11.5,NONE,
O003651,2024-12-13,2024-12-19,C0512,R05,Completed,Buy Now Pay Later,Standard,2024-12-19,2024-12-19,8.5,HOLIDAY,
O003652,2024-12-23,2024-12-28,C0536,R03,Completed,Bank Transfer,Standard,2024-12-29,2024-12-28,15,HOLIDAY,
O003653,2025-09-19,2025-09-24,C0154,R01,Completed,Buy Now Pay Later,Standard,2025-09-25,2025-09-24,8.5,NONE,
O003654,2024-12-07,2024-12-12,C0483,R06,Returned,Bank Transfer,Standard,2024-12-13,2024-12-12,10,HOLIDAY,
O003655,2025-10-31,2025-11-06,C0342,R02,Completed,Bank Transfer,Standard,2025-11-06,2025-11-06,10,SUMMER,
O003656,2025-10-16,2025-10-21,C0339,R05,Completed,Card,Standard,2025-10-22,2025-10-21,10,NONE,
O003657,2024-12-19,2024-12-25,C0052,R04,Completed,Bank Transfer,Standard,2024-12-25,2024-12-25,12,HOLIDAY,
O003658,2025-01-31,2025-02-06,C0420,R04,Completed,Digital Wallet,Standard,2025-02-06,2025-02-06,10,NONE,
O003659,2024-06-24,2024-06-29,C0342,R02,Completed,Bank Transfer,Standard,2024-06-30,2024-06-29,8.5,NONE,
O003660,2025-06-25,2025-07-01,C0166,R04,Completed,Card,Standard,2025-07-01,2025-07-01,8.5,NONE,
O003661,2024-01-23,2024-01-29,C0571,R06,Completed,Buy Now Pay Later,Express,2024-01-26,2024-01-29,15.5,NONE,
O003662,2024-11-23,2024-11-26,C0054,R02,Completed,Digital Wallet,Express,2024-11-26,2024-11-26,17,HOLIDAY,
O003663,2024-12-15,2024-12-20,C0476,R05,Completed,Card,Standard,2024-12-21,2024-12-20,8.5,HOLIDAY,
O003664,2024-06-24,2024-07-01,C0645,R03,Completed,Card,Standard,2024-06-30,2024-07-01,12,NONE,
O003665,2025-07-30,2025-08-04,C0346,R06,Completed,Digital Wallet,Standard,2025-08-05,2025-08-04,10,NONE,
O003666,2024-02-21,2024-02-26,C0071,R06,Completed,Buy Now Pay Later,Standard,2024-02-27,2024-02-26,8.5,NONE,
O003667,2024-11-11,2024-11-17,C0188,R03,Completed,Bank Transfer,Standard,2024-11-17,2024-11-17,11.5,HOLIDAY,
O003668,2025-07-17,2025-07-20,C0645,R03,Returned,Card,Express,2025-07-20,2025-07-20,19,NONE,
O003669,2025-10-11,2025-10-16,C0706,R03,Completed,Card,Standard,2025-10-17,2025-10-16,8.5,SUMMER,
O003670,2024-03-24,2024-03-29,C0333,R05,Completed,Card,Standard,2024-03-30,2024-03-29,8.5,NONE,
O003671,2025-03-15,2025-03-21,C0586,R05,Completed,Buy Now Pay Later,Standard,2025-03-21,2025-03-21,13.5,NONE,
O003672,2024-03-01,2024-03-06,C0063,R01,Completed,Buy Now Pay Later,Standard,2024-03-07,2024-03-06,8.5,NONE,
O003673,2025-04-04,2025-04-09,C0031,R07,Completed,Digital Wallet,Standard,2025-04-10,2025-04-09,13.5,NONE,
O003674,2024-12-01,2024-12-06,C0402,R05,Completed,Bank Transfer,Standard,2024-12-07,2024-12-06,18.5,HOLIDAY,
O003675,2025-05-18,2025-05-24,C0689,R03,Completed,Card,Standard,2025-05-24,2025-05-24,13.5,NONE,
O003676,2024-02-07,2024-02-13,C0713,R07,Completed,Card,Standard,2024-02-13,2024-02-13,11.5,NONE,
O003677,2024-05-15,2024-05-21,C0557,R05,Completed,Card,Standard,2024-05-21,2024-05-21,10,SPRING,
O003678,2025-06-10,2025-06-15,C0717,R05,Returned,Digital Wallet,Standard,2025-06-16,2025-06-15,10,NONE,
O003679,2025-09-24,2025-09-29,C0181,R01,Completed,Card,Standard,2025-09-30,2025-09-29,8.5,SUMMER,
O003680,2024-09-30,2024-10-07,C0477,R03,Completed,Card,Standard,2024-10-06,2024-10-07,13,NONE,
O003681,2025-12-19,2025-12-25,C0329,R04,Completed,Card,Standard,2025-12-25,2025-12-25,13.5,HOLIDAY,
O003682,2024-05-19,2024-05-28,C0422,R02,Completed,Card,Standard,2024-05-25,2024-05-28,8.5,BACK2WORK,
O003683,2025-04-06,2025-04-12,C0256,R05,Completed,Buy Now Pay Later,Standard,2025-04-12,2025-04-12,8.5,NONE,
O003684,2024-02-02,2024-02-07,C0633,R03,Completed,Buy Now Pay Later,Standard,2024-02-08,2024-02-07,10,BACK2WORK,
O003685,2024-10-11,2024-10-16,C0155,R06,Completed,Card,Standard,2024-10-17,2024-10-16,10,NONE,
O003686,2025-10-21,2025-10-31,C0586,R05,Returned,Digital Wallet,Standard,2025-10-27,2025-10-31,8.5,BACK2WORK,
O003687,2025-08-24,2025-08-30,C0571,R06,Completed,Card,Standard,2025-08-30,2025-08-30,18.5,NONE,
O003688,2025-01-06,2025-01-11,C0385,R05,Completed,Card,Standard,2025-01-12,2025-01-11,10,NONE,
O003689,2025-01-14,2025-01-17,C0217,R03,Completed,Card,Express,2025-01-17,2025-01-17,22,BACK2WORK,
O003690,2024-02-25,2024-03-02,C0461,R07,Completed,Card,Standard,2024-03-02,2024-03-02,10,NONE,
O003691,2025-11-30,2025-12-05,C0519,R03,Completed,Card,Standard,2025-12-06,2025-12-05,12,HOLIDAY,
O003692,2025-03-23,,C0534,R01,Cancelled,Buy Now Pay Later,Express,,,15.5,NONE,Customer changed mind
O003693,2024-12-13,2024-12-19,C0375,R04,Completed,Buy Now Pay Later,Standard,2024-12-19,2024-12-19,20,HOLIDAY,
O003694,2024-02-18,2024-02-24,C0116,R08,Completed,Digital Wallet,Standard,2024-02-24,2024-02-24,8.5,NONE,
O003695,2024-08-01,2024-08-07,C0543,R01,Completed,Buy Now Pay Later,Standard,2024-08-07,2024-08-07,15,NONE,
O003696,2025-02-15,2025-02-21,C0556,R07,Completed,Card,Standard,2025-02-21,2025-02-21,8.5,NONE,
O003697,2024-05-27,2024-06-02,C0473,R05,Completed,Bank Transfer,Standard,2024-06-02,2024-06-02,8.5,NONE,
O003698,2024-03-07,2024-03-10,C0504,R06,Completed,Card,Express,2024-03-10,2024-03-10,20,NONE,
O003699,2025-10-20,2025-10-25,C0311,R05,Completed,Bank Transfer,Standard,2025-10-26,2025-10-25,12,NONE,
O003700,2024-05-23,2024-05-29,C0580,R04,Completed,Bank Transfer,Standard,2024-05-29,2024-05-29,10,NONE,
O003701,2025-02-07,2025-02-13,C0509,R03,Completed,Buy Now Pay Later,Standard,2025-02-13,2025-02-13,8.5,SPRING,
O003702,2025-06-23,2025-06-28,C0270,R03,Completed,Digital Wallet,Standard,2025-06-29,2025-06-28,18.5,NONE,
O003703,2025-10-02,2025-10-05,C0344,R07,Completed,Card,Express,2025-10-05,2025-10-05,25.5,NONE,
O003704,2025-06-02,2025-06-07,C0617,R03,Completed,Card,Express,2025-06-05,2025-06-07,18.5,NONE,
O003705,2025-03-15,2025-03-19,C0005,R02,Completed,Bank Transfer,Express,2025-03-18,2025-03-19,17,NONE,
O003706,2024-07-27,2024-08-01,C0069,R05,Completed,Bank Transfer,Standard,2024-08-02,2024-08-01,13.5,SUMMER,
O003707,2024-07-21,2024-07-23,C0418,R04,Completed,Digital Wallet,Express,2024-07-24,2024-07-23,22,NONE,
O003708,2025-02-11,2025-02-17,C0348,R05,Completed,Card,Standard,2025-02-17,2025-02-17,8.5,NONE,
O003709,2025-02-09,2025-02-12,C0520,R05,Completed,Buy Now Pay Later,Express,2025-02-12,2025-02-12,20.5,NONE,
O003710,2025-12-25,,C0366,R07,Cancelled,Card,Standard,,,13.5,HOLIDAY,Inventory unavailable
O003711,2025-06-02,2025-06-04,C0070,R03,Completed,Card,Express,2025-06-05,2025-06-04,17,NONE,
O003712,2024-06-06,2024-06-12,C0001,R05,Completed,Digital Wallet,Standard,2024-06-12,2024-06-12,8.5,NONE,
O003713,2024-12-28,2025-01-02,C0450,R04,Completed,Card,Standard,2025-01-03,2025-01-02,10,HOLIDAY,
O003714,2025-02-24,2025-03-01,C0091,R04,Completed,Digital Wallet,Standard,2025-03-02,2025-03-01,8.5,NONE,
O003715,2025-11-23,2025-11-29,C0453,R07,Completed,Digital Wallet,Standard,2025-11-29,2025-11-29,8.5,HOLIDAY,
O003716,2024-06-05,2024-06-13,C0265,R06,Completed,Card,Standard,2024-06-11,2024-06-13,13.5,NONE,
O003717,2025-01-02,2025-01-08,C0466,R03,Completed,Card,Standard,2025-01-08,2025-01-08,8.5,SUMMER,
O003718,2025-03-13,2025-03-19,C0037,R03,Completed,Digital Wallet,Standard,2025-03-19,2025-03-19,8.5,NONE,
O003719,2025-06-03,2025-06-09,C0010,R03,Returned,Card,Express,2025-06-06,2025-06-09,15.5,NONE,
O003720,2025-10-28,2025-11-03,C0549,R08,Completed,Digital Wallet,Standard,2025-11-03,2025-11-03,12,NONE,
O003721,2024-11-08,2024-11-13,C0557,R05,Completed,Card,Standard,2024-11-14,2024-11-13,11.5,HOLIDAY,
O003722,2025-06-10,2025-06-15,C0201,R02,Completed,Bank Transfer,Standard,2025-06-16,2025-06-15,8.5,NONE,
O003723,2024-12-26,2024-12-31,C0104,R03,Completed,Card,Standard,2025-01-01,2024-12-31,10,HOLIDAY,
O003724,2025-04-15,2025-04-20,C0293,R07,Completed,Digital Wallet,Standard,2025-04-21,2025-04-20,8.5,SPRING,
O003725,2024-01-22,2024-01-28,C0655,R04,Completed,Bank Transfer,Standard,2024-01-28,2024-01-28,13,NONE,
O003726,2024-02-03,2024-02-09,C0118,R03,Completed,Bank Transfer,Standard,2024-02-09,2024-02-09,8.5,NONE,
O003727,2025-09-04,2025-09-07,C0476,R05,Completed,Bank Transfer,Express,2025-09-07,2025-09-07,15.5,NONE,
O003728,2025-06-29,2025-07-06,C0672,R01,Completed,Bank Transfer,Standard,2025-07-05,2025-07-06,11.5,NONE,
O003729,2025-01-25,2025-01-31,C0476,R05,Completed,Bank Transfer,Standard,2025-01-31,2025-01-31,8.5,NONE,
O003730,2024-11-11,2024-11-17,C0468,R06,Completed,Digital Wallet,Standard,2024-11-17,2024-11-17,13.5,HOLIDAY,
O003731,2024-02-15,2024-02-25,C0043,R01,Completed,Digital Wallet,Standard,2024-02-21,2024-02-25,20,NONE,
O003732,2025-08-13,2025-08-19,C0055,R02,Completed,Card,Standard,2025-08-19,2025-08-19,10,NONE,
O003733,2025-08-11,2025-08-14,C0650,R05,Completed,Bank Transfer,Express,2025-08-14,2025-08-14,19,NONE,
O003734,2024-09-05,2024-09-11,C0687,R05,Completed,Card,Standard,2024-09-11,2024-09-11,8.5,NONE,
O003735,2025-12-04,2025-12-10,C0067,R04,Completed,Bank Transfer,Standard,2025-12-10,2025-12-10,16.5,HOLIDAY,
O003736,2024-06-07,2024-06-13,C0320,R03,Completed,Card,Standard,2024-06-13,2024-06-13,8.5,NONE,
O003737,2025-08-08,2025-08-15,C0412,R04,Completed,Card,Standard,2025-08-14,2025-08-15,8.5,NONE,
O003738,2024-06-29,2024-07-05,C0460,R03,Completed,Card,Standard,2024-07-05,2024-07-05,8.5,NONE,
O003739,2024-01-31,2024-02-07,C0133,R05,Completed,Card,Standard,2024-02-06,2024-02-07,8.5,SUMMER,
O003740,2025-11-18,2025-11-21,C0143,R04,Completed,Digital Wallet,Express,2025-11-21,2025-11-21,19,HOLIDAY,
O003741,2025-01-15,2025-01-20,C0512,R05,Completed,Digital Wallet,Standard,2025-01-21,2025-01-20,11.5,SPRING,
O003742,2025-09-24,2025-09-29,C0526,R02,Completed,Bank Transfer,Standard,2025-09-30,2025-09-29,12,SPRING,
O003743,2025-12-22,2025-12-28,C0318,R02,Completed,Card,Standard,2025-12-28,2025-12-28,12,HOLIDAY,
O003744,2024-01-21,2024-01-27,C0401,R07,Completed,Bank Transfer,Standard,2024-01-27,2024-01-27,10,NONE,
O003745,2025-11-11,2025-11-14,C0399,R06,Returned,Card,Express,2025-11-14,2025-11-14,22,HOLIDAY,
O003746,2024-04-20,2024-04-26,C0023,R08,Completed,Bank Transfer,Standard,2024-04-26,2024-04-26,16.5,NONE,
O003747,2025-08-10,2025-08-15,C0381,R02,Completed,Card,Standard,2025-08-16,2025-08-15,16.5,SUMMER,
O003748,2025-10-11,2025-10-16,C0479,R04,Completed,Buy Now Pay Later,Standard,2025-10-17,2025-10-16,8.5,NONE,
O003749,2025-09-25,2025-10-01,C0226,R02,Completed,Digital Wallet,Express,2025-09-28,2025-10-01,20,NONE,
O003750,2025-04-06,2025-04-11,C0494,R03,Completed,Digital Wallet,Standard,2025-04-12,2025-04-11,8.5,NONE,
O003751,2024-10-28,2024-10-31,C0689,R03,Returned,Card,Express,2024-10-31,2024-10-31,19,NONE,
O003752,2025-03-13,2025-03-18,C0638,R03,Completed,Digital Wallet,Standard,2025-03-19,2025-03-18,16.5,NONE,
O003753,2025-07-11,2025-07-16,C0557,R05,Completed,Digital Wallet,Standard,2025-07-17,2025-07-16,13.5,SUMMER,
O003754,2025-08-22,2025-08-30,C0672,R01,Returned,Card,Standard,2025-08-28,2025-08-30,13.5,NONE,
O003755,2024-04-08,2024-04-14,C0262,R08,Completed,Digital Wallet,Standard,2024-04-14,2024-04-14,10,NONE,
O003756,2025-03-13,2025-03-18,C0418,R04,Completed,Card,Standard,2025-03-19,2025-03-18,10,NONE,
O003757,2025-03-06,2025-03-11,C0473,R05,Completed,Card,Standard,2025-03-12,2025-03-11,10,NONE,
O003758,2024-11-02,2024-11-04,C0636,R01,Completed,Card,Express,2024-11-05,2024-11-04,17,HOLIDAY,
O003759,2024-03-28,2024-03-30,C0713,R07,Returned,Card,Express,2024-03-31,2024-03-30,19,NONE,
O003760,2024-08-18,2024-08-23,C0365,R04,Completed,Bank Transfer,Standard,2024-08-24,2024-08-23,8.5,NONE,
O003761,2024-11-15,,C0253,R03,Cancelled,Digital Wallet,Standard,,,8.5,HOLIDAY,Customer changed mind
O003762,2024-01-15,2024-01-18,C0713,R07,Completed,Card,Express,2024-01-18,2024-01-18,18.5,NONE,
O003763,2024-01-06,2024-01-11,C0580,R04,Completed,Card,Standard,2024-01-12,2024-01-11,12,NONE,
O003764,2025-12-09,2025-12-15,C0586,R05,Completed,Card,Standard,2025-12-15,2025-12-15,8.5,HOLIDAY,
O003765,2024-07-17,2024-07-19,C0688,R02,Completed,Card,Express,2024-07-20,2024-07-19,17,NONE,
O003766,2025-08-20,2025-08-25,C0091,R04,Completed,Card,Standard,2025-08-26,2025-08-25,10,NONE,
O003767,2024-11-04,2024-11-10,C0047,R03,Completed,Card,Standard,2024-11-10,2024-11-10,8.5,HOLIDAY,
O003768,2024-12-20,2024-12-22,C0345,R04,Completed,Bank Transfer,Express,2024-12-23,2024-12-22,20.5,HOLIDAY,
O003769,2024-12-10,2024-12-15,C0414,R04,Completed,Card,Standard,2024-12-16,2024-12-15,13.5,HOLIDAY,
O003770,2024-04-02,2024-04-04,C0382,R01,Completed,Card,Express,2024-04-05,2024-04-04,19,NONE,
O003771,2025-05-26,2025-06-01,C0062,R02,Completed,Bank Transfer,Standard,2025-06-01,2025-06-01,10,SPRING,
O003772,2024-08-27,,C0149,R08,Cancelled,Buy Now Pay Later,Standard,,,8.5,NONE,Customer changed mind
O003773,2025-09-17,2025-09-22,C0213,R03,Completed,Card,Standard,2025-09-23,2025-09-22,8.5,SPRING,
O003774,2024-08-31,2024-09-09,C0637,R04,Completed,Card,Standard,2024-09-06,2024-09-09,12,NONE,
O003775,2025-09-17,2025-09-19,C0464,R06,Completed,Digital Wallet,Express,2025-09-20,2025-09-19,15.5,NONE,
O003776,2024-12-29,2025-01-03,C0611,R01,Completed,Digital Wallet,Standard,2025-01-04,2025-01-03,12,HOLIDAY,
O003777,2025-10-31,2025-11-06,C0143,R04,Completed,Bank Transfer,Standard,2025-11-06,2025-11-06,11.5,NONE,
O003778,2024-01-23,2024-01-25,C0194,R08,Completed,Card,Express,2024-01-26,2024-01-25,25.5,NONE,
O003779,2025-10-27,2025-11-01,C0253,R03,Completed,Digital Wallet,Standard,2025-11-02,2025-11-01,12,NONE,
O003780,2025-09-14,2025-09-19,C0302,R05,Completed,Digital Wallet,Standard,2025-09-20,2025-09-19,10,NONE,
O003781,2024-09-05,2024-09-11,C0393,R05,Completed,Card,Standard,2024-09-11,2024-09-11,8.5,NONE,
O003782,2025-01-31,2025-02-05,C0526,R02,Completed,Card,Standard,2025-02-06,2025-02-05,15,NONE,
O003783,2024-10-31,2024-11-06,C0529,R06,Completed,Card,Standard,2024-11-06,2024-11-06,10,NONE,
O003784,2024-10-26,2024-11-01,C0537,R02,Completed,Card,Standard,2024-11-01,2024-11-01,10,NONE,
O003785,2025-05-10,2025-05-16,C0384,R07,Completed,Card,Standard,2025-05-16,2025-05-16,8.5,NONE,
O003786,2024-10-20,2024-10-23,C0470,R07,Completed,Digital Wallet,Express,2024-10-23,2024-10-23,15.5,NONE,
O003787,2024-12-23,2024-12-30,C0402,R05,Completed,Buy Now Pay Later,Standard,2024-12-29,2024-12-30,15,HOLIDAY,
O003788,2025-05-11,2025-05-16,C0473,R05,Completed,Card,Standard,2025-05-17,2025-05-16,10,NONE,
O003789,2025-01-27,2025-02-03,C0153,R04,Completed,Digital Wallet,Standard,2025-02-02,2025-02-03,20,NONE,
O003790,2024-05-27,2024-06-01,C0651,R01,Completed,Card,Standard,2024-06-02,2024-06-01,8.5,NONE,
O003791,2024-02-23,2024-02-28,C0402,R05,Completed,Card,Standard,2024-02-29,2024-02-28,10,NONE,
O003792,2025-08-17,2025-08-22,C0669,R07,Completed,Card,Standard,2025-08-23,2025-08-22,13.5,NONE,
O003793,2025-05-03,2025-05-08,C0669,R07,Completed,Card,Standard,2025-05-09,2025-05-08,10,BACK2WORK,
O003794,2025-06-13,2025-06-15,C0466,R03,Completed,Card,Express,2025-06-16,2025-06-15,20.5,NONE,
O003795,2025-05-02,2025-05-08,C0557,R05,Completed,Bank Transfer,Standard,2025-05-08,2025-05-08,8.5,NONE,
O003796,2024-08-27,2024-09-01,C0580,R04,Completed,Card,Standard,2024-09-02,2024-09-01,8.5,BACK2WORK,
O003797,2024-01-31,2024-02-05,C0052,R04,Returned,Digital Wallet,Standard,2024-02-06,2024-02-05,8.5,NONE,
O003798,2024-05-26,2024-05-31,C0556,R07,Completed,Card,Standard,2024-06-01,2024-05-31,12,NONE,
O003799,2024-06-30,2024-07-06,C0268,R01,Completed,Card,Standard,2024-07-06,2024-07-06,13.5,NONE,
O003800,2024-03-24,2024-04-02,C0069,R05,Completed,Bank Transfer,Standard,2024-03-30,2024-04-02,17,NONE,
O003801,2025-07-04,2025-07-09,C0226,R02,Completed,Card,Standard,2025-07-10,2025-07-09,10,NONE,
O003802,2025-09-11,2025-09-17,C0222,R06,Returned,Buy Now Pay Later,Standard,2025-09-17,2025-09-17,13.5,NONE,
O003803,2025-12-11,2025-12-16,C0542,R01,Returned,Bank Transfer,Standard,2025-12-17,2025-12-16,10,HOLIDAY,
O003804,2024-11-20,2024-11-25,C0152,R06,Completed,Card,Standard,2024-11-26,2024-11-25,8.5,HOLIDAY,
O003805,2025-06-24,,C0063,R01,Cancelled,Card,Standard,,,13.5,NONE,Customer changed mind
O003806,2024-05-09,2024-05-15,C0291,R05,Completed,Buy Now Pay Later,Standard,2024-05-15,2024-05-15,8.5,NONE,
O003807,2025-06-27,2025-07-03,C0055,R02,Completed,Card,Standard,2025-07-03,2025-07-03,8.5,NONE,
O003808,2025-03-29,2025-04-04,C0522,R08,Completed,Digital Wallet,Standard,2025-04-04,2025-04-04,12,NONE,
O003809,2024-04-05,2024-04-11,C0522,R08,Completed,Card,Standard,2024-04-11,2024-04-11,17,NONE,
O003810,2025-05-24,2025-05-29,C0400,R05,Completed,Bank Transfer,Standard,2025-05-30,2025-05-29,8.5,NONE,
O003811,2024-08-04,2024-08-10,C0637,R04,Completed,Bank Transfer,Standard,2024-08-10,2024-08-10,10,SUMMER,
O003812,2025-12-15,2025-12-25,C0707,R06,Completed,Digital Wallet,Standard,2025-12-21,2025-12-25,8.5,HOLIDAY,
O003813,2024-06-10,,C0461,R07,Cancelled,Digital Wallet,Express,,,15.5,NONE,Inventory unavailable
O003814,2024-10-07,2024-10-14,C0473,R05,Completed,Card,Standard,2024-10-13,2024-10-14,8.5,NONE,
O003815,2024-11-22,2024-11-25,C0522,R08,Completed,Bank Transfer,Express,2024-11-25,2024-11-25,27,HOLIDAY,
O003816,2025-04-29,2025-05-02,C0412,R04,Completed,Card,Express,2025-05-02,2025-05-02,20.5,NONE,
O003817,2025-10-24,2025-10-30,C0404,R06,Completed,Bank Transfer,Standard,2025-10-30,2025-10-30,8.5,NONE,
O003818,2025-08-10,2025-08-15,C0672,R01,Completed,Card,Standard,2025-08-16,2025-08-15,13.5,NONE,
O003819,2024-08-04,2024-08-06,C0543,R01,Completed,Card,Express,2024-08-07,2024-08-06,20,BACK2WORK,
O003820,2024-06-29,2024-07-04,C0157,R08,Returned,Bank Transfer,Standard,2024-07-05,2024-07-04,12,NONE,
O003821,2024-03-02,2024-03-08,C0295,R03,Completed,Bank Transfer,Standard,2024-03-08,2024-03-08,15,NONE,
O003822,2024-04-13,2024-04-18,C0503,R01,Completed,Buy Now Pay Later,Standard,2024-04-19,2024-04-18,10,NONE,
O003823,2025-06-05,2025-06-10,C0006,R08,Completed,Card,Standard,2025-06-11,2025-06-10,10,NONE,
O003824,2025-10-17,2025-10-23,C0238,R04,Completed,Card,Standard,2025-10-23,2025-10-23,8.5,NONE,
O003825,2024-02-25,2024-03-06,C0556,R07,Completed,Buy Now Pay Later,Standard,2024-03-02,2024-03-06,13.5,NONE,
O003826,2024-05-30,2024-06-01,C0340,R04,Completed,Card,Express,2024-06-02,2024-06-01,17,SUMMER,
O003827,2025-06-23,2025-06-25,C0435,R01,Returned,Digital Wallet,Express,2025-06-26,2025-06-25,23.5,NONE,
O003828,2024-04-14,2024-04-19,C0552,R08,Completed,Card,Standard,2024-04-20,2024-04-19,8.5,SUMMER,
O003829,2025-07-23,2025-07-26,C0664,R03,Completed,Digital Wallet,Express,2025-07-26,2025-07-26,15.5,NONE,
O003830,2024-06-10,2024-06-12,C0031,R07,Returned,Card,Express,2024-06-13,2024-06-12,19,NONE,
O003831,2025-07-02,2025-07-11,C0618,R04,Completed,Buy Now Pay Later,Standard,2025-07-08,2025-07-11,13.5,NONE,
O003832,2024-01-15,2024-01-20,C0373,R05,Completed,Card,Standard,2024-01-21,2024-01-20,15,NONE,
O003833,2024-11-27,2024-12-03,C0504,R06,Returned,Card,Standard,2024-12-03,2024-12-03,15,HOLIDAY,
O003834,2024-07-24,2024-07-30,C0373,R05,Completed,Digital Wallet,Standard,2024-07-30,2024-07-30,8.5,NONE,
O003835,2025-05-03,2025-05-08,C0148,R03,Completed,Card,Standard,2025-05-09,2025-05-08,10,NONE,
O003836,2025-09-14,2025-09-16,C0318,R02,Completed,Digital Wallet,Express,2025-09-17,2025-09-16,15.5,NONE,
O003837,2025-08-07,2025-08-12,C0598,R06,Completed,Digital Wallet,Standard,2025-08-13,2025-08-12,8.5,NONE,
O003838,2024-01-19,2024-01-25,C0318,R02,Completed,Card,Standard,2024-01-25,2024-01-25,18.5,NONE,
O003839,2024-06-10,2024-06-16,C0033,R02,Completed,Bank Transfer,Standard,2024-06-16,2024-06-16,13.5,NONE,
O003840,2025-01-22,2025-01-24,C0557,R05,Completed,Card,Express,2025-01-25,2025-01-24,15.5,SUMMER,
O003841,2025-07-17,2025-07-22,C0348,R05,Completed,Bank Transfer,Standard,2025-07-23,2025-07-22,11.5,NONE,
O003842,2025-10-18,2025-10-20,C0611,R01,Completed,Card,Express,2025-10-21,2025-10-20,25.5,NONE,
O003843,2025-03-26,2025-03-30,C0498,R04,Completed,Card,Express,2025-03-29,2025-03-30,17,NONE,
O003844,2024-04-27,2024-04-30,C0690,R05,Completed,Card,Express,2024-04-30,2024-04-30,17,NONE,
O003845,2024-05-23,2024-06-01,C0431,R03,Completed,Bank Transfer,Standard,2024-05-29,2024-06-01,12,NONE,
O003846,2024-12-15,2024-12-21,C0154,R01,Completed,Card,Standard,2024-12-21,2024-12-21,8.5,HOLIDAY,
O003847,2024-05-25,2024-05-30,C0715,R01,Completed,Bank Transfer,Standard,2024-05-31,2024-05-30,12,NONE,
O003848,2024-09-24,2024-09-29,C0624,R05,Completed,Bank Transfer,Standard,2024-09-30,2024-09-29,8.5,NONE,
O003849,2025-01-21,2025-01-24,C0636,R01,Completed,Digital Wallet,Express,2025-01-24,2025-01-24,15.5,NONE,
O003850,2024-11-19,2024-11-24,C0636,R01,Completed,Bank Transfer,Standard,2024-11-25,2024-11-24,8.5,HOLIDAY,
O003851,2024-02-07,2024-02-12,C0091,R04,Completed,Card,Standard,2024-02-13,2024-02-12,12,NONE,
O003852,2025-12-14,2025-12-19,C0352,R04,Completed,Card,Standard,2025-12-20,2025-12-19,12,HOLIDAY,
O003853,2024-11-15,2024-11-20,C0220,R06,Completed,Buy Now Pay Later,Standard,2024-11-21,2024-11-20,10,HOLIDAY,
O003854,2025-03-02,2025-03-08,C0226,R02,Completed,Card,Standard,2025-03-08,2025-03-08,8.5,NONE,
O003855,2024-05-18,2024-05-21,C0396,R03,Completed,Card,Express,2024-05-21,2024-05-21,15.5,SUMMER,
O003856,2024-10-31,2024-11-05,C0226,R02,Completed,Digital Wallet,Standard,2024-11-06,2024-11-05,17,NONE,
O003857,2025-05-08,2025-05-13,C0432,R01,Completed,Digital Wallet,Standard,2025-05-14,2025-05-13,10,NONE,
O003858,2024-08-25,2024-08-28,C0435,R01,Completed,Card,Express,2024-08-28,2024-08-28,15.5,NONE,
O003859,2025-09-21,2025-09-23,C0602,R06,Completed,Card,Express,2025-09-24,2025-09-23,18.5,NONE,
O003860,2025-06-03,2025-06-12,C0069,R05,Completed,Digital Wallet,Standard,2025-06-09,2025-06-12,8.5,NONE,
O003861,2025-06-25,2025-07-01,C0450,R04,Completed,Card,Standard,2025-07-01,2025-07-01,13.5,NONE,
O003862,2024-03-12,2024-03-15,C0145,R02,Returned,Digital Wallet,Express,2024-03-15,2024-03-15,18.5,NONE,
O003863,2025-01-19,2025-01-25,C0253,R03,Returned,Card,Standard,2025-01-25,2025-01-25,8.5,NONE,
O003864,2025-11-29,2025-12-09,C0144,R04,Completed,Card,Standard,2025-12-05,2025-12-09,13.5,HOLIDAY,
O003865,2025-12-13,2025-12-18,C0558,R05,Completed,Bank Transfer,Standard,2025-12-19,2025-12-18,15,HOLIDAY,
O003866,2025-05-06,2025-05-12,C0247,R01,Completed,Card,Standard,2025-05-12,2025-05-12,8.5,NONE,
O003867,2024-03-26,2024-04-01,C0344,R07,Completed,Card,Standard,2024-04-01,2024-04-01,8.5,SPRING,
O003868,2024-12-27,2025-01-02,C0351,R01,Completed,Card,Standard,2025-01-02,2025-01-02,8.5,HOLIDAY,
O003869,2025-09-12,2025-09-14,C0248,R07,Completed,Buy Now Pay Later,Express,2025-09-15,2025-09-14,19,NONE,
O003870,2024-11-29,2024-12-07,C0512,R05,Completed,Card,Standard,2024-12-05,2024-12-07,13.5,HOLIDAY,
O003871,2025-03-31,2025-04-06,C0473,R05,Completed,Bank Transfer,Standard,2025-04-06,2025-04-06,8.5,NONE,
O003872,2025-03-14,,C0147,R08,Cancelled,Card,Standard,,,8.5,NONE,Inventory unavailable
O003873,2024-08-04,2024-08-10,C0583,R07,Returned,Card,Standard,2024-08-10,2024-08-10,13.5,NONE,
O003874,2024-08-03,2024-08-09,C0059,R02,Completed,Card,Standard,2024-08-09,2024-08-09,10,BACK2WORK,
O003875,2024-03-21,2024-03-23,C0069,R05,Completed,Digital Wallet,Express,2024-03-24,2024-03-23,15.5,NONE,
O003876,2024-08-27,2024-09-02,C0593,R01,Completed,Digital Wallet,Standard,2024-09-02,2024-09-02,16.5,NONE,
O003877,2024-03-24,2024-03-29,C0330,R03,Completed,Card,Standard,2024-03-30,2024-03-29,12,NONE,
O003878,2024-09-22,2024-09-27,C0509,R03,Completed,Buy Now Pay Later,Standard,2024-09-28,2024-09-27,8.5,NONE,
O003879,2025-10-01,2025-10-08,C0712,R01,Completed,Digital Wallet,Standard,2025-10-07,2025-10-08,12,SUMMER,
O003880,2024-12-29,2025-01-03,C0536,R03,Completed,Digital Wallet,Standard,2025-01-04,2025-01-03,10,HOLIDAY,
O003881,2024-03-06,2024-03-15,C0378,R05,Completed,Card,Standard,2024-03-12,2024-03-15,13.5,NONE,
O003882,2024-04-15,2024-04-24,C0563,R02,Completed,Digital Wallet,Standard,2024-04-21,2024-04-24,18.5,NONE,
O003883,2025-06-05,,C0248,R07,Cancelled,Digital Wallet,Standard,,,8.5,NONE,Payment failure
O003884,2025-04-22,2025-05-02,C0580,R04,Completed,Card,Standard,2025-04-28,2025-05-02,12,NONE,
O003885,2025-03-31,2025-04-07,C0177,R04,Completed,Card,Standard,2025-04-06,2025-04-07,12,NONE,
O003886,2024-08-16,2024-08-21,C0480,R03,Completed,Bank Transfer,Standard,2024-08-22,2024-08-21,10,NONE,
O003887,2024-04-15,2024-04-17,C0378,R05,Completed,Bank Transfer,Express,2024-04-18,2024-04-17,15.5,NONE,
O003888,2024-02-13,2024-02-19,C0473,R05,Completed,Digital Wallet,Standard,2024-02-19,2024-02-19,8.5,NONE,
O003889,2025-02-18,2025-02-23,C0551,R01,Completed,Card,Standard,2025-02-24,2025-02-23,8.5,NONE,
O003890,2025-06-07,2025-06-14,C0610,R02,Completed,Bank Transfer,Standard,2025-06-13,2025-06-14,8.5,NONE,
O003891,2024-11-05,2024-11-10,C0554,R04,Returned,Card,Standard,2024-11-11,2024-11-10,16.5,HOLIDAY,
O003892,2025-02-14,2025-02-19,C0397,R07,Completed,Bank Transfer,Standard,2025-02-20,2025-02-19,8.5,NONE,
O003893,2024-08-25,2024-08-31,C0473,R05,Completed,Digital Wallet,Standard,2024-08-31,2024-08-31,8.5,BACK2WORK,
O003894,2025-01-20,2025-01-26,C0556,R07,Completed,Card,Standard,2025-01-26,2025-01-26,12,NONE,
O003895,2025-11-19,2025-11-27,C0348,R05,Completed,Card,Standard,2025-11-25,2025-11-27,8.5,HOLIDAY,
O003896,2025-08-22,2025-08-31,C0118,R03,Completed,Card,Standard,2025-08-28,2025-08-31,13.5,NONE,
O003897,2025-04-05,2025-04-13,C0653,R03,Completed,Card,Standard,2025-04-11,2025-04-13,12,NONE,
O003898,2025-09-26,2025-10-02,C0465,R04,Completed,Buy Now Pay Later,Standard,2025-10-02,2025-10-02,10,BACK2WORK,
O003899,2025-04-16,2025-04-21,C0382,R01,Returned,Card,Standard,2025-04-22,2025-04-21,8.5,NONE,
O003900,2025-10-16,2025-10-25,C0617,R03,Completed,Card,Standard,2025-10-22,2025-10-25,8.5,NONE,
O003901,2024-11-11,2024-11-21,C0503,R01,Completed,Buy Now Pay Later,Standard,2024-11-17,2024-11-21,8.5,HOLIDAY,
O003902,2025-12-29,2026-01-04,C0700,R03,Completed,Card,Standard,2026-01-04,2026-01-04,10,HOLIDAY,
O003903,2025-08-22,2025-09-01,C0612,R05,Completed,Card,Standard,2025-08-28,2025-09-01,8.5,NONE,
O003904,2025-01-08,2025-01-16,C0178,R01,Completed,Card,Standard,2025-01-14,2025-01-16,11.5,NONE,
O003905,2025-06-09,2025-06-15,C0558,R05,Completed,Bank Transfer,Standard,2025-06-15,2025-06-15,12,SPRING,
O003906,2025-07-05,2025-07-11,C0411,R01,Returned,Card,Standard,2025-07-11,2025-07-11,10,NONE,
O003907,2025-06-10,2025-06-15,C0466,R03,Completed,Card,Standard,2025-06-16,2025-06-15,8.5,NONE,
O003908,2024-06-18,2024-06-25,C0273,R02,Completed,Bank Transfer,Standard,2024-06-24,2024-06-25,8.5,NONE,
O003909,2024-02-29,2024-03-05,C0689,R03,Completed,Digital Wallet,Standard,2024-03-06,2024-03-05,13.5,NONE,
O003910,2024-01-15,2024-01-21,C0346,R06,Completed,Digital Wallet,Standard,2024-01-21,2024-01-21,8.5,NONE,
O003911,2025-06-04,2025-06-09,C0441,R06,Completed,Digital Wallet,Standard,2025-06-10,2025-06-09,10,NONE,
O003912,2025-07-02,2025-07-07,C0294,R08,Completed,Digital Wallet,Standard,2025-07-08,2025-07-07,8.5,NONE,
O003913,2025-02-10,2025-02-12,C0606,R04,Completed,Digital Wallet,Express,2025-02-13,2025-02-12,22,NONE,
O003914,2024-10-22,2024-10-27,C0498,R04,Returned,Card,Standard,2024-10-28,2024-10-27,13.5,NONE,
O003915,2024-10-09,2024-10-14,C0603,R08,Completed,Bank Transfer,Standard,2024-10-15,2024-10-14,10,BACK2WORK,
O003916,2025-01-25,2025-01-31,C0508,R04,Completed,Bank Transfer,Standard,2025-01-31,2025-01-31,8.5,NONE,
O003917,2025-02-03,2025-02-08,C0016,R05,Returned,Card,Standard,2025-02-09,2025-02-08,12,BACK2WORK,
O003918,2024-03-04,2024-03-07,C0552,R08,Completed,Buy Now Pay Later,Express,2024-03-07,2024-03-07,17,NONE,
O003919,2025-12-06,2025-12-09,C0555,R04,Completed,Card,Express,2025-12-09,2025-12-09,20.5,HOLIDAY,
O003920,2024-03-01,2024-03-06,C0294,R08,Completed,Card,Standard,2024-03-07,2024-03-06,13.5,NONE,
O003921,2024-10-09,2024-10-11,C0111,R03,Returned,Card,Express,2024-10-12,2024-10-11,19,NONE,
O003922,2025-05-11,2025-05-21,C0445,R01,Completed,Bank Transfer,Standard,2025-05-17,2025-05-21,8.5,NONE,
O003923,2024-10-02,2024-10-12,C0045,R01,Completed,Card,Standard,2024-10-08,2024-10-12,8.5,NONE,
O003924,2024-05-01,2024-05-07,C0715,R01,Completed,Card,Standard,2024-05-07,2024-05-07,15,SUMMER,
O003925,2024-12-23,2025-01-01,C0611,R01,Completed,Card,Standard,2024-12-29,2025-01-01,8.5,HOLIDAY,
O003926,2024-08-24,2024-09-02,C0333,R05,Completed,Card,Standard,2024-08-30,2024-09-02,12,SUMMER,
O003927,2024-02-29,2024-03-06,C0207,R01,Completed,Digital Wallet,Standard,2024-03-06,2024-03-06,8.5,NONE,
O003928,2024-01-26,2024-02-05,C0425,R07,Completed,Bank Transfer,Standard,2024-02-01,2024-02-05,18.5,NONE,
O003929,2024-08-08,2024-08-13,C0102,R04,Completed,Card,Standard,2024-08-14,2024-08-13,8.5,NONE,
O003930,2024-10-15,2024-10-23,C0094,R01,Completed,Card,Standard,2024-10-21,2024-10-23,8.5,NONE,
O003931,2024-01-23,2024-01-31,C0432,R01,Completed,Bank Transfer,Standard,2024-01-29,2024-01-31,13.5,NONE,
O003932,2025-06-12,2025-06-15,C0302,R05,Completed,Buy Now Pay Later,Express,2025-06-15,2025-06-15,22,NONE,
O003933,2024-10-24,2024-10-30,C0330,R03,Completed,Card,Standard,2024-10-30,2024-10-30,8.5,NONE,
O003934,2024-11-02,2024-11-09,C0483,R06,Completed,Card,Standard,2024-11-08,2024-11-09,10,HOLIDAY,
O003935,2025-11-26,2025-12-05,C0069,R05,Completed,Card,Standard,2025-12-02,2025-12-05,15,HOLIDAY,
O003936,2025-09-15,2025-09-20,C0134,R06,Completed,Card,Standard,2025-09-21,2025-09-20,10,NONE,
O003937,2024-11-21,2024-11-26,C0238,R04,Completed,Digital Wallet,Standard,2024-11-27,2024-11-26,11.5,HOLIDAY,
O003938,2024-09-02,2024-09-07,C0278,R02,Completed,Bank Transfer,Standard,2024-09-08,2024-09-07,12,NONE,
O003939,2024-03-26,2024-03-31,C0107,R08,Completed,Bank Transfer,Express,2024-03-29,2024-03-31,20.5,NONE,
O003940,2025-02-28,2025-03-06,C0473,R05,Completed,Buy Now Pay Later,Standard,2025-03-06,2025-03-06,8.5,NONE,
O003941,2025-03-04,2025-03-10,C0145,R02,Completed,Card,Standard,2025-03-10,2025-03-10,10,NONE,
O003942,2024-08-02,2024-08-08,C0124,R03,Completed,Digital Wallet,Standard,2024-08-08,2024-08-08,8.5,NONE,
O003943,2024-03-27,2024-04-01,C0391,R01,Completed,Card,Standard,2024-04-02,2024-04-01,10,NONE,
O003944,2025-08-17,2025-08-22,C0517,R06,Completed,Digital Wallet,Standard,2025-08-23,2025-08-22,16.5,BACK2WORK,
O003945,2025-03-28,2025-03-30,C0070,R03,Completed,Card,Express,2025-03-31,2025-03-30,15.5,SUMMER,
O003946,2025-11-10,2025-11-16,C0332,R06,Completed,Card,Standard,2025-11-16,2025-11-16,13.5,HOLIDAY,
O003947,2024-10-23,2024-10-25,C0617,R03,Completed,Buy Now Pay Later,Express,2024-10-26,2024-10-25,19,NONE,
O003948,2025-01-23,2025-01-29,C0054,R02,Completed,Card,Standard,2025-01-29,2025-01-29,10,NONE,
O003949,2024-01-26,2024-01-31,C0258,R07,Completed,Card,Standard,2024-02-01,2024-01-31,8.5,NONE,
O003950,2024-05-26,,C0573,R01,Cancelled,Digital Wallet,Standard,,,8.5,NONE,Payment failure
O003951,2025-06-25,2025-06-27,C0033,R02,Completed,Card,Express,2025-06-28,2025-06-27,24,SPRING,
O003952,2024-10-09,2024-10-15,C0201,R02,Completed,Card,Standard,2024-10-15,2024-10-15,8.5,BACK2WORK,
O003953,2024-07-30,2024-08-06,C0094,R01,Returned,Buy Now Pay Later,Standard,2024-08-05,2024-08-06,13.5,NONE,
O003954,2024-01-09,2024-01-17,C0198,R06,Completed,Card,Standard,2024-01-15,2024-01-17,11.5,NONE,
O003955,2024-08-09,2024-08-15,C0220,R06,Completed,Buy Now Pay Later,Standard,2024-08-15,2024-08-15,8.5,SPRING,
O003956,2024-10-03,2024-10-09,C0636,R01,Completed,Card,Standard,2024-10-09,2024-10-09,8.5,NONE,
O003957,2025-07-20,2025-07-25,C0104,R03,Completed,Bank Transfer,Standard,2025-07-26,2025-07-25,11.5,NONE,
O003958,2025-11-20,2025-11-28,C0318,R02,Completed,Card,Standard,2025-11-26,2025-11-28,10,HOLIDAY,
O003959,2024-07-14,2024-07-20,C0614,R04,Returned,Digital Wallet,Standard,2024-07-20,2024-07-20,15,NONE,
O003960,2025-09-11,2025-09-16,C0128,R04,Completed,Digital Wallet,Standard,2025-09-17,2025-09-16,8.5,NONE,
O003961,2025-10-12,2025-10-19,C0033,R02,Completed,Card,Standard,2025-10-18,2025-10-19,8.5,NONE,
O003962,2024-10-04,2024-10-09,C0149,R08,Completed,Digital Wallet,Standard,2024-10-10,2024-10-09,8.5,SUMMER,
O003963,2024-05-21,2024-05-27,C0108,R05,Completed,Buy Now Pay Later,Standard,2024-05-27,2024-05-27,13.5,NONE,
O003964,2024-01-23,2024-01-25,C0415,R06,Completed,Card,Express,2024-01-26,2024-01-25,19,SUMMER,
O003965,2025-10-28,2025-11-02,C0657,R01,Completed,Card,Standard,2025-11-03,2025-11-02,10,NONE,
O003966,2025-05-15,2025-05-21,C0669,R07,Completed,Card,Standard,2025-05-21,2025-05-21,8.5,NONE,
O003967,2025-03-26,2025-04-01,C0319,R04,Completed,Card,Standard,2025-04-01,2025-04-01,13.5,SPRING,
O003968,2024-01-13,2024-01-15,C0466,R03,Completed,Digital Wallet,Express,2024-01-16,2024-01-15,17,NONE,
O003969,2025-04-19,2025-04-22,C0552,R08,Completed,Digital Wallet,Express,2025-04-22,2025-04-22,15.5,NONE,
O003970,2024-11-16,2024-11-21,C0178,R01,Completed,Digital Wallet,Standard,2024-11-22,2024-11-21,8.5,HOLIDAY,
O003971,2025-08-13,2025-08-22,C0517,R06,Completed,Digital Wallet,Standard,2025-08-19,2025-08-22,13.5,NONE,
O003972,2024-10-29,2024-11-04,C0253,R03,Returned,Buy Now Pay Later,Standard,2024-11-04,2024-11-04,20,NONE,
O003973,2024-03-24,2024-03-31,C0220,R06,Completed,Digital Wallet,Standard,2024-03-30,2024-03-31,13.5,NONE,
O003974,2024-07-20,2024-07-25,C0477,R03,Completed,Card,Standard,2024-07-26,2024-07-25,13.5,SPRING,
O003975,2024-03-21,2024-03-27,C0569,R06,Completed,Bank Transfer,Standard,2024-03-27,2024-03-27,8.5,NONE,
O003976,2025-08-29,2025-09-04,C0637,R04,Returned,Card,Standard,2025-09-04,2025-09-04,15,NONE,
O003977,2024-03-01,2024-03-07,C0441,R06,Completed,Card,Standard,2024-03-07,2024-03-07,13,NONE,
O003978,2024-06-21,2024-07-01,C0182,R07,Completed,Buy Now Pay Later,Standard,2024-06-27,2024-07-01,8.5,NONE,
O003979,2025-05-07,2025-05-13,C0395,R04,Completed,Bank Transfer,Standard,2025-05-13,2025-05-13,8.5,NONE,
O003980,2025-12-07,2025-12-13,C0534,R01,Completed,Card,Standard,2025-12-13,2025-12-13,10,HOLIDAY,
O003981,2025-04-09,2025-04-15,C0572,R05,Returned,Digital Wallet,Standard,2025-04-15,2025-04-15,13.5,SPRING,
O003982,2024-04-01,2024-04-07,C0645,R03,Completed,Card,Standard,2024-04-07,2024-04-07,10,NONE,
O003983,2025-09-20,,C0580,R04,Cancelled,Card,Standard,,,13.5,NONE,Inventory unavailable
O003984,2025-03-14,2025-03-19,C0320,R03,Completed,Buy Now Pay Later,Standard,2025-03-20,2025-03-19,10,NONE,
O003985,2025-02-14,2025-02-20,C0476,R05,Completed,Bank Transfer,Standard,2025-02-20,2025-02-20,13.5,NONE,
O003986,2024-09-11,2024-09-20,C0207,R01,Completed,Buy Now Pay Later,Standard,2024-09-17,2024-09-20,8.5,NONE,
O003987,2025-01-09,2025-01-12,C0687,R05,Completed,Buy Now Pay Later,Express,2025-01-12,2025-01-12,15.5,NONE,
O003988,2025-12-18,2025-12-24,C0637,R04,Completed,Card,Standard,2025-12-24,2025-12-24,8.5,HOLIDAY,
O003989,2025-05-02,2025-05-08,C0006,R08,Completed,Digital Wallet,Standard,2025-05-08,2025-05-08,13.5,SPRING,
O003990,2025-09-17,2025-09-22,C0184,R03,Completed,Card,Standard,2025-09-23,2025-09-22,8.5,NONE,
O003991,2025-11-09,2025-11-15,C0501,R04,Completed,Digital Wallet,Standard,2025-11-15,2025-11-15,8.5,HOLIDAY,
O003992,2024-01-19,2024-01-25,C0513,R01,Completed,Card,Standard,2024-01-25,2024-01-25,11.5,NONE,
O003993,2024-05-03,2024-05-10,C0529,R06,Completed,Digital Wallet,Standard,2024-05-09,2024-05-10,16.5,NONE,
O003994,2025-01-23,2025-01-28,C0122,R01,Completed,Digital Wallet,Standard,2025-01-29,2025-01-28,8.5,NONE,
O003995,2025-01-26,2025-02-01,C0073,R04,Completed,Digital Wallet,Standard,2025-02-01,2025-02-01,12,NONE,
O003996,2025-08-15,2025-08-21,C0618,R04,Completed,Card,Standard,2025-08-21,2025-08-21,13.5,SUMMER,
O003997,2024-06-22,2024-06-27,C0498,R04,Completed,Card,Standard,2024-06-28,2024-06-27,17,NONE,
O003998,2025-03-14,2025-03-20,C0617,R03,Completed,Digital Wallet,Standard,2025-03-20,2025-03-20,11.5,NONE,
O003999,2024-11-15,2024-11-20,C0431,R03,Completed,Card,Standard,2024-11-21,2024-11-20,11.5,HOLIDAY,
O004000,2024-10-14,2024-10-19,C0583,R07,Completed,Card,Standard,2024-10-20,2024-10-19,11.5,NONE,
O004001,2025-09-10,2025-09-15,C0289,R03,Completed,Digital Wallet,Standard,2025-09-16,2025-09-15,8.5,NONE,
O004002,2025-08-06,,C0455,R06,Cancelled,Bank Transfer,Standard,,,8.5,NONE,Customer changed mind
O004003,2024-11-09,,C0095,R04,Cancelled,Card,Standard,,,12,HOLIDAY,Address issue
O004004,2025-03-26,2025-03-31,C0383,R03,Completed,Bank Transfer,Standard,2025-04-01,2025-03-31,13.5,NONE,
O004005,2025-01-02,2025-01-07,C0400,R05,Completed,Digital Wallet,Standard,2025-01-08,2025-01-07,12,SPRING,
O004006,2025-01-20,2025-01-26,C0273,R02,Completed,Card,Standard,2025-01-26,2025-01-26,12,SPRING,
O004007,2024-01-17,2024-01-23,C0049,R04,Returned,Card,Standard,2024-01-23,2024-01-23,10,NONE,
O004008,2025-02-08,2025-02-14,C0556,R07,Completed,Digital Wallet,Standard,2025-02-14,2025-02-14,10,NONE,
O004009,2025-07-07,2025-07-13,C0687,R05,Completed,Buy Now Pay Later,Standard,2025-07-13,2025-07-13,8.5,NONE,
O004010,2024-03-26,2024-03-28,C0031,R07,Completed,Digital Wallet,Express,2024-03-29,2024-03-28,18.5,SPRING,
O004011,2025-05-03,2025-05-08,C0615,R06,Returned,Card,Standard,2025-05-09,2025-05-08,8.5,NONE,
O004012,2025-05-17,2025-05-22,C0607,R06,Completed,Buy Now Pay Later,Standard,2025-05-23,2025-05-22,10,NONE,
O004013,2025-12-07,2025-12-13,C0705,R01,Completed,Digital Wallet,Standard,2025-12-13,2025-12-13,16.5,HOLIDAY,
O004014,2025-06-15,2025-06-21,C0365,R04,Completed,Digital Wallet,Standard,2025-06-21,2025-06-21,8.5,NONE,
O004015,2024-06-24,2024-06-29,C0278,R02,Completed,Bank Transfer,Standard,2024-06-30,2024-06-29,13.5,BACK2WORK,
O004016,2024-10-05,2024-10-10,C0638,R03,Completed,Card,Standard,2024-10-11,2024-10-10,8.5,NONE,
O004017,2025-04-18,2025-04-24,C0525,R02,Completed,Card,Standard,2025-04-24,2025-04-24,8.5,SUMMER,
O004018,2024-04-27,2024-05-02,C0035,R06,Completed,Digital Wallet,Standard,2024-05-03,2024-05-02,8.5,NONE,
O004019,2024-11-21,2024-11-27,C0294,R08,Completed,Card,Standard,2024-11-27,2024-11-27,10,HOLIDAY,
O004020,2024-05-31,2024-06-05,C0261,R08,Completed,Bank Transfer,Standard,2024-06-06,2024-06-05,8.5,NONE,
O004021,2025-11-14,2025-11-16,C0638,R03,Completed,Card,Express,2025-11-17,2025-11-16,17,HOLIDAY,
O004022,2024-06-30,2024-07-03,C0351,R01,Completed,Card,Express,2024-07-03,2024-07-03,17,NONE,
O004023,2025-04-29,2025-05-04,C0536,R03,Completed,Digital Wallet,Standard,2025-05-05,2025-05-04,8.5,NONE,
O004024,2025-05-01,2025-05-06,C0342,R02,Completed,Card,Standard,2025-05-07,2025-05-06,13.5,BACK2WORK,
O004025,2025-01-24,2025-01-29,C0391,R01,Completed,Card,Standard,2025-01-30,2025-01-29,8.5,NONE,
O004026,2025-05-26,2025-05-31,C0221,R06,Completed,Digital Wallet,Standard,2025-06-01,2025-05-31,8.5,NONE,
O004027,2024-05-22,2024-05-27,C0712,R01,Completed,Card,Standard,2024-05-28,2024-05-27,8.5,NONE,
O004028,2024-04-22,2024-04-28,C0145,R02,Returned,Card,Standard,2024-04-28,2024-04-28,8.5,NONE,
O004029,2025-05-23,2025-05-28,C0239,R04,Completed,Card,Standard,2025-05-29,2025-05-28,10,NONE,
O004030,2025-01-16,2025-01-22,C0462,R04,Completed,Digital Wallet,Standard,2025-01-22,2025-01-22,10,NONE,
O004031,2024-12-18,2024-12-23,C0397,R07,Completed,Card,Standard,2024-12-24,2024-12-23,8.5,HOLIDAY,
O004032,2025-09-21,,C0251,R07,Cancelled,Card,Standard,,,8.5,NONE,Customer changed mind
O004033,2024-03-27,2024-04-02,C0067,R04,Completed,Digital Wallet,Standard,2024-04-02,2024-04-02,8.5,NONE,
O004034,2025-09-18,,C0055,R02,Cancelled,Digital Wallet,Standard,,,12,NONE,Inventory unavailable
O004035,2024-06-05,2024-06-08,C0420,R04,Completed,Card,Express,2024-06-08,2024-06-08,17,NONE,
O004036,2024-12-01,2024-12-06,C0660,R06,Returned,Bank Transfer,Standard,2024-12-07,2024-12-06,13.5,HOLIDAY,
O004037,2024-12-06,2024-12-08,C0522,R08,Completed,Card,Express,2024-12-09,2024-12-08,19,HOLIDAY,
O004038,2024-09-06,2024-09-12,C0271,R05,Completed,Digital Wallet,Standard,2024-09-12,2024-09-12,8.5,NONE,
O004039,2025-12-18,2025-12-21,C0378,R05,Completed,Digital Wallet,Express,2025-12-21,2025-12-21,22,HOLIDAY,
O004040,2024-12-04,2024-12-10,C0226,R02,Completed,Digital Wallet,Standard,2024-12-10,2024-12-10,10,HOLIDAY,
O004041,2024-07-29,2024-08-04,C0330,R03,Completed,Digital Wallet,Standard,2024-08-04,2024-08-04,8.5,NONE,
O004042,2025-04-18,2025-04-27,C0610,R02,Completed,Buy Now Pay Later,Standard,2025-04-24,2025-04-27,8.5,NONE,
O004043,2025-02-14,2025-02-16,C0571,R06,Completed,Card,Express,2025-02-17,2025-02-16,19,NONE,
O004044,2024-07-01,2024-07-07,C0396,R03,Completed,Card,Standard,2024-07-07,2024-07-07,8.5,NONE,
O004045,2024-05-07,2024-05-12,C0301,R07,Completed,Digital Wallet,Standard,2024-05-13,2024-05-12,8.5,NONE,
O004046,2024-04-04,2024-04-09,C0291,R05,Completed,Card,Express,2024-04-07,2024-04-09,22,NONE,
O004047,2025-10-25,2025-10-31,C0556,R07,Completed,Card,Standard,2025-10-31,2025-10-31,8.5,NONE,
O004048,2025-09-08,2025-09-13,C0611,R01,Returned,Digital Wallet,Standard,2025-09-14,2025-09-13,8.5,NONE,
O004049,2025-01-17,2025-01-22,C0668,R07,Completed,Card,Standard,2025-01-23,2025-01-22,8.5,NONE,
O004050,2024-01-10,2024-01-16,C0088,R01,Completed,Card,Standard,2024-01-16,2024-01-16,10,SPRING,
O004051,2024-05-28,2024-06-03,C0451,R05,Completed,Card,Standard,2024-06-03,2024-06-03,8.5,SPRING,
O004052,2024-02-11,2024-02-16,C0094,R01,Completed,Card,Standard,2024-02-17,2024-02-16,13.5,NONE,
O004053,2024-12-08,2024-12-13,C0174,R08,Completed,Card,Standard,2024-12-14,2024-12-13,13.5,HOLIDAY,
O004054,2025-01-19,2025-01-24,C0689,R03,Completed,Bank Transfer,Standard,2025-01-25,2025-01-24,11.5,SUMMER,
O004055,2025-05-20,2025-05-25,C0374,R01,Completed,Digital Wallet,Standard,2025-05-26,2025-05-25,8.5,NONE,
O004056,2024-08-24,2024-08-30,C0134,R06,Completed,Card,Standard,2024-08-30,2024-08-30,16.5,NONE,
O004057,2024-11-09,2024-11-15,C0451,R05,Completed,Digital Wallet,Standard,2024-11-15,2024-11-15,8.5,HOLIDAY,
O004058,2024-04-20,2024-04-25,C0636,R01,Completed,Buy Now Pay Later,Standard,2024-04-26,2024-04-25,8.5,NONE,
O004059,2025-11-22,2025-11-28,C0004,R03,Completed,Bank Transfer,Standard,2025-11-28,2025-11-28,8.5,HOLIDAY,
O004060,2025-08-01,2025-08-06,C0527,R02,Completed,Digital Wallet,Standard,2025-08-07,2025-08-06,10,NONE,
O004061,2025-02-11,2025-02-16,C0340,R04,Completed,Bank Transfer,Standard,2025-02-17,2025-02-16,8.5,NONE,
O004062,2025-05-16,2025-05-24,C0373,R05,Completed,Card,Standard,2025-05-22,2025-05-24,8.5,SPRING,
O004063,2025-04-06,2025-04-16,C0140,R04,Completed,Bank Transfer,Standard,2025-04-12,2025-04-16,10,NONE,
O004064,2025-06-02,2025-06-07,C0393,R05,Completed,Digital Wallet,Standard,2025-06-08,2025-06-07,13.5,NONE,
O004065,2025-02-18,2025-02-24,C0566,R04,Completed,Card,Standard,2025-02-24,2025-02-24,8.5,SPRING,
O004066,2025-11-27,2025-12-02,C0503,R01,Completed,Buy Now Pay Later,Standard,2025-12-03,2025-12-02,13.5,HOLIDAY,
O004067,2024-08-20,2024-08-25,C0719,R04,Completed,Card,Standard,2024-08-26,2024-08-25,10,NONE,
O004068,2024-02-10,2024-02-16,C0556,R07,Completed,Bank Transfer,Standard,2024-02-16,2024-02-16,10,NONE,
O004069,2024-02-26,2024-03-02,C0294,R08,Completed,Bank Transfer,Standard,2024-03-03,2024-03-02,8.5,NONE,
O004070,2024-11-04,2024-11-09,C0719,R04,Returned,Digital Wallet,Standard,2024-11-10,2024-11-09,15,HOLIDAY,
O004071,2024-12-27,2025-01-04,C0399,R06,Completed,Card,Standard,2025-01-02,2025-01-04,8.5,HOLIDAY,
O004072,2024-01-18,2024-01-27,C0522,R08,Completed,Card,Standard,2024-01-24,2024-01-27,8.5,NONE,
O004073,2025-04-14,2025-04-19,C0689,R03,Completed,Digital Wallet,Standard,2025-04-20,2025-04-19,13.5,SUMMER,
O004074,2024-11-29,2024-12-04,C0302,R05,Completed,Digital Wallet,Standard,2024-12-05,2024-12-04,8.5,HOLIDAY,
O004075,2024-08-28,2024-08-30,C0143,R04,Completed,Card,Express,2024-08-31,2024-08-30,15.5,NONE,
O004076,2024-03-17,,C0513,R01,Cancelled,Card,Standard,,,8.5,NONE,Payment failure
O004077,2024-09-08,2024-09-11,C0652,R06,Completed,Bank Transfer,Express,2024-09-11,2024-09-11,17,NONE,
O004078,2025-07-19,2025-07-24,C0351,R01,Completed,Digital Wallet,Standard,2025-07-25,2025-07-24,8.5,NONE,
O004079,2024-10-11,2024-10-21,C0163,R04,Completed,Card,Standard,2024-10-17,2024-10-21,15,NONE,
O004080,2025-05-22,2025-06-01,C0088,R01,Completed,Card,Standard,2025-05-28,2025-06-01,13.5,NONE,
O004081,2025-05-13,2025-05-18,C0144,R04,Completed,Card,Standard,2025-05-19,2025-05-18,13.5,NONE,
O004082,2024-09-28,2024-10-03,C0091,R04,Completed,Digital Wallet,Standard,2024-10-04,2024-10-03,8.5,NONE,
O004083,2025-04-25,2025-05-05,C0102,R04,Completed,Card,Standard,2025-05-01,2025-05-05,12,BACK2WORK,
O004084,2025-09-08,2025-09-11,C0420,R04,Completed,Digital Wallet,Express,2025-09-11,2025-09-11,17,NONE,
O004085,2025-10-28,2025-11-07,C0037,R03,Completed,Card,Standard,2025-11-03,2025-11-07,10,NONE,
O004086,2024-09-21,2024-09-23,C0487,R07,Completed,Card,Express,2024-09-24,2024-09-23,18.5,NONE,
O004087,2025-12-30,2026-01-04,C0519,R03,Completed,Card,Standard,2026-01-05,2026-01-04,8.5,HOLIDAY,
O004088,2025-06-15,2025-06-20,C0691,R03,Completed,Card,Standard,2025-06-21,2025-06-20,15,NONE,
O004089,2025-03-03,2025-03-09,C0131,R06,Completed,Card,Standard,2025-03-09,2025-03-09,12,NONE,
O004090,2025-02-28,2025-03-06,C0527,R02,Completed,Bank Transfer,Standard,2025-03-06,2025-03-06,11.5,NONE,
O004091,2024-06-03,2024-06-05,C0441,R06,Completed,Card,Express,2024-06-06,2024-06-05,17,NONE,
O004092,2024-12-30,2025-01-06,C0289,R03,Completed,Bank Transfer,Standard,2025-01-05,2025-01-06,8.5,HOLIDAY,
O004093,2024-08-26,2024-08-29,C0668,R07,Completed,Digital Wallet,Express,2024-08-29,2024-08-29,17,NONE,
O004094,2025-07-10,2025-07-16,C0464,R06,Completed,Digital Wallet,Standard,2025-07-16,2025-07-16,10,NONE,
O004095,2025-11-21,2025-11-26,C0580,R04,Completed,Card,Standard,2025-11-27,2025-11-26,13.5,HOLIDAY,
O004096,2025-03-28,2025-04-03,C0329,R04,Completed,Bank Transfer,Standard,2025-04-03,2025-04-03,8.5,NONE,
O004097,2025-02-09,2025-02-14,C0400,R05,Completed,Digital Wallet,Standard,2025-02-15,2025-02-14,12,NONE,
O004098,2025-11-06,2025-11-12,C0661,R07,Completed,Bank Transfer,Standard,2025-11-12,2025-11-12,8.5,HOLIDAY,
O004099,2025-01-31,2025-02-03,C0441,R06,Completed,Card,Express,2025-02-03,2025-02-03,15.5,NONE,
O004100,2024-08-04,2024-08-09,C0226,R02,Completed,Card,Standard,2024-08-10,2024-08-09,8.5,NONE,
O004101,2025-03-27,2025-04-01,C0184,R03,Completed,Card,Standard,2025-04-02,2025-04-01,10,SUMMER,
O004102,2025-09-03,2025-09-09,C0683,R06,Completed,Card,Standard,2025-09-09,2025-09-09,10,NONE,
O004103,2024-07-21,2024-07-26,C0598,R06,Completed,Card,Standard,2024-07-27,2024-07-26,10,SPRING,
O004104,2024-01-31,2024-02-05,C0621,R08,Completed,Card,Standard,2024-02-06,2024-02-05,10,NONE,
O004105,2025-05-11,2025-05-16,C0687,R05,Completed,Card,Standard,2025-05-17,2025-05-16,13.5,NONE,
O004106,2025-09-14,2025-09-18,C0479,R04,Completed,Card,Express,2025-09-17,2025-09-18,19,NONE,
O004107,2024-10-27,2024-11-02,C0405,R06,Completed,Digital Wallet,Standard,2024-11-02,2024-11-02,8.5,NONE,
O004108,2025-10-18,2025-10-24,C0471,R06,Completed,Digital Wallet,Standard,2025-10-24,2025-10-24,8.5,SPRING,
O004109,2025-04-14,2025-04-20,C0431,R03,Completed,Card,Standard,2025-04-20,2025-04-20,8.5,NONE,
O004110,2024-05-29,2024-06-03,C0278,R02,Completed,Buy Now Pay Later,Standard,2024-06-04,2024-06-03,8.5,SPRING,
O004111,2025-10-11,2025-10-13,C0719,R04,Completed,Card,Express,2025-10-14,2025-10-13,15.5,NONE,
O004112,2025-09-20,2025-09-25,C0580,R04,Completed,Bank Transfer,Standard,2025-09-26,2025-09-25,8.5,NONE,
O004113,2024-06-20,2024-06-27,C0302,R05,Completed,Card,Standard,2024-06-26,2024-06-27,8.5,BACK2WORK,
O004114,2024-02-09,2024-02-15,C0330,R03,Completed,Buy Now Pay Later,Standard,2024-02-15,2024-02-15,12,NONE,
O004115,2024-07-31,2024-08-05,C0460,R03,Completed,Card,Standard,2024-08-06,2024-08-05,8.5,NONE,
O004116,2025-11-18,2025-11-21,C0157,R08,Completed,Digital Wallet,Express,2025-11-21,2025-11-21,17,HOLIDAY,
O004117,2024-02-03,2024-02-13,C0293,R07,Completed,Buy Now Pay Later,Standard,2024-02-09,2024-02-13,12,NONE,
O004118,2024-10-16,2024-10-19,C0079,R02,Completed,Buy Now Pay Later,Express,2024-10-19,2024-10-19,15.5,NONE,
O004119,2025-07-31,2025-08-10,C0412,R04,Completed,Card,Standard,2025-08-06,2025-08-10,12,NONE,
O004120,2025-11-19,2025-11-21,C0263,R02,Completed,Buy Now Pay Later,Express,2025-11-22,2025-11-21,17,HOLIDAY,
O004121,2025-04-05,2025-04-11,C0183,R07,Completed,Card,Standard,2025-04-11,2025-04-11,13.5,NONE,
O004122,2025-04-13,2025-04-18,C0212,R01,Completed,Digital Wallet,Standard,2025-04-19,2025-04-18,10,NONE,
O004123,2025-11-09,2025-11-15,C0424,R04,Completed,Digital Wallet,Standard,2025-11-15,2025-11-15,8.5,HOLIDAY,
O004124,2024-03-19,2024-03-22,C0320,R03,Completed,Card,Express,2024-03-22,2024-03-22,15.5,SUMMER,
O004125,2024-10-27,2024-11-02,C0411,R01,Completed,Card,Standard,2024-11-02,2024-11-02,8.5,NONE,
O004126,2025-03-04,,C0462,R04,Cancelled,Digital Wallet,Standard,,,17,NONE,Inventory unavailable
O004127,2024-01-28,2024-02-03,C0525,R02,Completed,Bank Transfer,Standard,2024-02-03,2024-02-03,10,NONE,
O004128,2025-12-14,2025-12-24,C0021,R05,Completed,Card,Standard,2025-12-20,2025-12-24,8.5,HOLIDAY,
O004129,2025-07-17,2025-07-22,C0534,R01,Completed,Digital Wallet,Standard,2025-07-23,2025-07-22,10,NONE,
O004130,2024-04-26,2024-05-02,C0145,R02,Completed,Digital Wallet,Standard,2024-05-02,2024-05-02,17,SPRING,
O004131,2025-05-28,2025-06-03,C0199,R07,Returned,Bank Transfer,Standard,2025-06-03,2025-06-03,8.5,NONE,
O004132,2025-10-20,2025-10-26,C0100,R07,Completed,Digital Wallet,Standard,2025-10-26,2025-10-26,8.5,NONE,
O004133,2024-10-27,2024-11-04,C0145,R02,Completed,Card,Standard,2024-11-02,2024-11-04,8.5,NONE,
O004134,2024-09-20,2024-09-26,C0174,R08,Completed,Bank Transfer,Standard,2024-09-26,2024-09-26,20,SPRING,
O004135,2025-09-28,2025-10-05,C0241,R05,Completed,Digital Wallet,Standard,2025-10-04,2025-10-05,12,NONE,
O004136,2024-11-02,2024-11-04,C0063,R01,Completed,Bank Transfer,Express,2024-11-05,2024-11-04,20,HOLIDAY,
O004137,2024-01-02,2024-01-07,C0552,R08,Completed,Bank Transfer,Standard,2024-01-08,2024-01-07,12,SPRING,
O004138,2024-12-23,2024-12-30,C0546,R06,Completed,Card,Standard,2024-12-29,2024-12-30,8.5,HOLIDAY,
O004139,2024-09-24,2024-09-26,C0251,R07,Completed,Buy Now Pay Later,Express,2024-09-27,2024-09-26,15.5,NONE,
O004140,2025-07-04,2025-07-10,C0657,R01,Returned,Card,Standard,2025-07-10,2025-07-10,8.5,BACK2WORK,
O004141,2024-12-17,2024-12-23,C0587,R05,Completed,Card,Standard,2024-12-23,2024-12-23,10,HOLIDAY,
O004142,2025-02-06,2025-02-12,C0554,R04,Completed,Digital Wallet,Standard,2025-02-12,2025-02-12,17,NONE,
O004143,2024-04-21,2024-04-23,C0383,R03,Completed,Card,Express,2024-04-24,2024-04-23,15.5,NONE,
O004144,2025-11-12,2025-11-18,C0618,R04,Completed,Bank Transfer,Express,2025-11-15,2025-11-18,22,HOLIDAY,
O004145,2025-09-02,2025-09-08,C0426,R04,Completed,Card,Standard,2025-09-08,2025-09-08,8.5,SUMMER,
O004146,2025-05-24,2025-05-29,C0405,R06,Completed,Buy Now Pay Later,Standard,2025-05-30,2025-05-29,11.5,SUMMER,
O004147,2025-11-23,2025-11-28,C0581,R06,Completed,Card,Standard,2025-11-29,2025-11-28,15,HOLIDAY,
O004148,2024-04-29,2024-05-04,C0157,R08,Completed,Bank Transfer,Standard,2024-05-05,2024-05-04,11.5,NONE,
O004149,2025-09-03,2025-09-08,C0316,R06,Completed,Bank Transfer,Standard,2025-09-09,2025-09-08,8.5,NONE,
O004150,2025-01-22,2025-01-24,C0655,R04,Completed,Digital Wallet,Express,2025-01-25,2025-01-24,17,NONE,
O004151,2024-11-18,2024-11-23,C0637,R04,Completed,Bank Transfer,Standard,2024-11-24,2024-11-23,15,HOLIDAY,
O004152,2025-05-25,2025-06-02,C0276,R05,Returned,Card,Standard,2025-05-31,2025-06-02,13.5,NONE,
O004153,2025-09-15,2025-09-18,C0074,R05,Completed,Digital Wallet,Express,2025-09-18,2025-09-18,15.5,NONE,
O004154,2024-11-17,2024-11-20,C0546,R06,Completed,Card,Express,2024-11-20,2024-11-20,22,HOLIDAY,
O004155,2024-02-03,2024-02-09,C0461,R07,Completed,Bank Transfer,Standard,2024-02-09,2024-02-09,8.5,NONE,
O004156,2025-03-28,2025-04-06,C0464,R06,Completed,Card,Standard,2025-04-03,2025-04-06,8.5,NONE,
O004157,2025-05-28,2025-06-03,C0550,R08,Completed,Bank Transfer,Standard,2025-06-03,2025-06-03,8.5,NONE,
O004158,2024-08-09,2024-08-14,C0213,R03,Completed,Bank Transfer,Standard,2024-08-15,2024-08-14,15,NONE,
O004159,2025-07-12,2025-07-19,C0016,R05,Completed,Digital Wallet,Standard,2025-07-18,2025-07-19,15,NONE,
O004160,2025-02-08,,C0442,R07,Cancelled,Card,Standard,,,11.5,NONE,Customer changed mind
O004161,2024-12-28,2025-01-03,C0522,R08,Completed,Card,Standard,2025-01-03,2025-01-03,16.5,HOLIDAY,
O004162,2024-08-16,2024-08-22,C0598,R06,Completed,Card,Standard,2024-08-22,2024-08-22,10,NONE,
O004163,2025-12-18,2025-12-23,C0687,R05,Completed,Card,Standard,2025-12-24,2025-12-23,8.5,HOLIDAY,
O004164,2025-07-16,2025-07-21,C0476,R05,Completed,Digital Wallet,Standard,2025-07-22,2025-07-21,15,NONE,
O004165,2025-05-14,2025-05-22,C0002,R07,Returned,Digital Wallet,Standard,2025-05-20,2025-05-22,13.5,NONE,
O004166,2025-05-08,2025-05-14,C0546,R06,Completed,Card,Standard,2025-05-14,2025-05-14,10,NONE,
O004167,2025-12-29,2026-01-03,C0580,R04,Returned,Card,Standard,2026-01-04,2026-01-03,8.5,HOLIDAY,
O004168,2025-05-16,2025-05-19,C0348,R05,Completed,Bank Transfer,Express,2025-05-19,2025-05-19,17,NONE,
O004169,2024-04-20,2024-04-25,C0305,R08,Completed,Card,Standard,2024-04-26,2024-04-25,8.5,NONE,
O004170,2025-03-29,2025-04-04,C0464,R06,Completed,Card,Standard,2025-04-04,2025-04-04,8.5,SPRING,
O004171,2024-04-11,2024-04-17,C0625,R02,Completed,Card,Standard,2024-04-17,2024-04-17,8.5,NONE,
O004172,2025-11-17,2025-11-23,C0178,R01,Completed,Digital Wallet,Standard,2025-11-23,2025-11-23,10,HOLIDAY,
O004173,2025-12-16,2025-12-19,C0238,R04,Completed,Bank Transfer,Express,2025-12-19,2025-12-19,17,HOLIDAY,
O004174,2024-03-30,2024-04-05,C0202,R07,Completed,Bank Transfer,Standard,2024-04-05,2024-04-05,8.5,SPRING,
O004175,2025-10-31,2025-11-09,C0021,R05,Completed,Bank Transfer,Standard,2025-11-06,2025-11-09,10,NONE,
O004176,2025-07-15,2025-07-21,C0382,R01,Completed,Card,Standard,2025-07-21,2025-07-21,13.5,NONE,
O004177,2025-06-09,2025-06-15,C0473,R05,Completed,Card,Standard,2025-06-15,2025-06-15,11.5,NONE,
O004178,2024-04-14,2024-04-20,C0021,R05,Completed,Buy Now Pay Later,Standard,2024-04-20,2024-04-20,8.5,NONE,
O004179,2025-02-15,2025-02-20,C0388,R03,Returned,Card,Standard,2025-02-21,2025-02-20,8.5,SUMMER,
O004180,2024-08-23,2024-08-25,C0471,R06,Completed,Digital Wallet,Express,2024-08-26,2024-08-25,24,NONE,
O004181,2025-09-12,2025-09-18,C0573,R01,Completed,Card,Standard,2025-09-18,2025-09-18,10,NONE,
O004182,2024-02-18,2024-02-23,C0063,R01,Completed,Bank Transfer,Standard,2024-02-24,2024-02-23,8.5,NONE,
O004183,2024-10-30,2024-11-05,C0464,R06,Completed,Card,Standard,2024-11-05,2024-11-05,8.5,NONE,
O004184,2024-08-19,2024-08-25,C0529,R06,Completed,Card,Standard,2024-08-25,2024-08-25,15,SPRING,
O004185,2025-05-12,2025-05-18,C0239,R04,Completed,Card,Standard,2025-05-18,2025-05-18,11.5,NONE,
O004186,2025-06-08,2025-06-14,C0617,R03,Completed,Card,Standard,2025-06-14,2025-06-14,10,NONE,
O004187,2025-12-24,2025-12-31,C0216,R08,Completed,Card,Standard,2025-12-30,2025-12-31,15,HOLIDAY,
O004188,2025-11-10,2025-11-17,C0435,R01,Completed,Card,Standard,2025-11-16,2025-11-17,11.5,HOLIDAY,
O004189,2025-08-30,2025-09-05,C0226,R02,Completed,Buy Now Pay Later,Standard,2025-09-05,2025-09-05,12,NONE,
O004190,2024-05-23,2024-05-28,C0155,R06,Completed,Card,Standard,2024-05-29,2024-05-28,8.5,NONE,
O004191,2024-02-25,2024-02-28,C0542,R01,Completed,Bank Transfer,Express,2024-02-28,2024-02-28,17,NONE,
O004192,2025-01-19,2025-01-25,C0381,R02,Completed,Card,Standard,2025-01-25,2025-01-25,8.5,NONE,
O004193,2025-06-10,2025-06-16,C0400,R05,Completed,Digital Wallet,Standard,2025-06-16,2025-06-16,10,NONE,
O004194,2024-05-20,2024-05-26,C0044,R06,Completed,Card,Standard,2024-05-26,2024-05-26,10,NONE,
O004195,2024-01-28,2024-02-07,C0428,R05,Completed,Buy Now Pay Later,Standard,2024-02-03,2024-02-07,8.5,NONE,
O004196,2025-07-22,2025-07-28,C0715,R01,Completed,Card,Standard,2025-07-28,2025-07-28,15,NONE,
O004197,2024-01-13,2024-01-18,C0346,R06,Returned,Bank Transfer,Standard,2024-01-19,2024-01-18,8.5,NONE,
O004198,2024-06-14,2024-06-19,C0091,R04,Completed,Digital Wallet,Standard,2024-06-20,2024-06-19,8.5,NONE,
O004199,2025-03-27,2025-04-06,C0220,R06,Completed,Card,Standard,2025-04-02,2025-04-06,13.5,NONE,
O004200,2024-11-02,,C0316,R06,Cancelled,Digital Wallet,Standard,,,8.5,HOLIDAY,Inventory unavailable
O004201,2025-04-11,2025-04-16,C0070,R03,Completed,Card,Standard,2025-04-17,2025-04-16,8.5,NONE,
O004202,2024-07-09,2024-07-14,C0473,R05,Completed,Card,Standard,2024-07-15,2024-07-14,10,SUMMER,
O004203,2025-11-04,2025-11-09,C0351,R01,Completed,Card,Standard,2025-11-10,2025-11-09,8.5,HOLIDAY,
O004204,2024-01-24,2024-01-29,C0569,R06,Completed,Digital Wallet,Standard,2024-01-30,2024-01-29,8.5,NONE,
O004205,2024-09-30,2024-10-06,C0161,R08,Completed,Digital Wallet,Standard,2024-10-06,2024-10-06,10,NONE,
O004206,2025-01-06,2025-01-12,C0637,R04,Completed,Card,Standard,2025-01-12,2025-01-12,10,NONE,
O004207,2024-10-29,2024-11-01,C0014,R05,Completed,Digital Wallet,Express,2024-11-01,2024-11-01,20.5,NONE,
O004208,2024-03-11,2024-03-16,C0366,R07,Completed,Card,Standard,2024-03-17,2024-03-16,8.5,NONE,
O004209,2024-04-25,2024-05-01,C0063,R01,Completed,Buy Now Pay Later,Standard,2024-05-01,2024-05-01,12,NONE,
O004210,2024-07-26,2024-07-31,C0653,R03,Completed,Card,Standard,2024-08-01,2024-07-31,12,NONE,
O004211,2025-05-15,2025-05-20,C0348,R05,Completed,Bank Transfer,Standard,2025-05-21,2025-05-20,15,NONE,
O004212,2025-01-19,2025-01-24,C0460,R03,Completed,Bank Transfer,Standard,2025-01-25,2025-01-24,15,NONE,
O004213,2025-03-29,2025-04-04,C0145,R02,Completed,Card,Standard,2025-04-04,2025-04-04,8.5,NONE,
O004214,2024-11-17,2024-11-19,C0441,R06,Completed,Digital Wallet,Express,2024-11-20,2024-11-19,15.5,HOLIDAY,
O004215,2025-10-14,2025-10-21,C0474,R03,Returned,Card,Standard,2025-10-20,2025-10-21,12,BACK2WORK,
O004216,2025-10-23,2025-10-27,C0178,R01,Completed,Card,Express,2025-10-26,2025-10-27,15.5,NONE,
O004217,2025-04-17,2025-04-22,C0404,R06,Completed,Digital Wallet,Standard,2025-04-23,2025-04-22,10,NONE,
O004218,2025-03-11,2025-03-16,C0345,R04,Completed,Bank Transfer,Standard,2025-03-17,2025-03-16,8.5,NONE,
O004219,2024-03-09,2024-03-14,C0220,R06,Completed,Card,Standard,2024-03-15,2024-03-14,10,NONE,
O004220,2024-08-21,2024-08-27,C0276,R05,Completed,Card,Standard,2024-08-27,2024-08-27,17,NONE,
O004221,2024-09-16,2024-09-19,C0161,R08,Completed,Digital Wallet,Express,2024-09-19,2024-09-19,15.5,NONE,
O004222,2024-06-11,2024-06-17,C0058,R01,Completed,Card,Express,2024-06-14,2024-06-17,19,NONE,
O004223,2024-10-10,2024-10-15,C0656,R04,Completed,Digital Wallet,Standard,2024-10-16,2024-10-15,8.5,NONE,
O004224,2025-08-20,2025-08-26,C0041,R04,Completed,Bank Transfer,Standard,2025-08-26,2025-08-26,8.5,NONE,
O004225,2025-12-15,2025-12-18,C0504,R06,Returned,Card,Express,2025-12-18,2025-12-18,22,HOLIDAY,
O004226,2025-05-31,2025-06-06,C0522,R08,Completed,Card,Standard,2025-06-06,2025-06-06,10,NONE,
O004227,2024-02-05,2024-02-11,C0563,R02,Completed,Digital Wallet,Standard,2024-02-11,2024-02-11,13.5,NONE,
O004228,2024-02-08,2024-02-17,C0504,R06,Completed,Card,Standard,2024-02-14,2024-02-17,11.5,NONE,
O004229,2025-09-26,2025-10-06,C0081,R05,Completed,Digital Wallet,Standard,2025-10-02,2025-10-06,8.5,NONE,
O004230,2025-01-23,2025-01-25,C0378,R05,Completed,Card,Express,2025-01-26,2025-01-25,18.5,NONE,
O004231,2025-10-13,2025-10-19,C0689,R03,Completed,Card,Standard,2025-10-19,2025-10-19,16.5,NONE,
O004232,2025-10-07,2025-10-17,C0273,R02,Returned,Card,Standard,2025-10-13,2025-10-17,12,NONE,
O004233,2025-03-03,2025-03-09,C0519,R03,Completed,Buy Now Pay Later,Standard,2025-03-09,2025-03-09,10,SUMMER,
O004234,2025-06-04,2025-06-10,C0153,R04,Completed,Buy Now Pay Later,Standard,2025-06-10,2025-06-10,8.5,NONE,
O004235,2025-04-07,2025-04-12,C0414,R04,Completed,Digital Wallet,Standard,2025-04-13,2025-04-12,10,NONE,
O004236,2025-11-10,2025-11-15,C0599,R04,Completed,Bank Transfer,Standard,2025-11-16,2025-11-15,8.5,HOLIDAY,
O004237,2024-08-17,2024-08-23,C0114,R05,Completed,Card,Standard,2024-08-23,2024-08-23,8.5,NONE,
O004238,2024-01-27,2024-02-02,C0441,R06,Completed,Bank Transfer,Standard,2024-02-02,2024-02-02,11.5,NONE,
O004239,2024-03-13,2024-03-18,C0651,R01,Completed,Bank Transfer,Standard,2024-03-19,2024-03-18,10,SUMMER,
O004240,2024-08-13,2024-08-19,C0563,R02,Completed,Buy Now Pay Later,Standard,2024-08-19,2024-08-19,8.5,NONE,
O004241,2025-09-06,2025-09-15,C0460,R03,Completed,Card,Standard,2025-09-12,2025-09-15,8.5,NONE,
O004242,2024-07-22,2024-07-28,C0525,R02,Completed,Digital Wallet,Standard,2024-07-28,2024-07-28,8.5,NONE,
O004243,2024-07-01,,C0294,R08,Cancelled,Card,Standard,,,8.5,NONE,Payment failure
O004244,2024-02-29,2024-03-06,C0417,R07,Completed,Digital Wallet,Express,2024-03-03,2024-03-06,18.5,NONE,
O004245,2025-07-27,2025-07-30,C0198,R06,Completed,Bank Transfer,Express,2025-07-30,2025-07-30,15.5,SPRING,
O004246,2024-03-25,2024-04-03,C0450,R04,Completed,Card,Standard,2024-03-31,2024-04-03,8.5,NONE,
O004247,2024-01-09,2024-01-14,C0063,R01,Completed,Card,Standard,2024-01-15,2024-01-14,11.5,NONE,
O004248,2025-07-30,2025-08-01,C0715,R01,Completed,Card,Express,2025-08-02,2025-08-01,24,NONE,
O004249,2024-12-30,2025-01-04,C0611,R01,Completed,Card,Standard,2025-01-05,2025-01-04,12,HOLIDAY,
O004250,2025-12-17,2025-12-22,C0480,R03,Completed,Bank Transfer,Standard,2025-12-23,2025-12-22,8.5,HOLIDAY,
O004251,2024-10-22,2024-10-28,C0001,R05,Completed,Bank Transfer,Standard,2024-10-28,2024-10-28,10,NONE,
O004252,2024-07-06,2024-07-15,C0124,R03,Completed,Card,Standard,2024-07-12,2024-07-15,8.5,NONE,
O004253,2024-06-01,2024-06-06,C0391,R01,Completed,Digital Wallet,Standard,2024-06-07,2024-06-06,12,NONE,
O004254,2025-09-10,2025-09-16,C0152,R06,Completed,Card,Standard,2025-09-16,2025-09-16,13.5,BACK2WORK,
O004255,2024-03-04,2024-03-10,C0293,R07,Completed,Digital Wallet,Standard,2024-03-10,2024-03-10,10,NONE,
O004256,2025-03-08,2025-03-14,C0088,R01,Completed,Card,Standard,2025-03-14,2025-03-14,12,NONE,
O004257,2024-09-28,2024-10-04,C0686,R01,Completed,Digital Wallet,Standard,2024-10-04,2024-10-04,8.5,NONE,
O004258,2024-09-02,2024-09-08,C0155,R06,Completed,Card,Standard,2024-09-08,2024-09-08,8.5,NONE,
O004259,2024-08-29,2024-09-08,C0391,R01,Completed,Card,Standard,2024-09-04,2024-09-08,12,NONE,
O004260,2025-09-08,2025-09-14,C0069,R05,Completed,Digital Wallet,Standard,2025-09-14,2025-09-14,8.5,NONE,
O004261,2025-09-22,2025-09-24,C0345,R04,Completed,Bank Transfer,Express,2025-09-25,2025-09-24,17,BACK2WORK,
O004262,2024-06-08,2024-06-14,C0226,R02,Completed,Digital Wallet,Standard,2024-06-14,2024-06-14,10,NONE,
O004263,2025-05-20,2025-05-25,C0213,R03,Completed,Digital Wallet,Standard,2025-05-26,2025-05-25,8.5,NONE,
O004264,2025-05-03,2025-05-08,C0014,R05,Completed,Bank Transfer,Standard,2025-05-09,2025-05-08,10,NONE,
O004265,2025-12-06,2025-12-11,C0398,R07,Completed,Bank Transfer,Standard,2025-12-12,2025-12-11,10,HOLIDAY,
O004266,2024-06-13,2024-06-19,C0617,R03,Completed,Digital Wallet,Standard,2024-06-19,2024-06-19,12,NONE,
O004267,2025-11-01,2025-11-07,C0580,R04,Completed,Bank Transfer,Standard,2025-11-07,2025-11-07,11.5,HOLIDAY,
O004268,2025-05-20,2025-05-22,C0014,R05,Returned,Card,Express,2025-05-23,2025-05-22,17,NONE,
O004269,2024-11-13,2024-11-16,C0464,R06,Completed,Card,Express,2024-11-16,2024-11-16,20.5,HOLIDAY,
O004270,2025-02-15,2025-02-21,C0461,R07,Completed,Card,Standard,2025-02-21,2025-02-21,13.5,SPRING,
O004271,2025-03-22,2025-03-28,C0432,R01,Completed,Card,Standard,2025-03-28,2025-03-28,10,NONE,
O004272,2024-09-20,2024-09-30,C0067,R04,Completed,Card,Standard,2024-09-26,2024-09-30,17,NONE,
O004273,2024-05-30,2024-06-04,C0669,R07,Completed,Digital Wallet,Standard,2024-06-05,2024-06-04,8.5,NONE,
O004274,2025-08-18,2025-08-23,C0409,R06,Completed,Card,Standard,2025-08-24,2025-08-23,16.5,NONE,
O004275,2024-03-21,2024-03-27,C0161,R08,Completed,Digital Wallet,Standard,2024-03-27,2024-03-27,10,NONE,
O004276,2024-10-05,2024-10-11,C0373,R05,Completed,Card,Standard,2024-10-11,2024-10-11,15,NONE,
O004277,2025-02-11,2025-02-16,C0525,R02,Completed,Digital Wallet,Standard,2025-02-17,2025-02-16,12,SPRING,
O004278,2024-09-20,2024-09-27,C0483,R06,Completed,Card,Express,2024-09-23,2024-09-27,19,NONE,
O004279,2024-08-03,2024-08-08,C0443,R05,Completed,Card,Standard,2024-08-09,2024-08-08,16.5,NONE,
O004280,2025-03-19,2025-03-22,C0385,R05,Completed,Bank Transfer,Express,2025-03-22,2025-03-22,17,NONE,
O004281,2025-12-22,2025-12-27,C0418,R04,Completed,Card,Standard,2025-12-28,2025-12-27,10,HOLIDAY,
O004282,2024-04-16,2024-04-22,C0453,R07,Completed,Bank Transfer,Standard,2024-04-22,2024-04-22,8.5,NONE,
O004283,2025-01-25,2025-01-30,C0107,R08,Completed,Bank Transfer,Standard,2025-01-31,2025-01-30,8.5,BACK2WORK,
O004284,2025-09-15,2025-09-21,C0551,R01,Completed,Digital Wallet,Standard,2025-09-21,2025-09-21,10,NONE,
O004285,2025-03-01,2025-03-06,C0425,R07,Completed,Bank Transfer,Standard,2025-03-07,2025-03-06,8.5,NONE,
O004286,2024-04-03,2024-04-08,C0478,R03,Completed,Card,Standard,2024-04-09,2024-04-08,10,NONE,
O004287,2025-10-15,2025-10-20,C0651,R01,Completed,Card,Standard,2025-10-21,2025-10-20,15,NONE,
O004288,2024-07-18,2024-07-23,C0580,R04,Completed,Buy Now Pay Later,Standard,2024-07-24,2024-07-23,10,NONE,
O004289,2025-10-05,2025-10-10,C0522,R08,Completed,Card,Standard,2025-10-11,2025-10-10,8.5,SUMMER,
O004290,2024-02-03,2024-02-12,C0035,R06,Completed,Card,Standard,2024-02-09,2024-02-12,13,NONE,
O004291,2025-07-04,2025-07-09,C0525,R02,Completed,Bank Transfer,Standard,2025-07-10,2025-07-09,8.5,NONE,
O004292,2024-03-24,2024-04-03,C0062,R02,Completed,Digital Wallet,Standard,2024-03-30,2024-04-03,8.5,NONE,
O004293,2024-11-05,2024-11-10,C0682,R05,Completed,Digital Wallet,Standard,2024-11-11,2024-11-10,10,HOLIDAY,
O004294,2024-03-13,2024-03-19,C0440,R07,Completed,Digital Wallet,Standard,2024-03-19,2024-03-19,8.5,NONE,
O004295,2025-07-31,2025-08-03,C0366,R07,Completed,Card,Express,2025-08-03,2025-08-03,17,NONE,
O004296,2025-11-22,2025-11-27,C0554,R04,Returned,Card,Standard,2025-11-28,2025-11-27,13.5,HOLIDAY,
O004297,2024-02-22,2024-02-27,C0480,R03,Completed,Digital Wallet,Standard,2024-02-28,2024-02-27,17,NONE,
O004298,2025-05-14,2025-05-19,C0261,R08,Completed,Buy Now Pay Later,Standard,2025-05-20,2025-05-19,8.5,SUMMER,
O004299,2025-07-28,2025-08-02,C0071,R06,Completed,Bank Transfer,Standard,2025-08-03,2025-08-02,10,NONE,
O004300,2024-01-20,2024-01-22,C0155,R06,Completed,Digital Wallet,Express,2024-01-23,2024-01-22,17,NONE,
O004301,2025-08-15,2025-08-21,C0489,R04,Completed,Card,Standard,2025-08-21,2025-08-21,8.5,NONE,
O004302,2024-02-15,2024-02-21,C0001,R05,Completed,Buy Now Pay Later,Standard,2024-02-21,2024-02-21,8.5,NONE,
O004303,2025-08-14,2025-08-21,C0039,R04,Completed,Card,Standard,2025-08-20,2025-08-21,16.5,NONE,
O004304,2024-03-03,2024-03-08,C0400,R05,Returned,Digital Wallet,Standard,2024-03-09,2024-03-08,8.5,NONE,
O004305,2024-10-10,2024-10-16,C0031,R07,Completed,Bank Transfer,Standard,2024-10-16,2024-10-16,13.5,NONE,
O004306,2024-11-09,2024-11-15,C0453,R07,Completed,Card,Standard,2024-11-15,2024-11-15,8.5,HOLIDAY,
O004307,2025-03-26,2025-04-05,C0689,R03,Completed,Bank Transfer,Standard,2025-04-01,2025-04-05,11.5,SUMMER,
O004308,2024-03-27,2024-03-29,C0525,R02,Completed,Card,Express,2024-03-30,2024-03-29,19,NONE,
O004309,2024-05-05,2024-05-11,C0026,R06,Completed,Bank Transfer,Standard,2024-05-11,2024-05-11,13.5,NONE,
O004310,2024-04-11,2024-04-17,C0713,R07,Completed,Buy Now Pay Later,Express,2024-04-14,2024-04-17,15.5,NONE,
O004311,2025-11-07,2025-11-12,C0342,R02,Completed,Buy Now Pay Later,Standard,2025-11-13,2025-11-12,8.5,HOLIDAY,
O004312,2024-02-06,2024-02-08,C0058,R01,Completed,Digital Wallet,Express,2024-02-09,2024-02-08,23.5,NONE,
O004313,2025-11-20,2025-11-23,C0498,R04,Completed,Digital Wallet,Express,2025-11-23,2025-11-23,20.5,HOLIDAY,
O004314,2025-12-17,2025-12-25,C0587,R05,Completed,Digital Wallet,Standard,2025-12-23,2025-12-25,10,HOLIDAY,
O004315,2024-08-18,2024-08-23,C0396,R03,Completed,Digital Wallet,Standard,2024-08-24,2024-08-23,11.5,NONE,
O004316,2025-06-23,2025-06-28,C0509,R03,Completed,Card,Standard,2025-06-29,2025-06-28,8.5,NONE,
O004317,2024-03-19,2024-03-24,C0558,R05,Returned,Card,Standard,2024-03-25,2024-03-24,11.5,NONE,
O004318,2025-11-01,2025-11-07,C0526,R02,Completed,Digital Wallet,Standard,2025-11-07,2025-11-07,11.5,HOLIDAY,
O004319,2025-06-17,2025-06-23,C0382,R01,Completed,Card,Express,2025-06-20,2025-06-23,20.5,NONE,
O004320,2025-03-17,2025-03-23,C0043,R01,Completed,Bank Transfer,Standard,2025-03-23,2025-03-23,11.5,NONE,
O004321,2025-03-10,2025-03-15,C0399,R06,Returned,Bank Transfer,Standard,2025-03-16,2025-03-15,12,NONE,
O004322,2024-06-22,2024-06-28,C0012,R06,Completed,Card,Standard,2024-06-28,2024-06-28,15,NONE,
O004323,2024-09-18,2024-09-24,C0647,R06,Completed,Card,Standard,2024-09-24,2024-09-24,8.5,NONE,
O004324,2025-06-14,2025-06-19,C0586,R05,Completed,Card,Express,2025-06-17,2025-06-19,19,BACK2WORK,
O004325,2024-03-13,2024-03-19,C0074,R05,Returned,Digital Wallet,Standard,2024-03-19,2024-03-19,15,NONE,
O004326,2024-12-15,2024-12-21,C0672,R01,Completed,Card,Standard,2024-12-21,2024-12-21,8.5,HOLIDAY,
O004327,2025-05-16,2025-05-21,C0348,R05,Completed,Digital Wallet,Standard,2025-05-22,2025-05-21,8.5,NONE,
O004328,2024-12-22,2024-12-26,C0270,R03,Completed,Card,Express,2024-12-25,2024-12-26,15.5,HOLIDAY,
O004329,2024-03-07,2024-03-13,C0074,R05,Completed,Card,Standard,2024-03-13,2024-03-13,8.5,NONE,
O004330,2024-11-18,2024-11-23,C0701,R03,Completed,Digital Wallet,Standard,2024-11-24,2024-11-23,8.5,HOLIDAY,
O004331,2025-11-25,2025-11-30,C0107,R08,Completed,Card,Standard,2025-12-01,2025-11-30,10,HOLIDAY,
O004332,2025-01-26,2025-02-01,C0611,R01,Completed,Card,Standard,2025-02-01,2025-02-01,13.5,NONE,
O004333,2025-06-24,2025-07-02,C0719,R04,Completed,Card,Standard,2025-06-30,2025-07-02,10,NONE,
O004334,2024-11-03,2024-11-06,C0184,R03,Completed,Digital Wallet,Express,2024-11-06,2024-11-06,15.5,HOLIDAY,
O004335,2025-02-13,2025-02-18,C0573,R01,Completed,Card,Standard,2025-02-19,2025-02-18,13.5,NONE,
O004336,2025-08-06,2025-08-11,C0707,R06,Completed,Card,Standard,2025-08-12,2025-08-11,8.5,NONE,
O004337,2024-07-25,2024-07-27,C0537,R02,Completed,Card,Express,2024-07-28,2024-07-27,17,SUMMER,
O004338,2024-04-18,2024-04-24,C0477,R03,Completed,Bank Transfer,Standard,2024-04-24,2024-04-24,8.5,SPRING,
O004339,2024-05-21,2024-05-29,C0184,R03,Completed,Bank Transfer,Standard,2024-05-27,2024-05-29,18.5,NONE,
O004340,2024-02-04,2024-02-11,C0522,R08,Completed,Card,Standard,2024-02-10,2024-02-11,16.5,NONE,
O004341,2024-06-19,2024-06-25,C0295,R03,Completed,Bank Transfer,Standard,2024-06-25,2024-06-25,8.5,NONE,
O004342,2024-04-08,2024-04-14,C0522,R08,Returned,Card,Standard,2024-04-14,2024-04-14,10,NONE,
O004343,2024-08-10,2024-08-15,C0150,R02,Completed,Digital Wallet,Standard,2024-08-16,2024-08-15,11.5,NONE,
O004344,2025-07-15,2025-07-22,C0148,R03,Completed,Card,Standard,2025-07-21,2025-07-22,10,NONE,
O004345,2024-08-08,2024-08-18,C0091,R04,Completed,Buy Now Pay Later,Standard,2024-08-14,2024-08-18,20,NONE,
O004346,2025-12-29,2026-01-04,C0443,R05,Completed,Bank Transfer,Standard,2026-01-04,2026-01-04,8.5,HOLIDAY,
O004347,2025-03-20,2025-03-25,C0333,R05,Completed,Buy Now Pay Later,Express,2025-03-23,2025-03-25,27,SPRING,
O004348,2024-03-21,2024-03-27,C0623,R08,Completed,Buy Now Pay Later,Standard,2024-03-27,2024-03-27,10,NONE,
O004349,2025-05-07,2025-05-14,C0055,R02,Completed,Card,Standard,2025-05-13,2025-05-14,11.5,NONE,
O004350,2024-08-22,2024-08-27,C0333,R05,Completed,Bank Transfer,Standard,2024-08-28,2024-08-27,13.5,NONE,
O004351,2025-01-02,2025-01-12,C0091,R04,Returned,Buy Now Pay Later,Standard,2025-01-08,2025-01-12,8.5,NONE,
O004352,2025-12-29,2025-12-31,C0539,R01,Completed,Bank Transfer,Express,2026-01-01,2025-12-31,15.5,HOLIDAY,
O004353,2025-03-30,2025-04-02,C0453,R07,Completed,Card,Express,2025-04-02,2025-04-02,15.5,NONE,
O004354,2025-03-10,2025-03-16,C0532,R07,Completed,Card,Standard,2025-03-16,2025-03-16,13.5,NONE,
O004355,2024-11-14,2024-11-19,C0672,R01,Completed,Bank Transfer,Standard,2024-11-20,2024-11-19,10,HOLIDAY,
O004356,2025-04-21,2025-04-27,C0625,R02,Completed,Card,Standard,2025-04-27,2025-04-27,10,NONE,
O004357,2024-07-21,2024-07-24,C0338,R04,Completed,Card,Express,2024-07-24,2024-07-24,15.5,NONE,
O004358,2025-09-06,2025-09-12,C0406,R04,Completed,Digital Wallet,Standard,2025-09-12,2025-09-12,13,NONE,
O004359,2024-02-21,2024-02-27,C0412,R04,Completed,Card,Standard,2024-02-27,2024-02-27,10,NONE,
O004360,2024-03-06,2024-03-12,C0573,R01,Completed,Card,Standard,2024-03-12,2024-03-12,8.5,SUMMER,
O004361,2024-07-08,2024-07-10,C0713,R07,Completed,Card,Express,2024-07-11,2024-07-10,22,SPRING,
O004362,2024-09-21,2024-09-28,C0669,R07,Completed,Card,Standard,2024-09-27,2024-09-28,10,NONE,
O004363,2025-11-14,2025-11-16,C0124,R03,Completed,Bank Transfer,Express,2025-11-17,2025-11-16,22,HOLIDAY,
O004364,2025-10-30,2025-11-04,C0402,R05,Completed,Digital Wallet,Standard,2025-11-05,2025-11-04,10,NONE,
O004365,2024-11-23,2024-11-29,C0305,R08,Completed,Bank Transfer,Standard,2024-11-29,2024-11-29,17,HOLIDAY,
O004366,2024-04-04,2024-04-09,C0390,R04,Completed,Card,Standard,2024-04-10,2024-04-09,13.5,NONE,
O004367,2024-03-25,2024-03-31,C0323,R08,Completed,Digital Wallet,Standard,2024-03-31,2024-03-31,8.5,NONE,
O004368,2025-05-02,2025-05-08,C0617,R03,Completed,Digital Wallet,Standard,2025-05-08,2025-05-08,11.5,NONE,
O004369,2025-09-25,2025-10-05,C0557,R05,Completed,Card,Standard,2025-10-01,2025-10-05,8.5,NONE,
O004370,2025-09-15,2025-09-22,C0551,R01,Returned,Digital Wallet,Standard,2025-09-21,2025-09-22,8.5,NONE,
O004371,2024-10-09,2024-10-14,C0145,R02,Completed,Digital Wallet,Standard,2024-10-15,2024-10-14,13.5,NONE,
O004372,2024-01-13,2024-01-19,C0425,R07,Completed,Card,Standard,2024-01-19,2024-01-19,10,NONE,
O004373,2025-11-10,2025-11-16,C0591,R02,Returned,Digital Wallet,Standard,2025-11-16,2025-11-16,13.5,HOLIDAY,
O004374,2025-10-22,2025-10-27,C0256,R05,Completed,Bank Transfer,Standard,2025-10-28,2025-10-27,12,NONE,
O004375,2025-05-10,2025-05-16,C0033,R02,Completed,Card,Standard,2025-05-16,2025-05-16,8.5,BACK2WORK,
O004376,2025-10-20,2025-10-25,C0607,R06,Completed,Card,Standard,2025-10-26,2025-10-25,8.5,NONE,
O004377,2025-01-14,2025-01-19,C0507,R04,Completed,Card,Standard,2025-01-20,2025-01-19,10,NONE,
O004378,2025-05-18,2025-05-23,C0067,R04,Completed,Card,Standard,2025-05-24,2025-05-23,8.5,NONE,
O004379,2024-06-29,2024-07-04,C0021,R05,Completed,Card,Standard,2024-07-05,2024-07-04,16.5,NONE,
O004380,2025-05-08,2025-05-14,C0464,R06,Completed,Card,Standard,2025-05-14,2025-05-14,8.5,NONE,
O004381,2025-03-09,2025-03-14,C0375,R04,Completed,Card,Standard,2025-03-15,2025-03-14,8.5,NONE,
O004382,2025-07-07,2025-07-12,C0120,R01,Returned,Card,Standard,2025-07-13,2025-07-12,16.5,NONE,
O004383,2024-05-31,2024-06-05,C0477,R03,Completed,Digital Wallet,Standard,2024-06-06,2024-06-05,13.5,SUMMER,
O004384,2024-03-10,2024-03-12,C0455,R06,Completed,Bank Transfer,Express,2024-03-13,2024-03-12,15.5,NONE,
O004385,2024-06-19,2024-06-24,C0321,R04,Completed,Card,Standard,2024-06-25,2024-06-24,10,NONE,
O004386,2025-12-19,2025-12-25,C0464,R06,Completed,Bank Transfer,Standard,2025-12-25,2025-12-25,8.5,HOLIDAY,
O004387,2025-08-14,2025-08-20,C0480,R03,Completed,Card,Standard,2025-08-20,2025-08-20,10,NONE,
O004388,2025-10-28,2025-11-03,C0406,R04,Completed,Digital Wallet,Standard,2025-11-03,2025-11-03,13.5,NONE,
O004389,2025-01-26,2025-02-03,C0390,R04,Returned,Card,Standard,2025-02-01,2025-02-03,17,NONE,
O004390,2024-09-15,2024-09-21,C0044,R06,Completed,Digital Wallet,Standard,2024-09-21,2024-09-21,8.5,NONE,
O004391,2025-03-09,2025-03-15,C0351,R01,Completed,Card,Standard,2025-03-15,2025-03-15,8.5,NONE,
O004392,2025-04-06,2025-04-09,C0265,R06,Completed,Card,Express,2025-04-09,2025-04-09,18.5,NONE,
O004393,2024-06-10,2024-06-20,C0503,R01,Completed,Card,Standard,2024-06-16,2024-06-20,11.5,NONE,
O004394,2024-12-11,2024-12-17,C0410,R01,Completed,Digital Wallet,Standard,2024-12-17,2024-12-17,12,HOLIDAY,
O004395,2025-10-11,2025-10-17,C0520,R05,Completed,Card,Standard,2025-10-17,2025-10-17,15,NONE,
O004396,2024-08-27,2024-09-01,C0276,R05,Completed,Buy Now Pay Later,Standard,2024-09-02,2024-09-01,10,NONE,
O004397,2025-05-13,2025-05-19,C0037,R03,Completed,Card,Standard,2025-05-19,2025-05-19,8.5,NONE,
O004398,2024-05-21,2024-05-26,C0182,R07,Completed,Card,Standard,2024-05-27,2024-05-26,12,NONE,
O004399,2025-03-27,2025-04-01,C0644,R08,Completed,Digital Wallet,Standard,2025-04-02,2025-04-01,8.5,NONE,
O004400,2024-12-17,2024-12-19,C0669,R07,Completed,Card,Express,2024-12-20,2024-12-19,20.5,HOLIDAY,
O004401,2024-03-21,2024-03-27,C0299,R06,Completed,Digital Wallet,Standard,2024-03-27,2024-03-27,10,NONE,
O004402,2025-03-18,2025-03-23,C0333,R05,Completed,Buy Now Pay Later,Standard,2025-03-24,2025-03-23,10,NONE,
O004403,2025-11-23,2025-11-29,C0005,R02,Returned,Buy Now Pay Later,Standard,2025-11-29,2025-11-29,12,HOLIDAY,
O004404,2025-03-14,2025-03-16,C0393,R05,Completed,Digital Wallet,Express,2025-03-17,2025-03-16,18.5,SPRING,
O004405,2025-11-03,2025-11-09,C0381,R02,Completed,Card,Standard,2025-11-09,2025-11-09,8.5,HOLIDAY,
O004406,2024-08-23,2024-08-26,C0237,R05,Returned,Card,Express,2024-08-26,2024-08-26,23.5,NONE,
O004407,2024-04-11,2024-04-16,C0182,R07,Completed,Digital Wallet,Standard,2024-04-17,2024-04-16,8.5,NONE,
O004408,2025-01-14,2025-01-19,C0175,R03,Completed,Buy Now Pay Later,Standard,2025-01-20,2025-01-19,10,SUMMER,
O004409,2025-02-04,2025-02-10,C0256,R05,Completed,Digital Wallet,Standard,2025-02-10,2025-02-10,12,NONE,
O004410,2024-09-08,2024-09-11,C0181,R01,Completed,Card,Express,2024-09-11,2024-09-11,15.5,NONE,
O004411,2024-03-30,2024-04-04,C0016,R05,Completed,Card,Standard,2024-04-05,2024-04-04,8.5,NONE,
O004412,2024-07-08,2024-07-14,C0547,R08,Completed,Card,Standard,2024-07-14,2024-07-14,8.5,NONE,
O004413,2025-07-26,2025-07-31,C0342,R02,Completed,Digital Wallet,Standard,2025-08-01,2025-07-31,8.5,NONE,
O004414,2024-08-31,2024-09-05,C0381,R02,Completed,Buy Now Pay Later,Standard,2024-09-06,2024-09-05,8.5,NONE,
O004415,2024-12-12,2024-12-18,C0161,R08,Completed,Card,Standard,2024-12-18,2024-12-18,8.5,HOLIDAY,
O004416,2025-02-05,2025-02-14,C0512,R05,Completed,Card,Standard,2025-02-11,2025-02-14,12,NONE,
O004417,2024-04-12,2024-04-18,C0067,R04,Completed,Card,Standard,2024-04-18,2024-04-18,8.5,NONE,
O004418,2025-11-15,2025-11-21,C0617,R03,Completed,Bank Transfer,Standard,2025-11-21,2025-11-21,8.5,HOLIDAY,
O004419,2024-07-07,2024-07-12,C0391,R01,Completed,Digital Wallet,Standard,2024-07-13,2024-07-12,18.5,NONE,
O004420,2025-06-16,2025-06-21,C0153,R04,Completed,Card,Standard,2025-06-22,2025-06-21,10,NONE,
O004421,2025-03-05,2025-03-14,C0525,R02,Completed,Buy Now Pay Later,Standard,2025-03-11,2025-03-14,8.5,SPRING,
O004422,2025-12-23,2025-12-29,C0044,R06,Completed,Card,Standard,2025-12-29,2025-12-29,11.5,HOLIDAY,
O004423,2025-03-11,2025-03-13,C0012,R06,Completed,Bank Transfer,Express,2025-03-14,2025-03-13,20.5,NONE,
O004424,2024-05-09,2024-05-15,C0012,R06,Completed,Buy Now Pay Later,Standard,2024-05-15,2024-05-15,10,NONE,
O004425,2025-11-24,2025-11-29,C0064,R03,Completed,Card,Standard,2025-11-30,2025-11-29,8.5,HOLIDAY,
O004426,2025-10-30,2025-11-05,C0713,R07,Completed,Card,Standard,2025-11-05,2025-11-05,8.5,NONE,
O004427,2025-07-06,2025-07-11,C0298,R06,Completed,Bank Transfer,Standard,2025-07-12,2025-07-11,8.5,NONE,
O004428,2025-09-01,2025-09-07,C0079,R02,Completed,Digital Wallet,Standard,2025-09-07,2025-09-07,12,NONE,
O004429,2024-11-12,2024-11-15,C0378,R05,Returned,Bank Transfer,Express,2024-11-15,2024-11-15,15.5,HOLIDAY,
O004430,2024-02-21,2024-02-26,C0413,R07,Completed,Digital Wallet,Standard,2024-02-27,2024-02-26,11.5,NONE,
O004431,2025-08-19,2025-08-24,C0089,R01,Returned,Card,Standard,2025-08-25,2025-08-24,12,NONE,
O004432,2025-05-05,2025-05-10,C0517,R06,Completed,Bank Transfer,Standard,2025-05-11,2025-05-10,8.5,SPRING,
O004433,2024-05-07,2024-05-13,C0378,R05,Completed,Digital Wallet,Standard,2024-05-13,2024-05-13,10,NONE,
O004434,2024-11-18,2024-11-24,C0239,R04,Completed,Card,Standard,2024-11-24,2024-11-24,8.5,HOLIDAY,
O004435,2025-03-05,2025-03-10,C0618,R04,Returned,Bank Transfer,Standard,2025-03-11,2025-03-10,12,BACK2WORK,
O004436,2025-03-04,2025-03-09,C0248,R07,Returned,Bank Transfer,Standard,2025-03-10,2025-03-09,8.5,NONE,
O004437,2024-01-18,2024-01-20,C0176,R08,Completed,Digital Wallet,Express,2024-01-21,2024-01-20,15.5,NONE,
O004438,2024-04-06,2024-04-12,C0351,R01,Completed,Card,Standard,2024-04-12,2024-04-12,13,NONE,
O004439,2024-06-26,2024-07-01,C0431,R03,Completed,Card,Standard,2024-07-02,2024-07-01,12,NONE,
O004440,2025-01-03,2025-01-10,C0538,R04,Completed,Buy Now Pay Later,Standard,2025-01-09,2025-01-10,12,SUMMER,
O004441,2025-06-22,2025-06-24,C0202,R07,Completed,Card,Express,2025-06-25,2025-06-24,17,NONE,
O004442,2025-05-05,2025-05-10,C0542,R01,Completed,Card,Standard,2025-05-11,2025-05-10,11.5,NONE,
O004443,2024-07-26,2024-08-02,C0107,R08,Completed,Bank Transfer,Standard,2024-08-01,2024-08-02,15,NONE,
O004444,2024-12-01,2024-12-07,C0153,R04,Completed,Card,Standard,2024-12-07,2024-12-07,11.5,HOLIDAY,
O004445,2025-03-17,2025-03-23,C0497,R02,Completed,Digital Wallet,Standard,2025-03-23,2025-03-23,8.5,NONE,
O004446,2025-01-09,2025-01-15,C0338,R04,Completed,Card,Standard,2025-01-15,2025-01-15,10,SUMMER,
O004447,2025-08-04,2025-08-10,C0606,R04,Completed,Digital Wallet,Standard,2025-08-10,2025-08-10,10,NONE,
O004448,2024-03-26,2024-04-01,C0220,R06,Completed,Bank Transfer,Standard,2024-04-01,2024-04-01,12,NONE,
O004449,2025-04-02,2025-04-05,C0607,R06,Completed,Card,Express,2025-04-05,2025-04-05,15.5,NONE,
O004450,2025-04-13,2025-04-18,C0091,R04,Completed,Digital Wallet,Standard,2025-04-19,2025-04-18,8.5,BACK2WORK,
O004451,2025-04-24,2025-04-29,C0226,R02,Completed,Card,Standard,2025-04-30,2025-04-29,13.5,NONE,
O004452,2024-04-30,2024-05-05,C0152,R06,Returned,Digital Wallet,Standard,2024-05-06,2024-05-05,12,NONE,
O004453,2025-04-22,2025-04-27,C0546,R06,Completed,Card,Standard,2025-04-28,2025-04-27,8.5,NONE,
O004454,2025-07-30,2025-08-05,C0184,R03,Completed,Digital Wallet,Standard,2025-08-05,2025-08-05,10,NONE,
O004455,2025-06-17,2025-06-23,C0213,R03,Completed,Card,Standard,2025-06-23,2025-06-23,15,SUMMER,
O004456,2025-12-16,2025-12-22,C0269,R06,Returned,Card,Standard,2025-12-22,2025-12-22,13.5,HOLIDAY,
O004457,2024-01-05,2024-01-15,C0054,R02,Completed,Card,Standard,2024-01-11,2024-01-15,8.5,NONE,
O004458,2025-02-11,2025-02-20,C0128,R04,Completed,Digital Wallet,Standard,2025-02-17,2025-02-20,8.5,NONE,
O004459,2024-01-21,2024-01-27,C0610,R02,Completed,Buy Now Pay Later,Standard,2024-01-27,2024-01-27,8.5,NONE,
O004460,2024-04-13,2024-04-18,C0231,R02,Completed,Card,Standard,2024-04-19,2024-04-18,8.5,NONE,
O004461,2024-09-25,,C0527,R02,Cancelled,Digital Wallet,Standard,,,12,NONE,Address issue
O004462,2024-11-24,2024-11-29,C0302,R05,Completed,Card,Standard,2024-11-30,2024-11-29,8.5,HOLIDAY,
O004463,2025-11-23,2025-11-28,C0138,R04,Completed,Buy Now Pay Later,Standard,2025-11-29,2025-11-28,10,HOLIDAY,
O004464,2024-01-07,2024-01-14,C0088,R01,Completed,Card,Standard,2024-01-13,2024-01-14,12,NONE,
O004465,2024-05-02,2024-05-07,C0607,R06,Completed,Card,Standard,2024-05-08,2024-05-07,10,NONE,
O004466,2025-06-05,2025-06-14,C0543,R01,Completed,Card,Standard,2025-06-11,2025-06-14,13.5,NONE,
O004467,2024-12-21,2024-12-27,C0557,R05,Completed,Digital Wallet,Standard,2024-12-27,2024-12-27,8.5,HOLIDAY,
O004468,2024-06-28,2024-07-03,C0539,R01,Completed,Bank Transfer,Standard,2024-07-04,2024-07-03,11.5,NONE,
O004469,2025-01-07,2025-01-12,C0058,R01,Completed,Bank Transfer,Standard,2025-01-13,2025-01-12,8.5,NONE,
O004470,2024-04-17,2024-04-22,C0055,R02,Completed,Card,Standard,2024-04-23,2024-04-22,15,NONE,
O004471,2025-12-05,2025-12-11,C0651,R01,Completed,Digital Wallet,Standard,2025-12-11,2025-12-11,10,HOLIDAY,
O004472,2025-06-03,2025-06-06,C0519,R03,Completed,Card,Express,2025-06-06,2025-06-06,18.5,NONE,
O004473,2024-07-15,2024-07-17,C0669,R07,Completed,Card,Express,2024-07-18,2024-07-17,19,NONE,
O004474,2024-12-27,2024-12-31,C0135,R03,Completed,Card,Express,2024-12-30,2024-12-31,15.5,HOLIDAY,
O004475,2024-09-02,2024-09-08,C0154,R01,Completed,Digital Wallet,Standard,2024-09-08,2024-09-08,8.5,NONE,
O004476,2024-04-11,2024-04-14,C0497,R02,Completed,Card,Express,2024-04-14,2024-04-14,18.5,SPRING,
O004477,2024-07-01,2024-07-06,C0657,R01,Completed,Bank Transfer,Standard,2024-07-07,2024-07-06,8.5,NONE,
O004478,2025-05-22,2025-05-27,C0658,R08,Completed,Card,Standard,2025-05-28,2025-05-27,15,NONE,
O004479,2024-01-01,2024-01-06,C0526,R02,Completed,Digital Wallet,Standard,2024-01-07,2024-01-06,10,NONE,
O004480,2024-09-19,2024-09-24,C0052,R04,Completed,Bank Transfer,Standard,2024-09-25,2024-09-24,8.5,SUMMER,
O004481,2025-01-01,2025-01-07,C0056,R06,Completed,Card,Standard,2025-01-07,2025-01-07,10,SPRING,
O004482,2024-07-16,2024-07-19,C0672,R01,Completed,Digital Wallet,Express,2024-07-19,2024-07-19,17,NONE,
O004483,2025-11-03,2025-11-06,C0620,R04,Completed,Card,Express,2025-11-06,2025-11-06,15.5,HOLIDAY,
O004484,2025-06-04,2025-06-06,C0107,R08,Completed,Buy Now Pay Later,Express,2025-06-07,2025-06-06,22,NONE,
O004485,2024-08-03,2024-08-08,C0635,R04,Completed,Digital Wallet,Standard,2024-08-09,2024-08-08,11.5,NONE,
O004486,2024-03-23,2024-03-28,C0033,R02,Completed,Card,Standard,2024-03-29,2024-03-28,8.5,NONE,
O004487,2024-09-04,2024-09-06,C0700,R03,Returned,Card,Express,2024-09-07,2024-09-06,15.5,NONE,
O004488,2024-04-19,2024-04-25,C0668,R07,Completed,Digital Wallet,Standard,2024-04-25,2024-04-25,8.5,NONE,
O004489,2025-07-14,2025-07-20,C0431,R03,Completed,Card,Standard,2025-07-20,2025-07-20,8.5,NONE,
O004490,2024-10-20,2024-10-25,C0431,R03,Completed,Card,Standard,2024-10-26,2024-10-25,8.5,NONE,
O004491,2025-03-06,2025-03-11,C0330,R03,Completed,Buy Now Pay Later,Standard,2025-03-12,2025-03-11,13.5,SUMMER,
O004492,2025-08-08,2025-08-14,C0102,R04,Completed,Card,Standard,2025-08-14,2025-08-14,12,NONE,
O004493,2025-07-06,2025-07-12,C0174,R08,Completed,Card,Standard,2025-07-12,2025-07-12,8.5,NONE,
O004494,2025-10-31,2025-11-06,C0715,R01,Completed,Buy Now Pay Later,Standard,2025-11-06,2025-11-06,12,NONE,
O004495,2025-09-17,2025-09-23,C0450,R04,Completed,Bank Transfer,Standard,2025-09-23,2025-09-23,12,NONE,
O004496,2024-05-01,2024-05-06,C0091,R04,Completed,Card,Standard,2024-05-07,2024-05-06,8.5,NONE,
O004497,2024-05-08,2024-05-16,C0580,R04,Completed,Card,Standard,2024-05-14,2024-05-16,15,NONE,
O004498,2024-03-16,2024-03-21,C0645,R03,Completed,Card,Standard,2024-03-22,2024-03-21,8.5,NONE,
O004499,2025-03-15,2025-03-25,C0028,R08,Completed,Card,Standard,2025-03-21,2025-03-25,12,NONE,
O004500,2025-11-15,2025-11-21,C0464,R06,Completed,Card,Standard,2025-11-21,2025-11-21,11.5,HOLIDAY,
O004501,2024-08-30,2024-09-04,C0108,R05,Completed,Digital Wallet,Standard,2024-09-05,2024-09-04,8.5,NONE,
O004502,2024-09-09,2024-09-14,C0333,R05,Completed,Bank Transfer,Standard,2024-09-15,2024-09-14,8.5,NONE,
O004503,2024-12-24,2024-12-27,C0683,R06,Completed,Digital Wallet,Express,2024-12-27,2024-12-27,15.5,HOLIDAY,
O004504,2025-11-25,2025-12-01,C0238,R04,Completed,Card,Standard,2025-12-01,2025-12-01,8.5,HOLIDAY,
O004505,2025-04-01,2025-04-07,C0351,R01,Completed,Bank Transfer,Express,2025-04-04,2025-04-07,20.5,NONE,
O004506,2025-04-22,2025-04-27,C0715,R01,Completed,Card,Standard,2025-04-28,2025-04-27,8.5,SUMMER,
O004507,2024-08-01,2024-08-07,C0617,R03,Completed,Card,Standard,2024-08-07,2024-08-07,12,NONE,
O004508,2024-01-23,2024-01-25,C0625,R02,Completed,Card,Express,2024-01-26,2024-01-25,19,NONE,
O004509,2025-11-14,2025-11-19,C0090,R03,Completed,Bank Transfer,Standard,2025-11-20,2025-11-19,8.5,HOLIDAY,
O004510,2025-10-13,2025-10-21,C0412,R04,Completed,Card,Standard,2025-10-19,2025-10-21,12,NONE,
O004511,2025-02-07,2025-02-14,C0346,R06,Completed,Card,Standard,2025-02-13,2025-02-14,13,NONE,
O004512,2024-08-13,2024-08-18,C0061,R08,Completed,Card,Standard,2024-08-19,2024-08-18,15,NONE,
O004513,2025-01-06,2025-01-09,C0051,R03,Completed,Digital Wallet,Express,2025-01-09,2025-01-09,19,NONE,
O004514,2024-06-22,2024-06-25,C0580,R04,Completed,Bank Transfer,Express,2024-06-25,2024-06-25,15.5,BACK2WORK,
O004515,2025-10-19,2025-10-24,C0143,R04,Completed,Digital Wallet,Standard,2025-10-25,2025-10-24,8.5,NONE,
O004516,2024-05-16,2024-05-22,C0074,R05,Completed,Card,Standard,2024-05-22,2024-05-22,17,SPRING,
O004517,2024-02-12,2024-02-18,C0261,R08,Completed,Card,Standard,2024-02-18,2024-02-18,8.5,NONE,
O004518,2024-11-15,2024-11-22,C0052,R04,Completed,Bank Transfer,Standard,2024-11-21,2024-11-22,15,HOLIDAY,
O004519,2025-06-03,2025-06-09,C0100,R07,Completed,Card,Standard,2025-06-09,2025-06-09,10,NONE,
O004520,2024-07-12,2024-07-19,C0231,R02,Completed,Card,Standard,2024-07-18,2024-07-19,12,NONE,
O004521,2025-02-14,2025-02-20,C0692,R04,Completed,Card,Standard,2025-02-20,2025-02-20,8.5,NONE,
O004522,2025-01-01,2025-01-08,C0330,R03,Completed,Card,Standard,2025-01-07,2025-01-08,8.5,NONE,
O004523,2024-11-21,2024-11-26,C0468,R06,Completed,Digital Wallet,Standard,2024-11-27,2024-11-26,13.5,HOLIDAY,
O004524,2025-03-11,2025-03-16,C0464,R06,Completed,Card,Standard,2025-03-17,2025-03-16,10,NONE,
O004525,2024-02-15,2024-02-17,C0295,R03,Completed,Card,Express,2024-02-18,2024-02-17,20.5,NONE,
O004526,2025-09-19,2025-09-24,C0138,R04,Completed,Digital Wallet,Standard,2025-09-25,2025-09-24,10,BACK2WORK,
O004527,2024-01-28,,C0335,R07,Cancelled,Buy Now Pay Later,Express,,,20,NONE,Payment failure
O004528,2025-05-13,2025-05-16,C0411,R01,Completed,Buy Now Pay Later,Express,2025-05-16,2025-05-16,15.5,NONE,
O004529,2025-03-23,2025-03-25,C0091,R04,Completed,Buy Now Pay Later,Express,2025-03-26,2025-03-25,17,NONE,
O004530,2025-12-18,2025-12-21,C0081,R05,Completed,Digital Wallet,Express,2025-12-21,2025-12-21,18.5,HOLIDAY,
O004531,2024-07-01,,C0044,R06,Cancelled,Bank Transfer,Standard,,,10,BACK2WORK,Customer changed mind
O004532,2024-11-16,2024-11-23,C0145,R02,Completed,Card,Express,2024-11-19,2024-11-23,15.5,HOLIDAY,
O004533,2025-02-26,2025-03-03,C0509,R03,Completed,Digital Wallet,Standard,2025-03-04,2025-03-03,8.5,NONE,
O004534,2024-01-29,2024-02-01,C0399,R06,Completed,Card,Express,2024-02-01,2024-02-01,20.5,NONE,
O004535,2024-12-04,2024-12-12,C0315,R08,Completed,Bank Transfer,Standard,2024-12-10,2024-12-12,20,HOLIDAY,
O004536,2024-08-21,2024-08-23,C0373,R05,Completed,Digital Wallet,Express,2024-08-24,2024-08-23,15.5,NONE,
O004537,2025-12-20,2025-12-25,C0014,R05,Completed,Card,Standard,2025-12-26,2025-12-25,12,HOLIDAY,
O004538,2025-08-18,2025-08-24,C0455,R06,Returned,Digital Wallet,Standard,2025-08-24,2025-08-24,10,NONE,
O004539,2024-02-10,2024-02-16,C0342,R02,Completed,Digital Wallet,Standard,2024-02-16,2024-02-16,10,NONE,
O004540,2025-05-29,2025-06-03,C0295,R03,Completed,Card,Standard,2025-06-04,2025-06-03,8.5,NONE,
O004541,2024-06-15,2024-06-20,C0402,R05,Completed,Card,Standard,2024-06-21,2024-06-20,12,NONE,
O004542,2025-11-05,2025-11-13,C0330,R03,Completed,Digital Wallet,Standard,2025-11-11,2025-11-13,13.5,HOLIDAY,
O004543,2024-11-22,2024-11-27,C0174,R08,Completed,Card,Standard,2024-11-28,2024-11-27,8.5,HOLIDAY,
O004544,2024-05-17,2024-05-25,C0675,R02,Completed,Card,Standard,2024-05-23,2024-05-25,8.5,NONE,
O004545,2025-06-24,2025-06-30,C0476,R05,Completed,Card,Standard,2025-06-30,2025-06-30,10,NONE,
O004546,2025-07-14,2025-07-20,C0451,R05,Completed,Digital Wallet,Standard,2025-07-20,2025-07-20,10,SPRING,
O004547,2025-04-21,2025-04-26,C0557,R05,Completed,Card,Standard,2025-04-27,2025-04-26,8.5,SUMMER,
O004548,2025-05-26,2025-05-29,C0615,R06,Completed,Buy Now Pay Later,Express,2025-05-29,2025-05-29,15.5,BACK2WORK,
O004549,2024-10-01,2024-10-07,C0556,R07,Returned,Card,Standard,2024-10-07,2024-10-07,13.5,NONE,
O004550,2024-06-11,2024-06-18,C0295,R03,Completed,Card,Standard,2024-06-17,2024-06-18,18.5,SUMMER,
O004551,2025-09-18,2025-09-26,C0385,R05,Completed,Digital Wallet,Standard,2025-09-24,2025-09-26,8.5,NONE,
O004552,2024-02-02,2024-02-10,C0556,R07,Completed,Card,Standard,2024-02-08,2024-02-10,8.5,SPRING,
O004553,2025-07-10,2025-07-16,C0094,R01,Completed,Card,Standard,2025-07-16,2025-07-16,15,SUMMER,
O004554,2025-06-29,2025-07-05,C0416,R05,Completed,Bank Transfer,Standard,2025-07-05,2025-07-05,12,NONE,
O004555,2025-10-10,2025-10-16,C0052,R04,Completed,Card,Standard,2025-10-16,2025-10-16,18.5,NONE,
O004556,2024-12-11,2024-12-17,C0487,R07,Completed,Card,Standard,2024-12-17,2024-12-17,8.5,HOLIDAY,
O004557,2025-07-20,2025-07-22,C0318,R02,Completed,Digital Wallet,Express,2025-07-23,2025-07-22,15.5,NONE,
O004558,2025-04-13,2025-04-16,C0689,R03,Completed,Digital Wallet,Express,2025-04-16,2025-04-16,15.5,NONE,
O004559,2024-04-07,2024-04-13,C0539,R01,Completed,Card,Standard,2024-04-13,2024-04-13,8.5,NONE,
O004560,2024-05-16,2024-05-19,C0397,R07,Completed,Card,Express,2024-05-19,2024-05-19,17,NONE,
O004561,2025-04-11,2025-04-17,C0617,R03,Completed,Buy Now Pay Later,Standard,2025-04-17,2025-04-17,10,NONE,
O004562,2025-09-20,2025-09-23,C0590,R06,Completed,Digital Wallet,Express,2025-09-23,2025-09-23,20.5,BACK2WORK,
O004563,2024-10-11,2024-10-16,C0145,R02,Completed,Digital Wallet,Standard,2024-10-17,2024-10-16,8.5,NONE,
O004564,2025-09-20,2025-09-22,C0539,R01,Returned,Bank Transfer,Express,2025-09-23,2025-09-22,15.5,SUMMER,
O004565,2024-01-11,2024-01-16,C0337,R03,Completed,Digital Wallet,Standard,2024-01-17,2024-01-16,8.5,NONE,
O004566,2025-03-13,2025-03-18,C0007,R04,Completed,Digital Wallet,Standard,2025-03-19,2025-03-18,15,NONE,
O004567,2024-03-21,2024-03-30,C0081,R05,Completed,Digital Wallet,Standard,2024-03-27,2024-03-30,15,NONE,
O004568,2025-11-17,2025-11-23,C0128,R04,Completed,Digital Wallet,Standard,2025-11-23,2025-11-23,8.5,HOLIDAY,
O004569,2024-02-08,2024-02-13,C0649,R04,Completed,Digital Wallet,Standard,2024-02-14,2024-02-13,11.5,SPRING,
O004570,2025-08-07,2025-08-13,C0684,R08,Completed,Card,Standard,2025-08-13,2025-08-13,11.5,NONE,
O004571,2024-12-24,2024-12-29,C0651,R01,Completed,Bank Transfer,Standard,2024-12-30,2024-12-29,8.5,HOLIDAY,
O004572,2025-10-06,2025-10-08,C0606,R04,Completed,Card,Express,2025-10-09,2025-10-08,17,NONE,
O004573,2024-09-26,2024-10-01,C0180,R04,Completed,Card,Standard,2024-10-02,2024-10-01,8.5,NONE,
O004574,2024-06-24,2024-06-30,C0033,R02,Completed,Card,Standard,2024-06-30,2024-06-30,8.5,NONE,
O004575,2025-07-22,2025-07-28,C0090,R03,Completed,Buy Now Pay Later,Standard,2025-07-28,2025-07-28,18.5,NONE,
O004576,2025-10-14,2025-10-20,C0247,R01,Completed,Card,Standard,2025-10-20,2025-10-20,12,NONE,
O004577,2024-09-10,2024-09-19,C0509,R03,Completed,Bank Transfer,Standard,2024-09-16,2024-09-19,8.5,SUMMER,
O004578,2024-12-06,2024-12-11,C0178,R01,Completed,Card,Standard,2024-12-12,2024-12-11,8.5,HOLIDAY,
O004579,2024-11-12,2024-11-15,C0253,R03,Completed,Card,Express,2024-11-15,2024-11-15,19,HOLIDAY,
O004580,2024-08-09,2024-08-14,C0536,R03,Completed,Card,Standard,2024-08-15,2024-08-14,15,BACK2WORK,
O004581,2024-01-01,2024-01-06,C0351,R01,Completed,Bank Transfer,Standard,2024-01-07,2024-01-06,10,NONE,
O004582,2024-12-04,2024-12-13,C0107,R08,Completed,Card,Standard,2024-12-10,2024-12-13,10,HOLIDAY,
O004583,2025-07-28,2025-08-03,C0256,R05,Completed,Card,Standard,2025-08-03,2025-08-03,16.5,NONE,
O004584,2024-12-17,2024-12-22,C0163,R04,Completed,Card,Standard,2024-12-23,2024-12-22,12,HOLIDAY,
O004585,2025-11-11,2025-11-17,C0231,R02,Completed,Digital Wallet,Standard,2025-11-17,2025-11-17,12,HOLIDAY,
O004586,2025-09-23,2025-09-26,C0149,R08,Completed,Digital Wallet,Express,2025-09-26,2025-09-26,17,NONE,
O004587,2025-02-17,2025-02-27,C0102,R04,Completed,Buy Now Pay Later,Standard,2025-02-23,2025-02-27,15,NONE,
O004588,2024-03-01,2024-03-04,C0337,R03,Completed,Card,Express,2024-03-04,2024-03-04,15.5,NONE,
O004589,2025-04-25,2025-04-28,C0178,R01,Completed,Bank Transfer,Express,2025-04-28,2025-04-28,19,NONE,
O004590,2024-06-23,2024-06-30,C0428,R05,Completed,Card,Express,2024-06-26,2024-06-30,20.5,NONE,
O004591,2024-03-15,2024-03-20,C0161,R08,Completed,Digital Wallet,Standard,2024-03-21,2024-03-20,8.5,NONE,
O004592,2025-06-23,2025-06-29,C0507,R04,Completed,Card,Standard,2025-06-29,2025-06-29,8.5,NONE,
O004593,2024-02-08,2024-02-17,C0440,R07,Completed,Card,Standard,2024-02-14,2024-02-17,10,NONE,
O004594,2024-05-09,2024-05-15,C0435,R01,Returned,Card,Standard,2024-05-15,2024-05-15,17,NONE,
O004595,2025-05-12,2025-05-18,C0383,R03,Completed,Digital Wallet,Standard,2025-05-18,2025-05-18,10,NONE,
O004596,2025-10-19,2025-10-24,C0138,R04,Completed,Bank Transfer,Standard,2025-10-25,2025-10-24,8.5,NONE,
O004597,2024-10-26,2024-11-01,C0081,R05,Completed,Card,Standard,2024-11-01,2024-11-01,13,NONE,
O004598,2024-10-18,2024-10-23,C0399,R06,Completed,Card,Standard,2024-10-24,2024-10-23,20,NONE,
O004599,2024-12-25,2024-12-30,C0625,R02,Completed,Bank Transfer,Standard,2024-12-31,2024-12-30,8.5,HOLIDAY,
O004600,2024-10-05,2024-10-11,C0564,R03,Completed,Card,Standard,2024-10-11,2024-10-11,13.5,NONE,
O004601,2024-09-23,2024-09-25,C0373,R05,Completed,Digital Wallet,Express,2024-09-26,2024-09-25,17,NONE,
O004602,2025-06-02,2025-06-07,C0466,R03,Completed,Card,Standard,2025-06-08,2025-06-07,10,NONE,
O004603,2024-08-17,2024-08-22,C0330,R03,Completed,Card,Standard,2024-08-23,2024-08-22,13.5,NONE,
O004604,2025-07-24,2025-07-29,C0418,R04,Completed,Bank Transfer,Standard,2025-07-30,2025-07-29,8.5,NONE,
O004605,2024-02-05,2024-02-11,C0627,R06,Completed,Digital Wallet,Express,2024-02-08,2024-02-11,20.5,NONE,
O004606,2024-10-02,2024-10-08,C0152,R06,Completed,Card,Standard,2024-10-08,2024-10-08,15,NONE,
O004607,2025-12-02,2025-12-12,C0519,R03,Completed,Card,Standard,2025-12-08,2025-12-12,12,HOLIDAY,
O004608,2024-03-26,2024-04-01,C0375,R04,Completed,Buy Now Pay Later,Standard,2024-04-01,2024-04-01,10,NONE,
O004609,2025-08-13,2025-08-16,C0537,R02,Completed,Digital Wallet,Express,2025-08-16,2025-08-16,15.5,NONE,
O004610,2024-11-17,2024-11-27,C0687,R05,Completed,Digital Wallet,Standard,2024-11-23,2024-11-27,8.5,HOLIDAY,
O004611,2024-08-23,2024-08-26,C0148,R03,Completed,Digital Wallet,Express,2024-08-26,2024-08-26,15.5,NONE,
O004612,2025-12-28,2026-01-03,C0546,R06,Completed,Buy Now Pay Later,Standard,2026-01-03,2026-01-03,8.5,HOLIDAY,
O004613,2025-02-26,2025-03-03,C0378,R05,Completed,Card,Standard,2025-03-04,2025-03-03,8.5,SPRING,
O004614,2025-03-22,2025-03-27,C0570,R02,Completed,Bank Transfer,Standard,2025-03-28,2025-03-27,15,NONE,
O004615,2025-07-11,2025-07-17,C0563,R02,Returned,Card,Standard,2025-07-17,2025-07-17,10,NONE,
O004616,2025-06-08,2025-06-18,C0159,R04,Completed,Buy Now Pay Later,Standard,2025-06-14,2025-06-18,11.5,NONE,
O004617,2024-12-27,2025-01-01,C0668,R07,Completed,Card,Standard,2025-01-02,2025-01-01,13.5,HOLIDAY,
O004618,2024-06-24,2024-06-29,C0688,R02,Completed,Digital Wallet,Standard,2024-06-30,2024-06-29,13.5,NONE,
O004619,2024-02-20,2024-03-01,C0497,R02,Returned,Bank Transfer,Standard,2024-02-26,2024-03-01,8.5,SUMMER,
O004620,2024-07-18,2024-07-27,C0062,R02,Completed,Digital Wallet,Standard,2024-07-24,2024-07-27,16.5,NONE,
O004621,2024-08-24,2024-09-02,C0503,R01,Completed,Card,Standard,2024-08-30,2024-09-02,16.5,NONE,
O004622,2025-02-03,2025-02-06,C0420,R04,Completed,Digital Wallet,Express,2025-02-06,2025-02-06,15.5,NONE,
O004623,2025-11-30,2025-12-05,C0382,R01,Completed,Card,Standard,2025-12-06,2025-12-05,8.5,HOLIDAY,
O004624,2024-10-06,2024-10-12,C0125,R07,Completed,Card,Standard,2024-10-12,2024-10-12,8.5,BACK2WORK,
O004625,2025-05-17,2025-05-22,C0026,R06,Completed,Buy Now Pay Later,Standard,2025-05-23,2025-05-22,8.5,NONE,
O004626,2024-12-27,2024-12-30,C0391,R01,Completed,Card,Express,2024-12-30,2024-12-30,15.5,HOLIDAY,
O004627,2025-11-03,2025-11-08,C0226,R02,Completed,Digital Wallet,Standard,2025-11-09,2025-11-08,11.5,HOLIDAY,
O004628,2025-01-24,2025-01-30,C0074,R05,Completed,Bank Transfer,Standard,2025-01-30,2025-01-30,8.5,NONE,
O004629,2025-04-08,2025-04-14,C0719,R04,Completed,Bank Transfer,Standard,2025-04-14,2025-04-14,15,NONE,
O004630,2024-09-03,2024-09-09,C0412,R04,Completed,Card,Standard,2024-09-09,2024-09-09,13.5,NONE,
O004631,2025-04-05,2025-04-10,C0116,R08,Completed,Bank Transfer,Standard,2025-04-11,2025-04-10,10,NONE,
O004632,2025-11-17,2025-11-20,C0460,R03,Completed,Digital Wallet,Express,2025-11-20,2025-11-20,17,HOLIDAY,
O004633,2025-06-09,2025-06-12,C0569,R06,Completed,Digital Wallet,Express,2025-06-12,2025-06-12,15.5,NONE,
O004634,2024-05-04,2024-05-06,C0272,R07,Completed,Digital Wallet,Express,2024-05-07,2024-05-06,15.5,NONE,
O004635,2025-11-07,2025-11-13,C0555,R04,Completed,Bank Transfer,Standard,2025-11-13,2025-11-13,8.5,HOLIDAY,
O004636,2024-03-21,2024-03-27,C0580,R04,Completed,Card,Standard,2024-03-27,2024-03-27,8.5,NONE,
O004637,2024-07-11,2024-07-16,C0391,R01,Completed,Card,Standard,2024-07-17,2024-07-16,8.5,NONE,
O004638,2025-08-16,2025-08-22,C0323,R08,Completed,Digital Wallet,Standard,2025-08-22,2025-08-22,8.5,NONE,
O004639,2024-03-08,2024-03-14,C0109,R04,Completed,Card,Express,2024-03-11,2024-03-14,15.5,SUMMER,
O004640,2025-02-05,2025-02-13,C0021,R05,Completed,Digital Wallet,Standard,2025-02-11,2025-02-13,8.5,NONE,
O004641,2024-08-06,2024-08-11,C0480,R03,Completed,Card,Standard,2024-08-12,2024-08-11,11.5,NONE,
O004642,2025-05-05,2025-05-13,C0450,R04,Completed,Card,Standard,2025-05-11,2025-05-13,15,SUMMER,
O004643,2024-02-01,2024-02-07,C0517,R06,Completed,Digital Wallet,Standard,2024-02-07,2024-02-07,8.5,NONE,
O004644,2025-11-28,2025-12-01,C0519,R03,Completed,Bank Transfer,Express,2025-12-01,2025-12-01,17,HOLIDAY,
O004645,2025-09-28,2025-10-03,C0323,R08,Completed,Bank Transfer,Standard,2025-10-04,2025-10-03,10,NONE,
O004646,2025-07-29,2025-08-06,C0349,R03,Returned,Card,Standard,2025-08-04,2025-08-06,17,NONE,
O004647,2025-03-12,2025-03-19,C0621,R08,Completed,Card,Standard,2025-03-18,2025-03-19,11.5,NONE,
O004648,2024-07-22,2024-07-28,C0159,R04,Completed,Buy Now Pay Later,Standard,2024-07-28,2024-07-28,8.5,NONE,
O004649,2025-11-16,2025-11-26,C0390,R04,Completed,Buy Now Pay Later,Standard,2025-11-22,2025-11-26,20,HOLIDAY,
O004650,2024-03-06,2024-03-12,C0251,R07,Completed,Digital Wallet,Standard,2024-03-12,2024-03-12,10,NONE,
O004651,2025-11-02,2025-11-07,C0412,R04,Completed,Card,Standard,2025-11-08,2025-11-07,8.5,HOLIDAY,
O004652,2025-05-19,2025-05-25,C0218,R05,Completed,Card,Standard,2025-05-25,2025-05-25,10,NONE,
O004653,2025-10-15,2025-10-21,C0546,R06,Completed,Buy Now Pay Later,Standard,2025-10-21,2025-10-21,15,NONE,
O004654,2025-04-07,2025-04-15,C0277,R07,Completed,Card,Standard,2025-04-13,2025-04-15,18.5,NONE,
O004655,2025-11-24,2025-11-29,C0251,R07,Completed,Bank Transfer,Standard,2025-11-30,2025-11-29,18.5,HOLIDAY,
O004656,2024-03-01,2024-03-07,C0453,R07,Returned,Digital Wallet,Standard,2024-03-07,2024-03-07,12,NONE,
O004657,2025-06-01,2025-06-06,C0148,R03,Completed,Buy Now Pay Later,Standard,2025-06-07,2025-06-06,8.5,NONE,
O004658,2025-10-31,2025-11-06,C0270,R03,Completed,Bank Transfer,Standard,2025-11-06,2025-11-06,8.5,NONE,
O004659,2025-08-29,2025-09-04,C0587,R05,Completed,Digital Wallet,Standard,2025-09-04,2025-09-04,12,NONE,
O004660,2024-05-22,2024-05-27,C0573,R01,Completed,Bank Transfer,Standard,2024-05-28,2024-05-27,8.5,NONE,
O004661,2025-10-20,2025-10-22,C0208,R03,Completed,Card,Express,2025-10-23,2025-10-22,15.5,NONE,
O004662,2024-01-14,2024-01-17,C0555,R04,Completed,Card,Express,2024-01-17,2024-01-17,15.5,NONE,
O004663,2025-11-21,2025-11-28,C0652,R06,Completed,Buy Now Pay Later,Standard,2025-11-27,2025-11-28,11.5,HOLIDAY,
O004664,2025-02-26,2025-03-03,C0330,R03,Completed,Card,Express,2025-03-01,2025-03-03,20.5,NONE,
O004665,2025-03-23,,C0667,R05,Cancelled,Digital Wallet,Standard,,,10,NONE,Customer changed mind
O004666,2024-10-07,2024-10-13,C0088,R01,Completed,Card,Standard,2024-10-13,2024-10-13,12,NONE,
O004667,2025-01-04,2025-01-12,C0502,R04,Completed,Card,Standard,2025-01-10,2025-01-12,13.5,NONE,
O004668,2025-01-20,2025-01-28,C0520,R05,Completed,Card,Standard,2025-01-26,2025-01-28,11.5,NONE,
O004669,2024-11-05,2024-11-08,C0418,R04,Completed,Card,Express,2024-11-08,2024-11-08,17,HOLIDAY,
O004670,2025-11-27,2025-12-03,C0342,R02,Completed,Digital Wallet,Standard,2025-12-03,2025-12-03,13.5,HOLIDAY,
O004671,2025-08-31,2025-09-08,C0471,R06,Completed,Digital Wallet,Standard,2025-09-06,2025-09-08,8.5,NONE,
O004672,2025-03-10,2025-03-16,C0307,R07,Completed,Digital Wallet,Standard,2025-03-16,2025-03-16,10,BACK2WORK,
O004673,2024-05-18,2024-05-26,C0033,R02,Completed,Card,Standard,2024-05-24,2024-05-26,12,NONE,
O004674,2024-07-21,2024-07-27,C0133,R05,Completed,Digital Wallet,Standard,2024-07-27,2024-07-27,10,NONE,
O004675,2024-02-09,2024-02-15,C0638,R03,Completed,Digital Wallet,Standard,2024-02-15,2024-02-15,13,NONE,
O004676,2025-05-01,2025-05-07,C0024,R07,Completed,Card,Standard,2025-05-07,2025-05-07,8.5,NONE,
O004677,2025-11-23,2025-11-29,C0504,R06,Completed,Bank Transfer,Standard,2025-11-29,2025-11-29,10,HOLIDAY,
O004678,2024-04-29,2024-05-04,C0445,R01,Completed,Digital Wallet,Standard,2024-05-05,2024-05-04,13.5,NONE,
O004679,2024-02-05,2024-02-08,C0047,R03,Completed,Buy Now Pay Later,Express,2024-02-08,2024-02-08,15.5,NONE,
O004680,2024-09-03,2024-09-08,C0645,R03,Completed,Bank Transfer,Standard,2024-09-09,2024-09-08,8.5,NONE,
O004681,2025-12-14,2025-12-20,C0226,R02,Returned,Digital Wallet,Standard,2025-12-20,2025-12-20,13.5,HOLIDAY,
O004682,2025-06-06,2025-06-09,C0537,R02,Completed,Digital Wallet,Express,2025-06-09,2025-06-09,17,NONE,
O004683,2025-01-06,2025-01-16,C0145,R02,Completed,Card,Standard,2025-01-12,2025-01-16,11.5,NONE,
O004684,2025-05-01,2025-05-06,C0033,R02,Completed,Card,Standard,2025-05-07,2025-05-06,8.5,NONE,
O004685,2025-06-10,2025-06-15,C0466,R03,Completed,Digital Wallet,Standard,2025-06-16,2025-06-15,10,NONE,
O004686,2024-06-30,2024-07-03,C0333,R05,Completed,Digital Wallet,Express,2024-07-03,2024-07-03,15.5,NONE,
O004687,2025-09-19,2025-09-25,C0525,R02,Completed,Bank Transfer,Standard,2025-09-25,2025-09-25,10,SPRING,
O004688,2025-09-12,2025-09-17,C0609,R06,Completed,Buy Now Pay Later,Standard,2025-09-18,2025-09-17,10,NONE,
O004689,2024-08-12,2024-08-18,C0613,R02,Completed,Card,Standard,2024-08-18,2024-08-18,12,SUMMER,
O004690,2025-11-14,2025-11-21,C0637,R04,Completed,Digital Wallet,Standard,2025-11-20,2025-11-21,11.5,HOLIDAY,
O004691,2025-08-09,,C0416,R05,Cancelled,Card,Express,,,15.5,NONE,Customer changed mind
O004692,2024-06-10,2024-06-15,C0333,R05,Completed,Card,Standard,2024-06-16,2024-06-15,15,NONE,
O004693,2025-02-12,2025-02-18,C0416,R05,Completed,Digital Wallet,Standard,2025-02-18,2025-02-18,10,NONE,
O004694,2025-01-30,2025-02-05,C0106,R08,Completed,Card,Standard,2025-02-05,2025-02-05,8.5,NONE,
O004695,2024-10-09,2024-10-14,C0236,R04,Completed,Card,Standard,2024-10-15,2024-10-14,8.5,NONE,
O004696,2025-02-20,2025-02-25,C0374,R01,Completed,Bank Transfer,Standard,2025-02-26,2025-02-25,10,NONE,
O004697,2024-07-15,2024-07-21,C0254,R02,Completed,Buy Now Pay Later,Standard,2024-07-21,2024-07-21,8.5,SUMMER,
O004698,2024-01-26,2024-02-01,C0031,R07,Completed,Card,Standard,2024-02-01,2024-02-01,15,NONE,
O004699,2024-12-14,2024-12-16,C0428,R05,Completed,Bank Transfer,Express,2024-12-17,2024-12-16,19,HOLIDAY,
O004700,2025-12-18,2025-12-21,C0441,R06,Completed,Bank Transfer,Express,2025-12-21,2025-12-21,18.5,HOLIDAY,
O004701,2025-10-16,2025-10-22,C0069,R05,Completed,Card,Standard,2025-10-22,2025-10-22,10,NONE,
O004702,2024-12-16,2024-12-18,C0425,R07,Completed,Card,Express,2024-12-19,2024-12-18,15.5,HOLIDAY,
O004703,2024-01-17,2024-01-27,C0573,R01,Completed,Card,Standard,2024-01-23,2024-01-27,15,NONE,
O004704,2024-09-24,2024-09-27,C0390,R04,Completed,Digital Wallet,Express,2024-09-27,2024-09-27,15.5,NONE,
O004705,2024-02-05,2024-02-08,C0127,R07,Completed,Digital Wallet,Express,2024-02-08,2024-02-08,19,NONE,
O004706,2024-08-10,2024-08-17,C0557,R05,Completed,Card,Standard,2024-08-16,2024-08-17,8.5,NONE,
O004707,2024-12-09,2024-12-15,C0428,R05,Completed,Buy Now Pay Later,Standard,2024-12-15,2024-12-15,13.5,HOLIDAY,
O004708,2025-11-25,2025-12-01,C0278,R02,Completed,Digital Wallet,Standard,2025-12-01,2025-12-01,15,HOLIDAY,
O004709,2024-10-26,2024-11-01,C0403,R08,Completed,Card,Express,2024-10-29,2024-11-01,19,NONE,
O004710,2025-03-09,2025-03-14,C0235,R06,Completed,Card,Standard,2025-03-15,2025-03-14,11.5,NONE,
O004711,2024-08-17,2024-08-23,C0251,R07,Completed,Card,Standard,2024-08-23,2024-08-23,10,NONE,
O004712,2025-10-28,2025-11-02,C0483,R06,Completed,Card,Standard,2025-11-03,2025-11-02,10,NONE,
O004713,2025-03-07,2025-03-12,C0055,R02,Completed,Bank Transfer,Standard,2025-03-13,2025-03-12,8.5,SUMMER,
O004714,2024-07-13,2024-07-23,C0053,R02,Completed,Card,Standard,2024-07-19,2024-07-23,8.5,NONE,
O004715,2025-04-19,2025-04-24,C0708,R05,Completed,Card,Standard,2025-04-25,2025-04-24,8.5,NONE,
O004716,2025-03-01,2025-03-07,C0520,R05,Completed,Bank Transfer,Standard,2025-03-07,2025-03-07,8.5,NONE,
O004717,2024-03-06,2024-03-11,C0406,R04,Completed,Card,Standard,2024-03-12,2024-03-11,12,NONE,
O004718,2025-04-22,2025-04-28,C0270,R03,Completed,Card,Standard,2025-04-28,2025-04-28,8.5,NONE,
O004719,2025-03-31,2025-04-05,C0683,R06,Completed,Card,Standard,2025-04-06,2025-04-05,8.5,NONE,
O004720,2025-09-08,2025-09-13,C0461,R07,Completed,Card,Standard,2025-09-14,2025-09-13,10,BACK2WORK,
O004721,2024-06-19,2024-06-24,C0042,R01,Completed,Bank Transfer,Standard,2024-06-25,2024-06-24,8.5,NONE,
O004722,2024-02-04,2024-02-09,C0581,R06,Completed,Bank Transfer,Standard,2024-02-10,2024-02-09,16.5,NONE,
O004723,2025-12-20,2025-12-27,C0512,R05,Completed,Digital Wallet,Express,2025-12-23,2025-12-27,17,HOLIDAY,
O004724,2024-07-25,2024-07-31,C0536,R03,Completed,Digital Wallet,Standard,2024-07-31,2024-07-31,8.5,NONE,
O004725,2025-05-21,2025-05-26,C0526,R02,Completed,Digital Wallet,Standard,2025-05-27,2025-05-26,10,NONE,
O004726,2024-01-18,2024-01-23,C0448,R05,Completed,Digital Wallet,Standard,2024-01-24,2024-01-23,10,SPRING,
O004727,2024-07-23,2024-07-30,C0404,R06,Completed,Digital Wallet,Standard,2024-07-29,2024-07-30,15,SPRING,
O004728,2024-05-15,2024-05-22,C0178,R01,Completed,Bank Transfer,Standard,2024-05-21,2024-05-22,13.5,NONE,
O004729,2025-06-22,2025-06-27,C0278,R02,Completed,Bank Transfer,Standard,2025-06-28,2025-06-27,11.5,SUMMER,
O004730,2024-05-08,2024-05-13,C0063,R01,Returned,Card,Standard,2024-05-14,2024-05-13,13.5,NONE,
O004731,2024-07-19,2024-07-25,C0253,R03,Completed,Digital Wallet,Standard,2024-07-25,2024-07-25,8.5,NONE,
O004732,2024-06-07,2024-06-13,C0242,R08,Completed,Buy Now Pay Later,Standard,2024-06-13,2024-06-13,8.5,NONE,
O004733,2024-08-06,2024-08-11,C0473,R05,Completed,Buy Now Pay Later,Standard,2024-08-12,2024-08-11,8.5,NONE,
O004734,2024-01-31,2024-02-02,C0399,R06,Completed,Digital Wallet,Express,2024-02-03,2024-02-02,22,SPRING,
O004735,2024-08-24,2024-08-26,C0107,R08,Completed,Digital Wallet,Express,2024-08-27,2024-08-26,15.5,NONE,
O004736,2025-11-11,2025-11-17,C0580,R04,Completed,Card,Standard,2025-11-17,2025-11-17,12,HOLIDAY,
O004737,2025-08-08,2025-08-14,C0538,R04,Completed,Bank Transfer,Standard,2025-08-14,2025-08-14,8.5,NONE,
O004738,2024-06-04,2024-06-10,C0661,R07,Returned,Bank Transfer,Standard,2024-06-10,2024-06-10,13.5,NONE,
O004739,2024-02-25,2024-03-02,C0719,R04,Completed,Buy Now Pay Later,Standard,2024-03-02,2024-03-02,8.5,NONE,
O004740,2025-09-03,2025-09-09,C0464,R06,Completed,Buy Now Pay Later,Standard,2025-09-09,2025-09-09,20,NONE,
O004741,2025-09-19,2025-09-25,C0295,R03,Completed,Digital Wallet,Standard,2025-09-25,2025-09-25,8.5,NONE,
O004742,2024-09-21,2024-09-26,C0344,R07,Returned,Digital Wallet,Standard,2024-09-27,2024-09-26,10,BACK2WORK,
O004743,2024-08-22,2024-08-25,C0527,R02,Completed,Card,Express,2024-08-25,2024-08-25,15.5,NONE,
O004744,2024-08-07,2024-08-14,C0052,R04,Completed,Card,Standard,2024-08-13,2024-08-14,12,NONE,
O004745,2025-09-23,2025-09-29,C0298,R06,Completed,Bank Transfer,Standard,2025-09-29,2025-09-29,8.5,BACK2WORK,
O004746,2024-10-04,2024-10-13,C0713,R07,Completed,Card,Standard,2024-10-10,2024-10-13,17,NONE,
O004747,2024-11-02,2024-11-08,C0480,R03,Completed,Digital Wallet,Standard,2024-11-08,2024-11-08,8.5,HOLIDAY,
O004748,2025-04-07,2025-04-13,C0273,R02,Completed,Buy Now Pay Later,Standard,2025-04-13,2025-04-13,16.5,NONE,
O004749,2024-06-21,2024-06-27,C0570,R02,Completed,Digital Wallet,Standard,2024-06-27,2024-06-27,10,SPRING,
O004750,2025-06-02,2025-06-08,C0175,R03,Returned,Card,Standard,2025-06-08,2025-06-08,8.5,NONE,
O004751,2024-03-10,2024-03-18,C0212,R01,Completed,Bank Transfer,Standard,2024-03-16,2024-03-18,10,NONE,
O004752,2025-06-10,2025-06-16,C0236,R04,Completed,Card,Standard,2025-06-16,2025-06-16,12,NONE,
O004753,2024-01-26,2024-02-01,C0174,R08,Returned,Digital Wallet,Standard,2024-02-01,2024-02-01,12,SUMMER,
O004754,2024-06-26,,C0684,R08,Cancelled,Card,Standard,,,17,NONE,Payment failure
O004755,2025-08-03,2025-08-08,C0614,R04,Completed,Digital Wallet,Standard,2025-08-09,2025-08-08,12,NONE,
O004756,2024-05-21,2024-05-24,C0571,R06,Completed,Card,Express,2024-05-24,2024-05-24,19,SUMMER,
O004757,2025-04-26,2025-05-06,C0102,R04,Completed,Card,Standard,2025-05-02,2025-05-06,16.5,BACK2WORK,
O004758,2024-03-20,2024-03-25,C0010,R03,Completed,Digital Wallet,Standard,2024-03-26,2024-03-25,12,NONE,
O004759,2025-07-05,2025-07-15,C0316,R06,Completed,Digital Wallet,Standard,2025-07-11,2025-07-15,13,NONE,
O004760,2025-04-09,2025-04-15,C0657,R01,Completed,Card,Standard,2025-04-15,2025-04-15,8.5,NONE,
O004761,2025-04-18,2025-04-23,C0473,R05,Completed,Card,Standard,2025-04-24,2025-04-23,11.5,NONE,
O004762,2024-07-24,2024-07-26,C0719,R04,Completed,Card,Express,2024-07-27,2024-07-26,17,NONE,
O004763,2025-09-17,2025-09-22,C0161,R08,Completed,Card,Standard,2025-09-23,2025-09-22,12,NONE,
O004764,2025-07-28,2025-08-02,C0580,R04,Completed,Card,Standard,2025-08-03,2025-08-02,10,BACK2WORK,
O004765,2024-05-14,2024-05-20,C0271,R05,Completed,Card,Standard,2024-05-20,2024-05-20,10,NONE,
O004766,2025-11-04,2025-11-09,C0361,R07,Completed,Digital Wallet,Standard,2025-11-10,2025-11-09,8.5,HOLIDAY,
O004767,2024-05-17,2024-05-19,C0125,R07,Completed,Card,Express,2024-05-20,2024-05-19,15.5,NONE,
O004768,2024-10-07,2024-10-12,C0456,R03,Completed,Buy Now Pay Later,Standard,2024-10-13,2024-10-12,16.5,BACK2WORK,
O004769,2024-08-05,2024-08-10,C0037,R03,Completed,Buy Now Pay Later,Standard,2024-08-11,2024-08-10,13.5,NONE,
O004770,2025-11-13,2025-11-19,C0441,R06,Completed,Card,Standard,2025-11-19,2025-11-19,12,HOLIDAY,
O004771,2025-01-22,2025-01-28,C0581,R06,Completed,Card,Standard,2025-01-28,2025-01-28,8.5,NONE,
O004772,2024-10-10,2024-10-15,C0161,R08,Completed,Card,Standard,2024-10-16,2024-10-15,10,BACK2WORK,
O004773,2024-06-24,2024-06-30,C0461,R07,Completed,Card,Standard,2024-06-30,2024-06-30,11.5,NONE,
O004774,2024-09-20,2024-09-28,C0087,R02,Completed,Bank Transfer,Standard,2024-09-26,2024-09-28,8.5,NONE,
O004775,2024-04-18,2024-04-23,C0348,R05,Completed,Digital Wallet,Standard,2024-04-24,2024-04-23,8.5,NONE,
O004776,2024-11-09,2024-11-15,C0035,R06,Completed,Card,Standard,2024-11-15,2024-11-15,8.5,HOLIDAY,
O004777,2025-02-05,2025-02-12,C0033,R02,Completed,Digital Wallet,Standard,2025-02-11,2025-02-12,12,NONE,
O004778,2025-01-01,2025-01-06,C0226,R02,Completed,Card,Standard,2025-01-07,2025-01-06,8.5,NONE,
O004779,2025-01-22,2025-01-28,C0425,R07,Completed,Card,Standard,2025-01-28,2025-01-28,10,NONE,
O004780,2025-08-10,2025-08-18,C0093,R06,Completed,Card,Standard,2025-08-16,2025-08-18,13,NONE,
O004781,2024-05-28,2024-06-02,C0400,R05,Completed,Bank Transfer,Standard,2024-06-03,2024-06-02,8.5,NONE,
O004782,2024-09-09,2024-09-14,C0236,R04,Completed,Digital Wallet,Standard,2024-09-15,2024-09-14,8.5,SPRING,
O004783,2025-05-29,2025-06-04,C0504,R06,Returned,Bank Transfer,Standard,2025-06-04,2025-06-04,16.5,NONE,
O004784,2024-02-19,2024-02-24,C0556,R07,Completed,Bank Transfer,Standard,2024-02-25,2024-02-24,8.5,NONE,
O004785,2024-11-03,2024-11-08,C0618,R04,Completed,Card,Standard,2024-11-09,2024-11-08,8.5,HOLIDAY,
O004786,2025-01-04,2025-01-09,C0587,R05,Completed,Card,Standard,2025-01-10,2025-01-09,8.5,NONE,
O004787,2025-09-01,2025-09-08,C0425,R07,Completed,Card,Standard,2025-09-07,2025-09-08,11.5,NONE,
O004788,2024-03-13,2024-03-19,C0625,R02,Completed,Bank Transfer,Standard,2024-03-19,2024-03-19,12,SPRING,
O004789,2025-10-24,2025-10-26,C0525,R02,Completed,Digital Wallet,Express,2025-10-27,2025-10-26,15.5,BACK2WORK,
O004790,2025-06-12,2025-06-17,C0152,R06,Completed,Card,Standard,2025-06-18,2025-06-17,13.5,NONE,
O004791,2024-04-05,2024-04-10,C0410,R01,Completed,Card,Standard,2024-04-11,2024-04-10,8.5,SPRING,
O004792,2024-11-08,2024-11-14,C0565,R06,Completed,Digital Wallet,Standard,2024-11-14,2024-11-14,8.5,HOLIDAY,
O004793,2025-03-10,2025-03-20,C0606,R04,Completed,Card,Standard,2025-03-16,2025-03-20,15,BACK2WORK,
O004794,2025-08-28,2025-09-03,C0552,R08,Completed,Card,Standard,2025-09-03,2025-09-03,10,NONE,
O004795,2024-03-09,2024-03-15,C0555,R04,Completed,Card,Standard,2024-03-15,2024-03-15,13.5,BACK2WORK,
O004796,2024-12-09,2024-12-12,C0573,R01,Completed,Digital Wallet,Express,2024-12-12,2024-12-12,15.5,HOLIDAY,
O004797,2025-03-17,2025-03-23,C0557,R05,Completed,Bank Transfer,Standard,2025-03-23,2025-03-23,13.5,NONE,
O004798,2024-11-08,2024-11-14,C0577,R06,Completed,Card,Standard,2024-11-14,2024-11-14,8.5,HOLIDAY,
O004799,2025-01-30,2025-02-05,C0581,R06,Completed,Bank Transfer,Standard,2025-02-05,2025-02-05,13.5,NONE,
O004800,2025-04-15,2025-04-20,C0542,R01,Completed,Card,Standard,2025-04-21,2025-04-20,13,NONE,
O004801,2025-07-12,2025-07-18,C0522,R08,Completed,Card,Standard,2025-07-18,2025-07-18,8.5,NONE,
O004802,2024-09-02,2024-09-09,C0256,R05,Completed,Card,Express,2024-09-05,2024-09-09,15.5,NONE,
O004803,2025-02-03,2025-02-11,C0090,R03,Completed,Card,Standard,2025-02-09,2025-02-11,15,NONE,
O004804,2024-07-24,2024-07-30,C0281,R07,Completed,Card,Standard,2024-07-30,2024-07-30,8.5,NONE,
O004805,2025-12-18,2025-12-24,C0182,R07,Completed,Card,Standard,2025-12-24,2025-12-24,11.5,HOLIDAY,
O004806,2024-05-05,2024-05-07,C0713,R07,Completed,Digital Wallet,Express,2024-05-08,2024-05-07,17,NONE,
O004807,2024-06-26,2024-07-01,C0348,R05,Completed,Card,Standard,2024-07-02,2024-07-01,12,NONE,
O004808,2024-02-09,2024-02-14,C0307,R07,Completed,Digital Wallet,Standard,2024-02-15,2024-02-14,13.5,NONE,
O004809,2025-02-05,2025-02-11,C0230,R05,Completed,Digital Wallet,Standard,2025-02-11,2025-02-11,10,NONE,
O004810,2025-10-02,,C0031,R07,Cancelled,Buy Now Pay Later,Standard,,,8.5,NONE,Inventory unavailable
O004811,2024-11-12,2024-11-18,C0289,R03,Completed,Bank Transfer,Standard,2024-11-18,2024-11-18,15,HOLIDAY,
O004812,2024-12-22,2024-12-28,C0069,R05,Completed,Card,Standard,2024-12-28,2024-12-28,8.5,HOLIDAY,
O004813,2025-05-01,2025-05-06,C0199,R07,Completed,Card,Standard,2025-05-07,2025-05-06,13.5,NONE,
O004814,2024-02-15,2024-02-21,C0414,R04,Completed,Bank Transfer,Standard,2024-02-21,2024-02-21,11.5,NONE,
O004815,2024-08-15,,C0253,R03,Cancelled,Digital Wallet,Express,,,19,NONE,Payment failure
O004816,2024-07-26,2024-07-31,C0612,R05,Completed,Digital Wallet,Standard,2024-08-01,2024-07-31,10,NONE,
O004817,2025-10-06,2025-10-11,C0323,R08,Completed,Card,Standard,2025-10-12,2025-10-11,8.5,NONE,
O004818,2025-07-02,2025-07-08,C0088,R01,Completed,Card,Standard,2025-07-08,2025-07-08,8.5,NONE,
O004819,2025-08-18,2025-08-23,C0431,R03,Completed,Bank Transfer,Standard,2025-08-24,2025-08-23,13,BACK2WORK,
O004820,2025-05-29,2025-06-04,C0239,R04,Completed,Buy Now Pay Later,Standard,2025-06-04,2025-06-04,10,SPRING,
O004821,2025-10-25,2025-10-31,C0373,R05,Completed,Buy Now Pay Later,Standard,2025-10-31,2025-10-31,13.5,NONE,
O004822,2025-10-14,2025-10-20,C0348,R05,Completed,Card,Standard,2025-10-20,2025-10-20,10,NONE,
O004823,2025-12-23,2025-12-28,C0295,R03,Completed,Buy Now Pay Later,Standard,2025-12-29,2025-12-28,13.5,HOLIDAY,
O004824,2025-04-22,2025-04-28,C0256,R05,Returned,Bank Transfer,Standard,2025-04-28,2025-04-28,8.5,BACK2WORK,
O004825,2024-04-07,2024-04-13,C0522,R08,Completed,Digital Wallet,Standard,2024-04-13,2024-04-13,12,NONE,
O004826,2024-09-17,2024-09-22,C0701,R03,Completed,Card,Standard,2024-09-23,2024-09-22,10,NONE,
O004827,2025-03-09,2025-03-15,C0161,R08,Completed,Card,Standard,2025-03-15,2025-03-15,8.5,NONE,
O004828,2025-01-29,2025-02-03,C0001,R05,Completed,Card,Standard,2025-02-04,2025-02-03,8.5,NONE,
O004829,2024-02-15,2024-02-18,C0525,R02,Completed,Digital Wallet,Express,2024-02-18,2024-02-18,15.5,NONE,
O004830,2024-09-04,2024-09-10,C0715,R01,Completed,Card,Standard,2024-09-10,2024-09-10,8.5,NONE,
O004831,2025-06-01,2025-06-07,C0133,R05,Completed,Digital Wallet,Standard,2025-06-07,2025-06-07,8.5,NONE,
O004832,2024-05-03,2024-05-08,C0672,R01,Completed,Bank Transfer,Standard,2024-05-09,2024-05-08,11.5,NONE,
O004833,2024-12-11,2024-12-13,C0340,R04,Completed,Bank Transfer,Express,2024-12-14,2024-12-13,17,HOLIDAY,
O004834,2024-03-04,2024-03-09,C0175,R03,Completed,Card,Standard,2024-03-10,2024-03-09,15,NONE,
O004835,2025-01-17,2025-01-23,C0689,R03,Completed,Card,Standard,2025-01-23,2025-01-23,8.5,NONE,
O004836,2025-03-23,2025-03-25,C0485,R04,Completed,Digital Wallet,Express,2025-03-26,2025-03-25,15.5,NONE,
O004837,2024-06-25,2024-06-30,C0159,R04,Completed,Digital Wallet,Standard,2024-07-01,2024-06-30,8.5,NONE,
O004838,2024-11-30,2024-12-05,C0543,R01,Completed,Card,Standard,2024-12-06,2024-12-05,10,HOLIDAY,
O004839,2025-10-15,2025-10-17,C0178,R01,Completed,Card,Express,2025-10-18,2025-10-17,20,SPRING,
O004840,2024-10-17,2024-10-23,C0428,R05,Completed,Digital Wallet,Standard,2024-10-23,2024-10-23,8.5,NONE,
O004841,2024-08-26,2024-08-31,C0222,R06,Completed,Card,Standard,2024-09-01,2024-08-31,8.5,NONE,
O004842,2024-07-08,2024-07-11,C0481,R07,Completed,Card,Express,2024-07-11,2024-07-11,15.5,SUMMER,
O004843,2025-09-15,2025-09-20,C0669,R07,Completed,Digital Wallet,Standard,2025-09-21,2025-09-20,8.5,NONE,
O004844,2024-05-07,2024-05-12,C0074,R05,Completed,Digital Wallet,Standard,2024-05-13,2024-05-12,12,NONE,
O004845,2025-03-17,2025-03-19,C0069,R05,Completed,Card,Express,2025-03-20,2025-03-19,15.5,NONE,
O004846,2025-08-31,2025-09-05,C0653,R03,Completed,Card,Standard,2025-09-06,2025-09-05,8.5,NONE,
O004847,2025-07-07,2025-07-12,C0399,R06,Completed,Bank Transfer,Standard,2025-07-13,2025-07-12,15,NONE,
O004848,2025-01-04,,C0396,R03,Cancelled,Card,Standard,,,10,NONE,Inventory unavailable
O004849,2024-02-23,2024-02-28,C0393,R05,Completed,Card,Standard,2024-02-29,2024-02-28,10,NONE,
O004850,2024-03-26,2024-04-05,C0639,R01,Completed,Bank Transfer,Standard,2024-04-01,2024-04-05,15,SPRING,
O004851,2024-07-27,2024-08-02,C0490,R06,Completed,Digital Wallet,Standard,2024-08-02,2024-08-02,16.5,NONE,
O004852,2025-01-14,2025-01-21,C0351,R01,Completed,Bank Transfer,Standard,2025-01-20,2025-01-21,8.5,NONE,
O004853,2025-10-03,2025-10-11,C0345,R04,Completed,Bank Transfer,Standard,2025-10-09,2025-10-11,12,NONE,
O004854,2024-01-01,2024-01-10,C0489,R04,Completed,Card,Standard,2024-01-07,2024-01-10,15,NONE,
O004855,2024-06-12,2024-06-18,C0044,R06,Completed,Buy Now Pay Later,Standard,2024-06-18,2024-06-18,8.5,NONE,
O004856,2024-10-13,2024-10-18,C0527,R02,Completed,Digital Wallet,Standard,2024-10-19,2024-10-18,10,NONE,
O004857,2024-02-02,2024-02-07,C0381,R02,Completed,Digital Wallet,Standard,2024-02-08,2024-02-07,13.5,BACK2WORK,
O004858,2024-12-01,2024-12-06,C0587,R05,Completed,Card,Standard,2024-12-07,2024-12-06,13,HOLIDAY,
O004859,2024-08-06,2024-08-11,C0262,R08,Completed,Buy Now Pay Later,Standard,2024-08-12,2024-08-11,8.5,SPRING,
O004860,2024-09-18,2024-09-24,C0095,R04,Completed,Buy Now Pay Later,Standard,2024-09-24,2024-09-24,10,NONE,
O004861,2024-08-12,2024-08-18,C0280,R01,Completed,Buy Now Pay Later,Standard,2024-08-18,2024-08-18,8.5,NONE,
O004862,2025-08-15,2025-08-24,C0302,R05,Completed,Digital Wallet,Standard,2025-08-21,2025-08-24,8.5,NONE,
O004863,2024-07-23,2024-07-28,C0105,R02,Returned,Card,Standard,2024-07-29,2024-07-28,8.5,NONE,
O004864,2025-07-09,,C0719,R04,Cancelled,Digital Wallet,Standard,,,8.5,BACK2WORK,Payment failure
O004865,2024-11-09,2024-11-14,C0161,R08,Completed,Card,Standard,2024-11-15,2024-11-14,8.5,HOLIDAY,
O004866,2024-04-01,2024-04-06,C0107,R08,Completed,Bank Transfer,Standard,2024-04-07,2024-04-06,10,NONE,
O004867,2025-07-01,2025-07-07,C0520,R05,Completed,Bank Transfer,Standard,2025-07-07,2025-07-07,8.5,NONE,
O004868,2024-05-16,2024-05-19,C0271,R05,Completed,Bank Transfer,Express,2024-05-19,2024-05-19,17,NONE,
O004869,2024-05-12,2024-05-17,C0478,R03,Completed,Digital Wallet,Standard,2024-05-18,2024-05-17,8.5,NONE,
O004870,2025-08-21,2025-08-27,C0497,R02,Completed,Card,Standard,2025-08-27,2025-08-27,10,SUMMER,
O004871,2024-04-27,2024-05-03,C0453,R07,Completed,Buy Now Pay Later,Standard,2024-05-03,2024-05-03,10,BACK2WORK,
O004872,2024-02-15,2024-02-18,C0052,R04,Completed,Digital Wallet,Express,2024-02-18,2024-02-18,17,NONE,
O004873,2024-09-11,2024-09-13,C0108,R05,Completed,Bank Transfer,Express,2024-09-14,2024-09-13,15.5,BACK2WORK,
O004874,2025-12-20,2025-12-22,C0715,R01,Completed,Digital Wallet,Express,2025-12-23,2025-12-22,17,HOLIDAY,
O004875,2025-07-28,2025-08-03,C0102,R04,Completed,Digital Wallet,Standard,2025-08-03,2025-08-03,10,NONE,
O004876,2024-09-18,2024-09-23,C0606,R04,Completed,Digital Wallet,Standard,2024-09-24,2024-09-23,12,NONE,
O004877,2024-08-05,2024-08-08,C0277,R07,Completed,Buy Now Pay Later,Express,2024-08-08,2024-08-08,17,SUMMER,
O004878,2024-01-05,2024-01-07,C0536,R03,Completed,Digital Wallet,Express,2024-01-08,2024-01-07,15.5,SPRING,
O004879,2025-05-02,2025-05-04,C0415,R06,Completed,Card,Express,2025-05-05,2025-05-04,15.5,SUMMER,
O004880,2025-04-04,2025-04-13,C0256,R05,Completed,Digital Wallet,Standard,2025-04-10,2025-04-13,8.5,BACK2WORK,
O004881,2024-10-10,2024-10-16,C0480,R03,Completed,Digital Wallet,Standard,2024-10-16,2024-10-16,10,SPRING,
O004882,2024-11-04,2024-11-10,C0234,R08,Completed,Buy Now Pay Later,Standard,2024-11-10,2024-11-10,8.5,HOLIDAY,
O004883,2025-02-18,2025-02-24,C0239,R04,Completed,Card,Standard,2025-02-24,2025-02-24,8.5,NONE,
O004884,2025-05-05,2025-05-09,C0235,R06,Completed,Card,Express,2025-05-08,2025-05-09,19,NONE,
O004885,2025-12-20,2025-12-25,C0612,R05,Completed,Bank Transfer,Standard,2025-12-26,2025-12-25,8.5,HOLIDAY,
O004886,2025-05-13,2025-05-19,C0579,R08,Completed,Card,Standard,2025-05-19,2025-05-19,8.5,NONE,
O004887,2025-10-20,,C0548,R03,Cancelled,Card,Express,,,15.5,NONE,Payment failure
O004888,2024-04-23,2024-04-29,C0464,R06,Completed,Buy Now Pay Later,Standard,2024-04-29,2024-04-29,8.5,NONE,
O004889,2024-02-28,2024-03-01,C0458,R08,Completed,Bank Transfer,Express,2024-03-02,2024-03-01,23.5,NONE,
O004890,2024-03-12,2024-03-17,C0240,R02,Completed,Digital Wallet,Express,2024-03-15,2024-03-17,20.5,NONE,
O004891,2024-11-26,2024-12-01,C0052,R04,Completed,Buy Now Pay Later,Standard,2024-12-02,2024-12-01,8.5,HOLIDAY,
O004892,2024-12-10,2024-12-16,C0700,R03,Completed,Card,Standard,2024-12-16,2024-12-16,11.5,HOLIDAY,
O004893,2024-10-13,2024-10-21,C0128,R04,Completed,Card,Standard,2024-10-19,2024-10-21,8.5,NONE,
O004894,2025-12-03,2025-12-09,C0067,R04,Completed,Card,Standard,2025-12-09,2025-12-09,17,HOLIDAY,
O004895,2025-12-20,2025-12-25,C0253,R03,Completed,Bank Transfer,Standard,2025-12-26,2025-12-25,10,HOLIDAY,
O004896,2024-04-02,2024-04-05,C0460,R03,Completed,Card,Express,2024-04-05,2024-04-05,18.5,NONE,
O004897,2025-12-22,2025-12-25,C0316,R06,Completed,Digital Wallet,Express,2025-12-25,2025-12-25,20,HOLIDAY,
O004898,2025-07-08,2025-07-13,C0256,R05,Completed,Card,Standard,2025-07-14,2025-07-13,10,NONE,
O004899,2025-03-21,2025-03-27,C0333,R05,Completed,Card,Standard,2025-03-27,2025-03-27,8.5,NONE,
O004900,2025-04-05,2025-04-10,C0318,R02,Completed,Digital Wallet,Standard,2025-04-11,2025-04-10,8.5,SUMMER,
O004901,2024-10-09,2024-10-16,C0461,R07,Completed,Bank Transfer,Standard,2024-10-15,2024-10-16,15,NONE,
O004902,2024-07-12,2024-07-15,C0374,R01,Completed,Card,Express,2024-07-15,2024-07-15,17,NONE,
O004903,2024-02-04,2024-02-09,C0684,R08,Completed,Digital Wallet,Standard,2024-02-10,2024-02-09,10,BACK2WORK,
O004904,2025-09-03,2025-09-08,C0566,R04,Completed,Digital Wallet,Standard,2025-09-09,2025-09-08,10,NONE,
O004905,2024-04-13,2024-04-19,C0543,R01,Completed,Digital Wallet,Standard,2024-04-19,2024-04-19,10,NONE,
O004906,2024-08-30,2024-09-04,C0441,R06,Completed,Card,Standard,2024-09-05,2024-09-04,8.5,NONE,
O004907,2024-08-11,2024-08-17,C0302,R05,Completed,Bank Transfer,Standard,2024-08-17,2024-08-17,8.5,NONE,
O004908,2024-07-04,2024-07-09,C0087,R02,Completed,Card,Standard,2024-07-10,2024-07-09,8.5,NONE,
O004909,2025-03-23,2025-03-29,C0669,R07,Completed,Bank Transfer,Standard,2025-03-29,2025-03-29,11.5,NONE,
O004910,2025-03-14,2025-03-23,C0450,R04,Completed,Digital Wallet,Standard,2025-03-20,2025-03-23,15,NONE,
O004911,2025-01-19,2025-01-25,C0235,R06,Completed,Card,Standard,2025-01-25,2025-01-25,12,NONE,
O004912,2025-08-21,2025-08-27,C0006,R08,Completed,Card,Standard,2025-08-27,2025-08-27,8.5,NONE,
O004913,2024-07-11,2024-07-16,C0512,R05,Returned,Card,Standard,2024-07-17,2024-07-16,12,NONE,
O004914,2025-08-13,2025-08-19,C0033,R02,Completed,Digital Wallet,Standard,2025-08-19,2025-08-19,10,NONE,
O004915,2024-08-30,2024-09-05,C0045,R01,Completed,Digital Wallet,Standard,2024-09-05,2024-09-05,13.5,SUMMER,
O004916,2025-01-18,2025-01-23,C0039,R04,Completed,Bank Transfer,Standard,2025-01-24,2025-01-23,11.5,NONE,
O004917,2025-06-27,2025-07-03,C0512,R05,Completed,Card,Standard,2025-07-03,2025-07-03,13.5,SUMMER,
O004918,2024-01-09,2024-01-14,C0330,R03,Completed,Digital Wallet,Standard,2024-01-15,2024-01-14,11.5,NONE,
O004919,2024-04-30,2024-05-05,C0163,R04,Returned,Bank Transfer,Standard,2024-05-06,2024-05-05,13.5,NONE,
O004920,2025-05-10,2025-05-15,C0337,R03,Completed,Bank Transfer,Standard,2025-05-16,2025-05-15,8.5,NONE,
O004921,2024-09-16,2024-09-21,C0701,R03,Completed,Card,Standard,2024-09-22,2024-09-21,13.5,NONE,
O004922,2024-04-07,2024-04-12,C0198,R06,Completed,Card,Standard,2024-04-13,2024-04-12,8.5,SUMMER,
O004923,2025-05-20,2025-05-30,C0626,R07,Completed,Digital Wallet,Standard,2025-05-26,2025-05-30,12,NONE,
O004924,2024-07-13,2024-07-19,C0707,R06,Completed,Card,Standard,2024-07-19,2024-07-19,18.5,NONE,
O004925,2025-05-06,2025-05-12,C0273,R02,Completed,Digital Wallet,Standard,2025-05-12,2025-05-12,10,NONE,
O004926,2024-10-29,2024-11-04,C0420,R04,Completed,Card,Standard,2024-11-04,2024-11-04,13.5,BACK2WORK,
O004927,2025-05-02,2025-05-07,C0298,R06,Completed,Card,Standard,2025-05-08,2025-05-07,12,NONE,
O004928,2025-11-05,2025-11-11,C0295,R03,Completed,Bank Transfer,Express,2025-11-08,2025-11-11,15.5,HOLIDAY,
O004929,2024-04-09,2024-04-14,C0420,R04,Completed,Buy Now Pay Later,Standard,2024-04-15,2024-04-14,8.5,NONE,
O004930,2024-07-13,2024-07-18,C0552,R08,Completed,Bank Transfer,Standard,2024-07-19,2024-07-18,8.5,NONE,
O004931,2024-05-24,2024-05-30,C0305,R08,Completed,Bank Transfer,Standard,2024-05-30,2024-05-30,10,NONE,
O004932,2024-11-27,2024-12-02,C0464,R06,Completed,Bank Transfer,Standard,2024-12-03,2024-12-02,13.5,HOLIDAY,
O004933,2025-06-02,,C0412,R04,Cancelled,Digital Wallet,Standard,,,8.5,NONE,Inventory unavailable
O004934,2024-11-21,2024-11-26,C0691,R03,Completed,Buy Now Pay Later,Standard,2024-11-27,2024-11-26,10,HOLIDAY,
O004935,2024-06-06,2024-06-09,C0253,R03,Completed,Card,Express,2024-06-09,2024-06-09,20,BACK2WORK,
O004936,2025-12-15,2025-12-21,C0385,R05,Completed,Card,Express,2025-12-18,2025-12-21,17,HOLIDAY,
O004937,2025-11-06,2025-11-11,C0333,R05,Completed,Card,Standard,2025-11-12,2025-11-11,8.5,HOLIDAY,
O004938,2025-04-01,2025-04-07,C0402,R05,Completed,Digital Wallet,Standard,2025-04-07,2025-04-07,8.5,NONE,
O004939,2024-10-01,2024-10-09,C0465,R04,Completed,Card,Standard,2024-10-07,2024-10-09,15,NONE,
O004940,2025-09-26,2025-09-29,C0213,R03,Completed,Card,Express,2025-09-29,2025-09-29,22,NONE,
O004941,2024-11-02,2024-11-05,C0330,R03,Completed,Bank Transfer,Express,2024-11-05,2024-11-05,15.5,HOLIDAY,
O004942,2025-02-11,2025-02-21,C0037,R03,Completed,Card,Standard,2025-02-17,2025-02-21,12,NONE,
O004943,2024-12-23,2024-12-25,C0534,R01,Completed,Buy Now Pay Later,Express,2024-12-26,2024-12-25,15.5,HOLIDAY,
O004944,2025-07-19,2025-07-26,C0125,R07,Completed,Card,Standard,2025-07-25,2025-07-26,10,NONE,
O004945,2025-01-19,2025-01-24,C0081,R05,Completed,Card,Standard,2025-01-25,2025-01-24,12,NONE,
O004946,2024-11-08,,C0216,R08,Cancelled,Digital Wallet,Standard,,,8.5,HOLIDAY,Payment failure
O004947,2024-08-20,2024-08-25,C0148,R03,Completed,Digital Wallet,Standard,2024-08-26,2024-08-25,8.5,NONE,
O004948,2024-11-05,2024-11-07,C0482,R01,Completed,Bank Transfer,Express,2024-11-08,2024-11-07,19,HOLIDAY,
O004949,2025-01-20,2025-01-23,C0121,R03,Returned,Card,Express,2025-01-23,2025-01-23,17,NONE,
O004950,2025-04-17,2025-04-23,C0418,R04,Completed,Bank Transfer,Standard,2025-04-23,2025-04-23,12,NONE,
O004951,2025-03-14,2025-03-19,C0586,R05,Completed,Card,Standard,2025-03-20,2025-03-19,8.5,NONE,
O004952,2024-07-02,2024-07-08,C0248,R07,Completed,Buy Now Pay Later,Standard,2024-07-08,2024-07-08,10,NONE,
O004953,2025-10-25,2025-10-31,C0546,R06,Completed,Bank Transfer,Standard,2025-10-31,2025-10-31,12,NONE,
O004954,2024-04-25,2024-05-02,C0081,R05,Completed,Bank Transfer,Standard,2024-05-01,2024-05-02,10,NONE,
O004955,2025-11-07,2025-11-16,C0483,R06,Completed,Digital Wallet,Standard,2025-11-13,2025-11-16,13.5,HOLIDAY,
O004956,2024-10-09,2024-10-11,C0418,R04,Completed,Digital Wallet,Express,2024-10-12,2024-10-11,22,NONE,
O004957,2024-10-28,2024-11-03,C0435,R01,Completed,Bank Transfer,Standard,2024-11-03,2024-11-03,8.5,NONE,
O004958,2025-08-18,2025-08-23,C0135,R03,Completed,Card,Standard,2025-08-24,2025-08-23,8.5,SPRING,
O004959,2024-07-09,2024-07-12,C0280,R01,Completed,Card,Express,2024-07-12,2024-07-12,19,NONE,
O004960,2025-07-22,2025-07-28,C0381,R02,Completed,Card,Standard,2025-07-28,2025-07-28,10,NONE,
O004961,2024-04-20,2024-04-25,C0546,R06,Completed,Card,Standard,2024-04-26,2024-04-25,13,SPRING,
O004962,2025-06-07,2025-06-12,C0581,R06,Completed,Card,Standard,2025-06-13,2025-06-12,8.5,NONE,
O004963,2024-05-07,2024-05-13,C0338,R04,Completed,Buy Now Pay Later,Standard,2024-05-13,2024-05-13,16.5,NONE,
O004964,2025-07-13,2025-07-19,C0201,R02,Completed,Card,Standard,2025-07-19,2025-07-19,17,NONE,
O004965,2024-05-22,2024-05-27,C0638,R03,Completed,Card,Standard,2024-05-28,2024-05-27,8.5,NONE,
O004966,2025-09-17,2025-09-22,C0618,R04,Completed,Bank Transfer,Standard,2025-09-23,2025-09-22,8.5,NONE,
O004967,2025-03-07,2025-03-10,C0417,R07,Completed,Card,Express,2025-03-10,2025-03-10,15.5,BACK2WORK,
O004968,2024-06-14,2024-06-19,C0652,R06,Completed,Card,Standard,2024-06-20,2024-06-19,8.5,NONE,
O004969,2025-07-17,2025-07-22,C0059,R02,Completed,Card,Standard,2025-07-23,2025-07-22,8.5,NONE,
O004970,2024-05-08,2024-05-14,C0269,R06,Completed,Bank Transfer,Express,2024-05-11,2024-05-14,25.5,NONE,
O004971,2025-10-18,2025-10-24,C0552,R08,Completed,Card,Standard,2025-10-24,2025-10-24,8.5,NONE,
O004972,2024-05-25,2024-05-28,C0402,R05,Completed,Card,Express,2024-05-28,2024-05-28,17,NONE,
O004973,2024-02-02,2024-02-04,C0593,R01,Completed,Digital Wallet,Express,2024-02-05,2024-02-04,23.5,NONE,
O004974,2025-12-07,2025-12-12,C0337,R03,Completed,Card,Standard,2025-12-13,2025-12-12,11.5,HOLIDAY,
O004975,2025-07-20,2025-07-23,C0293,R07,Completed,Card,Express,2025-07-23,2025-07-23,15.5,SPRING,
O004976,2025-11-24,2025-11-29,C0591,R02,Returned,Bank Transfer,Standard,2025-11-30,2025-11-29,15,HOLIDAY,
O004977,2025-08-12,2025-08-17,C0409,R06,Completed,Digital Wallet,Standard,2025-08-18,2025-08-17,20,NONE,
O004978,2024-07-19,2024-07-24,C0348,R05,Completed,Card,Standard,2024-07-25,2024-07-24,8.5,NONE,
O004979,2024-09-05,2024-09-10,C0412,R04,Completed,Card,Standard,2024-09-11,2024-09-10,8.5,BACK2WORK,
O004980,2024-01-24,2024-01-29,C0483,R06,Completed,Bank Transfer,Standard,2024-01-30,2024-01-29,8.5,NONE,
O004981,2025-03-26,2025-03-28,C0522,R08,Completed,Digital Wallet,Express,2025-03-29,2025-03-28,19,NONE,
O004982,2025-01-19,2025-01-24,C0641,R03,Completed,Card,Standard,2025-01-25,2025-01-24,8.5,NONE,
O004983,2024-12-02,2024-12-09,C0667,R05,Completed,Card,Standard,2024-12-08,2024-12-09,13.5,HOLIDAY,
O004984,2025-10-14,2025-10-24,C0610,R02,Completed,Card,Standard,2025-10-20,2025-10-24,12,NONE,
O004985,2024-12-14,2024-12-19,C0212,R01,Returned,Bank Transfer,Standard,2024-12-20,2024-12-19,8.5,HOLIDAY,
O004986,2025-01-14,2025-01-23,C0048,R08,Returned,Card,Standard,2025-01-20,2025-01-23,12,NONE,
O004987,2025-12-05,2025-12-11,C0411,R01,Completed,Card,Standard,2025-12-11,2025-12-11,15,HOLIDAY,
O004988,2024-12-03,2024-12-09,C0090,R03,Completed,Bank Transfer,Standard,2024-12-09,2024-12-09,10,HOLIDAY,
O004989,2024-04-15,2024-04-21,C0161,R08,Returned,Bank Transfer,Standard,2024-04-21,2024-04-21,15,BACK2WORK,
O004990,2025-11-18,2025-11-24,C0652,R06,Completed,Card,Standard,2025-11-24,2025-11-24,8.5,HOLIDAY,
O004991,2024-09-30,2024-10-06,C0417,R07,Completed,Bank Transfer,Standard,2024-10-06,2024-10-06,10,NONE,
O004992,2024-10-18,2024-10-23,C0373,R05,Completed,Digital Wallet,Standard,2024-10-24,2024-10-23,10,NONE,
O004993,2024-10-03,2024-10-09,C0572,R05,Completed,Digital Wallet,Standard,2024-10-09,2024-10-09,15,NONE,
O004994,2024-07-14,2024-07-16,C0526,R02,Completed,Digital Wallet,Express,2024-07-17,2024-07-16,15.5,BACK2WORK,
O004995,2025-08-29,2025-09-05,C0519,R03,Completed,Bank Transfer,Standard,2025-09-04,2025-09-05,11.5,NONE,
O004996,2024-08-03,2024-08-09,C0477,R03,Completed,Card,Standard,2024-08-09,2024-08-09,20,NONE,
O004997,2025-11-17,2025-11-23,C0049,R04,Completed,Digital Wallet,Standard,2025-11-23,2025-11-23,15,HOLIDAY,
O004998,2025-01-10,2025-01-15,C0603,R08,Completed,Buy Now Pay Later,Standard,2025-01-16,2025-01-15,8.5,NONE,
O004999,2025-07-06,2025-07-12,C0395,R04,Completed,Digital Wallet,Standard,2025-07-12,2025-07-12,8.5,NONE,
O005000,2025-06-26,2025-07-01,C0683,R06,Completed,Card,Standard,2025-07-02,2025-07-01,8.5,NONE,
O005001,2024-10-22,2024-10-28,C0010,R03,Completed,Card,Standard,2024-10-28,2024-10-28,8.5,NONE,
O005002,2025-07-16,,C0180,R04,Cancelled,Buy Now Pay Later,Standard,,,20,NONE,Customer changed mind
O005003,2025-03-25,2025-03-31,C0344,R07,Completed,Buy Now Pay Later,Standard,2025-03-31,2025-03-31,8.5,NONE,
O005004,2024-04-12,2024-04-21,C0094,R01,Completed,Buy Now Pay Later,Standard,2024-04-18,2024-04-21,13.5,NONE,
O005005,2025-08-28,2025-09-03,C0088,R01,Returned,Card,Standard,2025-09-03,2025-09-03,8.5,NONE,
O005006,2025-11-10,2025-11-16,C0102,R04,Completed,Card,Standard,2025-11-16,2025-11-16,10,HOLIDAY,
O005007,2024-12-08,2024-12-17,C0542,R01,Completed,Card,Standard,2024-12-14,2024-12-17,16.5,HOLIDAY,
O005008,2025-11-14,2025-11-20,C0606,R04,Completed,Card,Standard,2025-11-20,2025-11-20,8.5,HOLIDAY,
O005009,2024-08-11,2024-08-14,C0044,R06,Completed,Card,Express,2024-08-14,2024-08-14,15.5,NONE,
O005010,2025-08-25,2025-08-28,C0050,R06,Completed,Digital Wallet,Express,2025-08-28,2025-08-28,15.5,NONE,
O005011,2025-03-22,2025-03-27,C0425,R07,Completed,Digital Wallet,Standard,2025-03-28,2025-03-27,10,NONE,
O005012,2024-05-30,2024-06-02,C0366,R07,Completed,Card,Express,2024-06-02,2024-06-02,19,NONE,
O005013,2025-02-24,2025-03-02,C0585,R01,Completed,Digital Wallet,Standard,2025-03-02,2025-03-02,8.5,NONE,
O005014,2025-07-25,2025-07-30,C0094,R01,Completed,Card,Standard,2025-07-31,2025-07-30,8.5,SPRING,
O005015,2025-10-01,2025-10-06,C0330,R03,Completed,Digital Wallet,Standard,2025-10-07,2025-10-06,11.5,NONE,
O005016,2024-03-16,2024-03-24,C0078,R03,Completed,Buy Now Pay Later,Standard,2024-03-22,2024-03-24,10,NONE,
O005017,2025-08-18,2025-08-24,C0086,R02,Completed,Card,Standard,2025-08-24,2025-08-24,15,NONE,
O005018,2025-03-05,2025-03-10,C0320,R03,Completed,Buy Now Pay Later,Standard,2025-03-11,2025-03-10,13.5,NONE,
O005019,2025-12-01,2025-12-03,C0052,R04,Completed,Card,Express,2025-12-04,2025-12-03,20.5,HOLIDAY,
O005020,2025-06-17,2025-06-22,C0305,R08,Completed,Card,Standard,2025-06-23,2025-06-22,10,BACK2WORK,
O005021,2025-01-09,2025-01-15,C0118,R03,Completed,Card,Standard,2025-01-15,2025-01-15,10,NONE,
O005022,2025-09-21,2025-09-28,C0450,R04,Completed,Digital Wallet,Standard,2025-09-27,2025-09-28,10,NONE,
O005023,2025-03-03,2025-03-09,C0189,R04,Completed,Digital Wallet,Standard,2025-03-09,2025-03-09,8.5,NONE,
O005024,2024-07-02,2024-07-08,C0552,R08,Completed,Digital Wallet,Standard,2024-07-08,2024-07-08,15,NONE,
O005025,2025-03-22,2025-03-27,C0339,R05,Completed,Card,Standard,2025-03-28,2025-03-27,15,NONE,
O005026,2024-08-12,2024-08-18,C0391,R01,Completed,Card,Standard,2024-08-18,2024-08-18,10,NONE,
O005027,2024-04-28,2024-04-30,C0551,R01,Completed,Digital Wallet,Express,2024-05-01,2024-04-30,17,NONE,
O005028,2025-08-21,2025-08-23,C0417,R07,Completed,Card,Express,2025-08-24,2025-08-23,19,NONE,
O005029,2024-04-26,2024-05-01,C0102,R04,Completed,Card,Standard,2024-05-02,2024-05-01,13,BACK2WORK,
O005030,2025-08-22,2025-08-28,C0391,R01,Completed,Card,Standard,2025-08-28,2025-08-28,8.5,NONE,
O005031,2024-03-10,2024-03-16,C0450,R04,Completed,Digital Wallet,Standard,2024-03-16,2024-03-16,10,NONE,
O005032,2024-01-20,2024-01-29,C0519,R03,Completed,Card,Standard,2024-01-26,2024-01-29,10,SUMMER,
O005033,2025-12-30,2026-01-05,C0201,R02,Completed,Card,Standard,2026-01-05,2026-01-05,8.5,HOLIDAY,
O005034,2025-10-04,2025-10-10,C0597,R01,Completed,Card,Standard,2025-10-10,2025-10-10,12,NONE,
O005035,2024-02-26,2024-03-03,C0375,R04,Completed,Buy Now Pay Later,Standard,2024-03-03,2024-03-03,13.5,NONE,
O005036,2024-04-16,2024-04-22,C0581,R06,Completed,Buy Now Pay Later,Express,2024-04-19,2024-04-22,20.5,SUMMER,
O005037,2025-02-03,2025-02-08,C0330,R03,Completed,Digital Wallet,Standard,2025-02-09,2025-02-08,12,BACK2WORK,
O005038,2024-12-10,2024-12-15,C0406,R04,Completed,Card,Standard,2024-12-16,2024-12-15,16.5,HOLIDAY,
O005039,2024-06-21,2024-06-27,C0563,R02,Completed,Digital Wallet,Standard,2024-06-27,2024-06-27,8.5,NONE,
O005040,2024-12-19,2024-12-24,C0628,R04,Returned,Digital Wallet,Standard,2024-12-25,2024-12-24,13.5,HOLIDAY,
O005041,2024-05-05,2024-05-11,C0563,R02,Completed,Digital Wallet,Standard,2024-05-11,2024-05-11,11.5,NONE,
O005042,2024-08-13,2024-08-19,C0043,R01,Completed,Card,Standard,2024-08-19,2024-08-19,13.5,NONE,
O005043,2024-05-21,2024-05-26,C0591,R02,Completed,Card,Standard,2024-05-27,2024-05-26,10,SUMMER,
O005044,2025-12-23,2025-12-29,C0348,R05,Completed,Card,Standard,2025-12-29,2025-12-29,8.5,HOLIDAY,
O005045,2024-09-13,2024-09-16,C0143,R04,Returned,Digital Wallet,Express,2024-09-16,2024-09-16,15.5,NONE,
O005046,2025-04-26,2025-05-02,C0534,R01,Completed,Card,Standard,2025-05-02,2025-05-02,10,NONE,
O005047,2024-04-20,2024-04-25,C0522,R08,Completed,Card,Standard,2024-04-26,2024-04-25,8.5,NONE,
O005048,2025-03-20,2025-03-26,C0016,R05,Completed,Card,Standard,2025-03-26,2025-03-26,8.5,NONE,
O005049,2024-11-20,2024-11-25,C0683,R06,Returned,Bank Transfer,Standard,2024-11-26,2024-11-25,10,HOLIDAY,
O005050,2024-01-15,2024-01-20,C0052,R04,Completed,Buy Now Pay Later,Standard,2024-01-21,2024-01-20,10,NONE,
O005051,2024-11-11,2024-11-17,C0161,R08,Completed,Buy Now Pay Later,Standard,2024-11-17,2024-11-17,8.5,HOLIDAY,
O005052,2024-08-15,2024-08-20,C0551,R01,Completed,Card,Standard,2024-08-21,2024-08-20,8.5,NONE,
O005053,2025-05-14,2025-05-20,C0448,R05,Completed,Card,Standard,2025-05-20,2025-05-20,17,NONE,
O005054,2024-05-28,,C0027,R07,Cancelled,Bank Transfer,Standard,,,8.5,NONE,Payment failure
O005055,2025-02-15,2025-02-20,C0330,R03,Completed,Digital Wallet,Standard,2025-02-21,2025-02-20,10,NONE,
O005056,2025-06-19,2025-06-25,C0517,R06,Completed,Bank Transfer,Standard,2025-06-25,2025-06-25,10,NONE,
O005057,2025-04-11,2025-04-17,C0525,R02,Completed,Digital Wallet,Standard,2025-04-17,2025-04-17,8.5,NONE,
O005058,2025-01-26,2025-02-01,C0598,R06,Completed,Digital Wallet,Standard,2025-02-01,2025-02-01,8.5,NONE,
O005059,2024-06-23,2024-06-28,C0390,R04,Completed,Digital Wallet,Standard,2024-06-29,2024-06-28,13.5,NONE,
O005060,2025-05-03,2025-05-05,C0169,R04,Completed,Digital Wallet,Express,2025-05-06,2025-05-05,15.5,NONE,
O005061,2025-02-20,2025-02-25,C0074,R05,Completed,Card,Standard,2025-02-26,2025-02-25,13,SUMMER,
O005062,2025-08-17,2025-08-19,C0070,R03,Completed,Card,Express,2025-08-20,2025-08-19,15.5,NONE,
O005063,2025-07-22,2025-07-28,C0226,R02,Completed,Bank Transfer,Standard,2025-07-28,2025-07-28,12,NONE,
O005064,2025-11-15,2025-11-21,C0571,R06,Completed,Digital Wallet,Standard,2025-11-21,2025-11-21,13,HOLIDAY,
O005065,2024-05-30,2024-06-03,C0707,R06,Completed,Bank Transfer,Express,2024-06-02,2024-06-03,17,NONE,
O005066,2024-05-10,2024-05-15,C0125,R07,Completed,Digital Wallet,Standard,2024-05-16,2024-05-15,13.5,NONE,
O005067,2025-03-17,2025-03-23,C0051,R03,Completed,Bank Transfer,Standard,2025-03-23,2025-03-23,8.5,NONE,
O005068,2024-10-27,2024-11-01,C0507,R04,Completed,Digital Wallet,Standard,2024-11-02,2024-11-01,8.5,NONE,
O005069,2025-03-11,2025-03-14,C0651,R01,Completed,Card,Express,2025-03-14,2025-03-14,15.5,NONE,
O005070,2024-05-07,2024-05-16,C0461,R07,Completed,Buy Now Pay Later,Standard,2024-05-13,2024-05-16,11.5,NONE,
O005071,2024-06-22,2024-06-27,C0201,R02,Completed,Digital Wallet,Standard,2024-06-28,2024-06-27,8.5,NONE,
O005072,2024-12-07,,C0248,R07,Cancelled,Digital Wallet,Standard,,,13,HOLIDAY,Inventory unavailable
O005073,2025-02-21,2025-02-23,C0638,R03,Completed,Digital Wallet,Express,2025-02-24,2025-02-23,15.5,SPRING,
O005074,2024-02-04,2024-02-10,C0332,R06,Completed,Buy Now Pay Later,Standard,2024-02-10,2024-02-10,11.5,NONE,
O005075,2025-10-02,2025-10-05,C0508,R04,Completed,Bank Transfer,Express,2025-10-05,2025-10-05,15.5,NONE,
O005076,2025-01-30,2025-02-05,C0719,R04,Completed,Card,Standard,2025-02-05,2025-02-05,10,NONE,
O005077,2025-11-21,2025-11-27,C0266,R03,Completed,Card,Standard,2025-11-27,2025-11-27,8.5,HOLIDAY,
O005078,2024-09-05,2024-09-11,C0007,R04,Completed,Card,Standard,2024-09-11,2024-09-11,12,NONE,
O005079,2024-10-21,2024-10-26,C0617,R03,Completed,Card,Standard,2024-10-27,2024-10-26,15,NONE,
O005080,2024-04-21,2024-04-27,C0520,R05,Completed,Digital Wallet,Standard,2024-04-27,2024-04-27,8.5,SUMMER,
O005081,2025-05-21,2025-05-26,C0495,R04,Completed,Bank Transfer,Standard,2025-05-27,2025-05-26,8.5,NONE,
O005082,2024-01-11,2024-01-17,C0226,R02,Completed,Card,Standard,2024-01-17,2024-01-17,10,NONE,
O005083,2024-03-24,2024-03-30,C0455,R06,Completed,Buy Now Pay Later,Express,2024-03-27,2024-03-30,20.5,NONE,
O005084,2025-02-19,2025-02-24,C0041,R04,Completed,Digital Wallet,Standard,2025-02-25,2025-02-24,8.5,NONE,
O005085,2024-11-26,,C0534,R01,Cancelled,Digital Wallet,Standard,,,8.5,HOLIDAY,Inventory unavailable
O005086,2024-09-12,2024-09-18,C0256,R05,Completed,Card,Standard,2024-09-18,2024-09-18,10,NONE,
O005087,2025-05-31,,C0556,R07,Cancelled,Digital Wallet,Express,,,20.5,BACK2WORK,Payment failure
O005088,2024-11-08,2024-11-13,C0498,R04,Completed,Card,Standard,2024-11-14,2024-11-13,10,HOLIDAY,
O005089,2025-01-15,2025-01-20,C0618,R04,Completed,Digital Wallet,Standard,2025-01-21,2025-01-20,8.5,NONE,
O005090,2025-07-30,2025-08-04,C0155,R06,Completed,Card,Standard,2025-08-05,2025-08-04,8.5,NONE,
O005091,2025-11-16,2025-11-22,C0547,R08,Returned,Card,Standard,2025-11-22,2025-11-22,8.5,HOLIDAY,
O005092,2025-08-18,2025-08-23,C0611,R01,Completed,Bank Transfer,Standard,2025-08-24,2025-08-23,11.5,NONE,
O005093,2025-10-12,2025-10-22,C0441,R06,Completed,Bank Transfer,Standard,2025-10-18,2025-10-22,13.5,BACK2WORK,
O005094,2025-07-23,2025-07-29,C0221,R06,Completed,Digital Wallet,Standard,2025-07-29,2025-07-29,8.5,NONE,
O005095,2025-09-18,2025-09-21,C0610,R02,Completed,Digital Wallet,Express,2025-09-21,2025-09-21,15.5,NONE,
O005096,2025-05-30,2025-06-01,C0557,R05,Completed,Bank Transfer,Express,2025-06-02,2025-06-01,27,NONE,
O005097,2025-05-31,2025-06-10,C0416,R05,Completed,Digital Wallet,Standard,2025-06-06,2025-06-10,10,NONE,
O005098,2025-08-25,2025-08-30,C0637,R04,Returned,Card,Standard,2025-08-31,2025-08-30,10,NONE,
O005099,2025-12-07,2025-12-12,C0078,R03,Returned,Card,Standard,2025-12-13,2025-12-12,8.5,HOLIDAY,
O005100,2025-05-16,2025-05-21,C0644,R08,Completed,Bank Transfer,Standard,2025-05-22,2025-05-21,8.5,NONE,
O005101,2025-11-04,2025-11-10,C0625,R02,Completed,Buy Now Pay Later,Standard,2025-11-10,2025-11-10,8.5,HOLIDAY,
O005102,2024-06-26,2024-07-01,C0546,R06,Completed,Card,Standard,2024-07-02,2024-07-01,13.5,NONE,
O005103,2024-05-21,2024-05-27,C0333,R05,Completed,Card,Standard,2024-05-27,2024-05-27,13.5,NONE,
O005104,2024-07-11,2024-07-19,C0024,R07,Returned,Bank Transfer,Standard,2024-07-17,2024-07-19,12,SUMMER,
O005105,2025-05-01,2025-05-07,C0323,R08,Completed,Card,Standard,2025-05-07,2025-05-07,8.5,NONE,
O005106,2024-06-14,2024-06-16,C0546,R06,Completed,Digital Wallet,Express,2024-06-17,2024-06-16,15.5,NONE,
O005107,2024-01-23,2024-01-29,C0446,R01,Completed,Card,Standard,2024-01-29,2024-01-29,15,BACK2WORK,
O005108,2024-09-25,2024-09-30,C0713,R07,Completed,Buy Now Pay Later,Standard,2024-10-01,2024-09-30,8.5,NONE,
O005109,2025-08-03,2025-08-13,C0637,R04,Completed,Card,Standard,2025-08-09,2025-08-13,12,SUMMER,
O005110,2025-04-01,2025-04-07,C0028,R08,Completed,Bank Transfer,Standard,2025-04-07,2025-04-07,11.5,NONE,
O005111,2024-04-22,2024-04-28,C0107,R08,Completed,Card,Standard,2024-04-28,2024-04-28,8.5,NONE,
O005112,2024-03-06,2024-03-12,C0295,R03,Completed,Bank Transfer,Standard,2024-03-12,2024-03-12,10,NONE,
O005113,2024-02-27,2024-03-03,C0043,R01,Completed,Card,Standard,2024-03-04,2024-03-03,8.5,NONE,
O005114,2025-05-04,2025-05-10,C0473,R05,Completed,Buy Now Pay Later,Standard,2025-05-10,2025-05-10,8.5,NONE,
O005115,2025-10-13,2025-10-19,C0509,R03,Completed,Card,Express,2025-10-16,2025-10-19,15.5,NONE,
O005116,2025-08-04,2025-08-10,C0242,R08,Completed,Bank Transfer,Standard,2025-08-10,2025-08-10,11.5,SPRING,
O005117,2024-07-21,2024-07-27,C0381,R02,Completed,Digital Wallet,Standard,2024-07-27,2024-07-27,10,SUMMER,
O005118,2024-04-14,2024-04-20,C0498,R04,Completed,Card,Standard,2024-04-20,2024-04-20,13.5,NONE,
O005119,2025-09-20,2025-09-26,C0689,R03,Completed,Digital Wallet,Standard,2025-09-26,2025-09-26,8.5,NONE,
O005120,2024-06-08,2024-06-14,C0581,R06,Returned,Card,Standard,2024-06-14,2024-06-14,13.5,NONE,
O005121,2025-04-15,2025-04-20,C0614,R04,Completed,Digital Wallet,Standard,2025-04-21,2025-04-20,8.5,NONE,
O005122,2024-12-20,2024-12-26,C0166,R04,Completed,Card,Standard,2024-12-26,2024-12-26,10,HOLIDAY,
O005123,2025-07-21,2025-07-27,C0158,R04,Completed,Card,Standard,2025-07-27,2025-07-27,8.5,NONE,
O005124,2025-10-02,2025-10-07,C0161,R08,Completed,Digital Wallet,Standard,2025-10-08,2025-10-07,20,NONE,
O005125,2024-11-16,2024-11-19,C0641,R03,Completed,Bank Transfer,Express,2024-11-19,2024-11-19,19,HOLIDAY,
O005126,2024-10-21,2024-10-26,C0553,R04,Completed,Bank Transfer,Standard,2024-10-27,2024-10-26,15,NONE,
O005127,2024-06-26,2024-07-01,C0271,R05,Completed,Buy Now Pay Later,Standard,2024-07-02,2024-07-01,13.5,SPRING,
O005128,2024-10-12,2024-10-17,C0207,R01,Returned,Card,Standard,2024-10-18,2024-10-17,8.5,NONE,
O005129,2024-05-02,2024-05-04,C0012,R06,Completed,Bank Transfer,Express,2024-05-05,2024-05-04,17,NONE,
O005130,2024-05-16,2024-05-25,C0318,R02,Completed,Digital Wallet,Standard,2024-05-22,2024-05-25,12,NONE,
O005131,2024-03-22,2024-03-25,C0312,R08,Completed,Card,Express,2024-03-25,2024-03-25,15.5,NONE,
O005132,2024-03-06,2024-03-12,C0021,R05,Completed,Digital Wallet,Standard,2024-03-12,2024-03-12,10,NONE,
O005133,2024-02-16,2024-02-21,C0539,R01,Completed,Digital Wallet,Standard,2024-02-22,2024-02-21,10,NONE,
O005134,2025-08-10,2025-08-13,C0712,R01,Completed,Card,Express,2025-08-13,2025-08-13,15.5,NONE,
O005135,2024-02-05,2024-02-11,C0254,R02,Completed,Digital Wallet,Standard,2024-02-11,2024-02-11,10,NONE,
O005136,2024-03-23,2024-03-29,C0090,R03,Completed,Card,Standard,2024-03-29,2024-03-29,15,NONE,
O005137,2024-06-30,2024-07-06,C0348,R05,Completed,Card,Standard,2024-07-06,2024-07-06,13.5,NONE,
O005138,2024-07-07,2024-07-09,C0607,R06,Completed,Card,Express,2024-07-10,2024-07-09,15.5,NONE,
O005139,2025-07-10,2025-07-16,C0014,R05,Completed,Bank Transfer,Standard,2025-07-16,2025-07-16,20,NONE,
O005140,2024-04-17,2024-04-22,C0050,R06,Completed,Card,Standard,2024-04-23,2024-04-22,8.5,NONE,
O005141,2024-12-07,2024-12-13,C0559,R07,Completed,Buy Now Pay Later,Standard,2024-12-13,2024-12-13,8.5,HOLIDAY,
O005142,2024-08-07,2024-08-12,C0031,R07,Completed,Card,Standard,2024-08-13,2024-08-12,8.5,NONE,
O005143,2025-01-22,2025-01-27,C0052,R04,Completed,Card,Standard,2025-01-28,2025-01-27,8.5,NONE,
O005144,2024-11-15,,C0161,R08,Cancelled,Card,Standard,,,8.5,HOLIDAY,Customer changed mind
O005145,2025-06-14,2025-06-19,C0373,R05,Completed,Digital Wallet,Standard,2025-06-20,2025-06-19,18.5,NONE,
O005146,2024-01-10,2024-01-16,C0262,R08,Completed,Buy Now Pay Later,Standard,2024-01-16,2024-01-16,8.5,NONE,
O005147,2025-06-27,2025-07-03,C0499,R03,Completed,Bank Transfer,Standard,2025-07-03,2025-07-03,11.5,BACK2WORK,
O005148,2025-03-07,2025-03-12,C0431,R03,Completed,Card,Standard,2025-03-13,2025-03-12,8.5,SPRING,
O005149,2025-07-07,2025-07-13,C0081,R05,Completed,Bank Transfer,Standard,2025-07-13,2025-07-13,8.5,NONE,
O005150,2024-05-27,2024-06-01,C0571,R06,Completed,Bank Transfer,Standard,2024-06-02,2024-06-01,8.5,SPRING,
O005151,2025-07-12,2025-07-18,C0044,R06,Completed,Bank Transfer,Standard,2025-07-18,2025-07-18,8.5,NONE,
O005152,2024-03-04,2024-03-10,C0580,R04,Completed,Buy Now Pay Later,Standard,2024-03-10,2024-03-10,12,NONE,
O005153,2025-10-22,2025-10-28,C0254,R02,Completed,Card,Standard,2025-10-28,2025-10-28,11.5,NONE,
O005154,2025-10-30,2025-11-04,C0414,R04,Completed,Digital Wallet,Standard,2025-11-05,2025-11-04,10,NONE,
O005155,2025-05-20,2025-05-25,C0540,R04,Completed,Bank Transfer,Standard,2025-05-26,2025-05-25,11.5,NONE,
O005156,2024-10-22,2024-10-28,C0473,R05,Completed,Digital Wallet,Standard,2024-10-28,2024-10-28,10,NONE,
O005157,2024-09-14,2024-09-19,C0557,R05,Completed,Card,Standard,2024-09-20,2024-09-19,12,SPRING,
O005158,2024-08-30,,C0194,R08,Cancelled,Card,Standard,,,15,NONE,Customer changed mind
O005159,2024-07-13,2024-07-20,C0497,R02,Completed,Buy Now Pay Later,Standard,2024-07-19,2024-07-20,13.5,NONE,
O005160,2025-10-05,2025-10-14,C0616,R02,Completed,Bank Transfer,Standard,2025-10-11,2025-10-14,15,NONE,
O005161,2024-02-08,2024-02-14,C0536,R03,Completed,Card,Standard,2024-02-14,2024-02-14,13.5,NONE,
O005162,2025-07-15,2025-07-25,C0318,R02,Completed,Digital Wallet,Standard,2025-07-21,2025-07-25,13.5,NONE,
O005163,2025-01-06,2025-01-12,C0358,R05,Completed,Card,Standard,2025-01-12,2025-01-12,8.5,NONE,
O005164,2024-08-11,2024-08-17,C0388,R03,Completed,Digital Wallet,Standard,2024-08-17,2024-08-17,10,NONE,
O005165,2024-12-22,2025-01-01,C0414,R04,Completed,Card,Standard,2024-12-28,2025-01-01,15,HOLIDAY,
O005166,2025-02-15,2025-02-20,C0102,R04,Completed,Card,Standard,2025-02-21,2025-02-20,13.5,NONE,
O005167,2025-03-08,2025-03-18,C0539,R01,Returned,Bank Transfer,Standard,2025-03-14,2025-03-18,13.5,BACK2WORK,
O005168,2025-06-19,2025-06-24,C0091,R04,Completed,Bank Transfer,Standard,2025-06-25,2025-06-24,8.5,NONE,
O005169,2025-01-25,2025-02-01,C0390,R04,Completed,Bank Transfer,Standard,2025-01-31,2025-02-01,12,NONE,
O005170,2024-07-03,2024-07-07,C0295,R03,Completed,Card,Express,2024-07-06,2024-07-07,17,NONE,
O005171,2024-12-15,2024-12-21,C0622,R05,Completed,Card,Standard,2024-12-21,2024-12-21,8.5,HOLIDAY,
O005172,2025-10-09,2025-10-18,C0029,R08,Completed,Buy Now Pay Later,Standard,2025-10-15,2025-10-18,10,NONE,
O005173,2025-02-03,2025-02-09,C0339,R05,Returned,Digital Wallet,Standard,2025-02-09,2025-02-09,8.5,NONE,
O005174,2025-10-03,2025-10-08,C0611,R01,Completed,Buy Now Pay Later,Standard,2025-10-09,2025-10-08,8.5,BACK2WORK,
O005175,2025-05-12,2025-05-20,C0542,R01,Completed,Bank Transfer,Standard,2025-05-18,2025-05-20,10,NONE,
O005176,2025-03-14,2025-03-19,C0546,R06,Completed,Card,Standard,2025-03-20,2025-03-19,8.5,NONE,
O005177,2024-03-21,2024-03-24,C0564,R03,Returned,Digital Wallet,Express,2024-03-24,2024-03-24,17,NONE,
O005178,2024-12-11,2024-12-14,C0012,R06,Completed,Card,Express,2024-12-14,2024-12-14,19,HOLIDAY,
O005179,2024-11-18,2024-11-23,C0571,R06,Completed,Card,Standard,2024-11-24,2024-11-23,10,HOLIDAY,
O005180,2024-03-29,2024-04-03,C0425,R07,Completed,Card,Standard,2024-04-04,2024-04-03,10,NONE,
O005181,2025-05-14,2025-05-20,C0667,R05,Completed,Card,Standard,2025-05-20,2025-05-20,15,NONE,
O005182,2025-01-26,2025-02-01,C0394,R07,Completed,Digital Wallet,Standard,2025-02-01,2025-02-01,10,NONE,
O005183,2024-08-17,2024-08-19,C0658,R08,Completed,Digital Wallet,Express,2024-08-20,2024-08-19,15.5,NONE,
O005184,2024-03-15,2024-03-20,C0357,R02,Completed,Bank Transfer,Standard,2024-03-21,2024-03-20,8.5,NONE,
O005185,2025-11-19,2025-11-28,C0649,R04,Completed,Digital Wallet,Standard,2025-11-25,2025-11-28,13.5,HOLIDAY,
O005186,2024-12-11,2024-12-20,C0701,R03,Completed,Card,Standard,2024-12-17,2024-12-20,17,HOLIDAY,
O005187,2024-02-07,2024-02-10,C0261,R08,Completed,Card,Express,2024-02-10,2024-02-10,18.5,SPRING,
O005188,2025-07-03,2025-07-06,C0719,R04,Completed,Card,Express,2025-07-06,2025-07-06,19,NONE,
O005189,2024-11-24,2024-11-29,C0370,R05,Completed,Card,Standard,2024-11-30,2024-11-29,8.5,HOLIDAY,
O005190,2025-06-11,2025-06-16,C0464,R06,Completed,Card,Standard,2025-06-17,2025-06-16,10,NONE,
O005191,2025-06-21,2025-06-26,C0052,R04,Completed,Digital Wallet,Standard,2025-06-27,2025-06-26,8.5,NONE,
O005192,2024-10-11,2024-10-17,C0404,R06,Completed,Digital Wallet,Standard,2024-10-17,2024-10-17,10,NONE,
O005193,2025-12-02,2025-12-07,C0556,R07,Completed,Card,Standard,2025-12-08,2025-12-07,8.5,HOLIDAY,
O005194,2024-12-31,2025-01-06,C0580,R04,Completed,Bank Transfer,Standard,2025-01-06,2025-01-06,13.5,HOLIDAY,
O005195,2025-03-26,2025-04-01,C0326,R07,Completed,Bank Transfer,Standard,2025-04-01,2025-04-01,15,SPRING,
O005196,2025-08-01,2025-08-11,C0148,R03,Completed,Bank Transfer,Standard,2025-08-07,2025-08-11,15,NONE,
O005197,2024-06-04,2024-06-10,C0323,R08,Completed,Card,Standard,2024-06-10,2024-06-10,13.5,NONE,
O005198,2025-03-25,2025-03-31,C0184,R03,Completed,Card,Standard,2025-03-31,2025-03-31,11.5,NONE,
O005199,2024-09-22,2024-10-01,C0253,R03,Completed,Bank Transfer,Standard,2024-09-28,2024-10-01,12,NONE,
O005200,2025-10-01,2025-10-07,C0657,R01,Completed,Card,Standard,2025-10-07,2025-10-07,8.5,SPRING,
